user_id,group_name,industry,template_activity
2fc14f889d52a89,control,Преподавание и обучение,5.0771
c118a6226618b3f,control,,4.2615
3ef46bf37f0e3be,test,Другое,5.3991
d7ab835a0f1329a,control,,4.2821
29f7e4f0ce4bc97,control,,4.4862
87d921507ea61aa,control,,5.8517
d2475844d7362e9,control,,3.5126
33f794f7df3343a,control,Разработка и инженерия,3.8848
4002b12fc130f32,test,,4.0121
efb8486148636d1,control,,6.5981
f17d2e0a601dd4c,test,,5.0464
526dbcf14c935c3,control,Аналитика и исследования,3.8772
96902de50406ee9,test,,6.7893
8aeb87d333e724e,control,Преподавание и обучение,5.4046
9d1f4f6d26c9a5d,control,Преподавание и обучение,4.8223
1f9f59f3f978c49,control,Преподавание и обучение,5.7532
dea974b0f40e53d,control,,4.3937
1a01df539b7eab5,control,Преподавание и обучение,5.9332
a5c25d7dd0cbe50,control,,5.0096
57829e40ee57d6b,control,,6.6933
7706d3fd988060e,test,Преподавание и обучение,6.0049
2c56d0905c5d3b5,test,,6.5681
1b15cd10a4077e0,control,Преподавание и обучение,6.7449
f52ba2e6247c3ad,control,,4.1953
2688fcf2c9b04c5,control,Преподавание и обучение,4.3617
60f105555e02a3d,test,,3.3325
351ed44cad0f386,control,Преподавание и обучение,4.1063
b99a4c6afcb0f4f,control,,6.0991
d96df2a26c19cae,control,,4.2968
ed8aee49af4c2c3,test,,3.7561
46a538b705463d5,test,Другое,4.694
cc41eda3ed9c009,test,,5.8435
dac3ab04ccfbc73,test,Преподавание и обучение,5.992
f8c9e13a93d0dbc,test,,5.6536
1e66a4ca38284ff,control,,2.9141
614f7578d624d75,control,Маркетинг и реклама,4.7677
2513f890aed517c,test,,6.9884
3343e36096df030,control,,4.2515
c731f1bb5d06bc4,control,,6.706
1080a796e85284c,control,Дизайн,2.5306
0ed403eb8855e9f,control,Преподавание и обучение,2.7084
a8d18d290087218,test,,5.5384
4ef40cf3da9f3c3,control,,7.2723
c335a05b7cd1265,control,,5.109
5decd1afe8d10fe,control,,5.4494
af660eb6a1e0d8a,control,,6.1861
dca51922fdd8bb8,control,Преподавание и обучение,6.6671
8a7dca8ce985210,control,,4.7116
f096414d5619675,test,,5.6564
d5dbdec655630e0,test,Управление продуктом,5.6622
d00a1d47f05162a,test,,6.6192
26f5053918e1c80,test,,5.9507
a4e1138ccca045f,control,,5.4485
c2a431884f841dc,test,Преподавание и обучение,7.1703
8c34e73667fcd31,control,,5.1203
7bf1e8157d6f844,test,,4.3643
4e349296e1ccc1d,control,Аналитика и исследования,4.7064
20445f5f6dbffb0,test,,2.6477
3634fc3627a7422,test,,4.9518
e6c897b9f96b154,test,Преподавание и обучение,5.78
d12fc92c3162012,control,,2.4371
266841f01834df0,control,,5.0688
49f09baf8f1a380,test,Преподавание и обучение,3.8206
65ba83891785ada,control,Управление продуктом,4.6356
0d0ee5d2120cda1,test,,6.0499
ad2f8a699b74edb,test,Преподавание и обучение,6.5042
4ef09bdb2bbe63d,test,Преподавание и обучение,4.8707
3e3b4b2afd0085f,control,Управление командой,4.34
248b5f106346442,test,,6.3201
494a4ae42e7ce97,test,,5.2696
2ec90bdb804615a,control,,3.793
60187d8238c4f83,control,Преподавание и обучение,4.5627
4ddf31499c5b88b,test,,5.7974
3468e9513480c12,control,Другое,4.6904
62c864d45f7af75,test,,5.1472
8eff1fa759440e3,test,Редактура и копирайтинг,3.6126
49a87b3d9528759,control,,8.9754
41f03ab7aeeae2d,control,,4.349
50e53164fb5909b,test,,5.3276
240d7c83c5944e4,test,Преподавание и обучение,4.8613
063a0732b1c47dc,control,,4.8571
bdb7907295c5539,test,,6.2799
b0a7ffa6e8d9697,control,Преподавание и обучение,5.1058
74f1f9fe22dd82e,test,Разработка и инженерия,5.559
ad1f5d4c15fbba4,test,,4.424
0492a2eda6ce83d,test,,7.3761
d37385eb3f60d17,test,Аналитика и исследования,5.0724
a1156783b1d3dae,test,,5.8458
4354a8aef3e1dd9,control,,5.5727
cde5748b49c5281,test,Преподавание и обучение,5.063
933d4ec61d3fcfc,control,,2.5781
da4702b32102f8e,test,,6.0542
ccea97531082995,test,,4.9038
733efe20ebd0abf,test,Преподавание и обучение,5.0139
6307a64fbd34208,control,Управление продуктом,4.4181
db1249932d07b41,control,,6.0341
9208e70ba2f5647,test,,7.7638
287a6ddd9fc711e,test,,4.8337
bf2ab277324d79b,test,,5.8022
7afec4e8993e309,test,Преподавание и обучение,7.1648
90e5f4b4d3dca8a,control,Другое,4.022
ba3574f699c39a0,test,,6.6799
d0d37809911b07b,test,,4.815
94699a7bfe5cb40,test,,6.5397
febed56502bdc55,test,,4.9264
c8bdb6f98b4795f,control,,5.6439
296d59d7b8d715f,control,Управление продуктом,5.2003
3f5e1e7fe25afa5,control,,6.0097
e5db4422284ac53,control,,4.3448
d9e4b1b2cbc7d8a,test,,3.8891
41f1c58ee421357,test,Преподавание и обучение,6.0937
63e8f7b183b5b95,test,Преподавание и обучение,4.4231
ac6b055f118c0a6,control,,4.7141
482f00c9166333b,control,,4.731
5f5401f6922f2b6,control,,6.2476
edc0565e910b033,test,,5.2046
4bf8633118a73c7,control,Преподавание и обучение,6.0892
88c828411d02006,control,,5.1756
bb163b18c93ddc6,control,Другое,6.154
d0b8eed1332a2e2,control,,4.4767
b72268ad75bf5f5,control,,4.5641
94ffc92b8e9b034,control,,5.637
1c0f236957a0643,test,,5.0831
7e215b3694892ad,control,,4.6609
42c75654d84e942,control,,7.1012
b2857a55cf6e5e9,control,Преподавание и обучение,5.8267
a07b53455ee63b1,test,,4.4914
5090d77abb5546d,test,,6.319
96d6837eaf44864,control,,5.0366
8c2bf95f433bb07,control,,6.4094
fb62c5f7740b092,control,,5.6642
a43a42b6d6c6e1d,test,Дизайн,6.3555
b2fe297639f3b33,test,Преподавание и обучение,3.765
60413d178d1a146,control,,4.3807
a3a2f650d3090d5,test,,5.8096
3efa2e590f93df6,control,Преподавание и обучение,4.533
144645ad32d16f4,test,,5.2682
f91530bd548a1b4,control,,4.8967
91b79326cdb3fd4,test,Преподавание и обучение,6.2521
1b510bc68857b13,test,Преподавание и обучение,6.4092
2d64f041fa77825,control,Преподавание и обучение,3.3412
60c788ff65977da,test,Дизайн,4.8685
c796857d8e85141,control,,6.6853
a8c0bea2296dde7,test,Преподавание и обучение,5.0002
6f4e6ce17ad5f54,control,Преподавание и обучение,5.5811
61fd3e38441d889,control,Преподавание и обучение,4.249
1690e3dd184c708,control,,4.6354
0c890bbf9d8bd2b,test,Другое,6.9681
3fcc96cc55b3b1c,control,,5.0683
9d71fc87a51e8d6,test,Преподавание и обучение,4.9405
9d04e82c73f1daf,control,,5.3415
990c46e7d7e88ab,control,Преподавание и обучение,4.6646
eb82b25f4d81b15,test,,5.6188
3de69a7d8342db0,test,,5.0211
c7d5826acd2b6e5,control,,7.0322
d9ea3fad982d876,test,,5.0817
664298f29ebe471,test,,6.3696
fa83f06160d006e,control,Преподавание и обучение,6.4518
53f9ecc63e8398f,control,,4.6552
bd4f1e20fc73e9d,control,,5.9186
09b344b00781f93,control,Преподавание и обучение,4.901
da4c4829e26f968,control,,3.7431
3d9e089350f3f16,control,Преподавание и обучение,5.5275
e490a2175891b28,test,Другое,5.329
e8d855929fc10b9,test,,3.9018
039649ad8d64f16,control,Разработка и инженерия,3.5738
448423c8cb42d2b,control,,6.5583
ad0861e10fd5f3f,test,,4.8845
166a2e371b58075,test,,2.8351
b7628272494aa50,test,,4.806
15044ad493be273,control,,3.1952
10110ebc083244b,test,,6.8296
48304783a9913e5,test,,6.0845
43932b4760c976b,control,,5.7666
bdd0b530d8639ff,test,Управление продуктом,4.7805
b97b7651a08c648,control,,4.2381
3c12ebd60030ae4,control,,6.1131
70d44fc007d2391,test,,5.8648
04b47805b02116e,test,,5.302
034ece3000fc232,control,,7.4582
042d51c0e58548c,control,,5.0476
526f7a2194b5dbb,test,,5.098
9f7a281776537d5,test,Разработка и инженерия,3.6231
0b48f65caa5bb9e,control,,3.9706
5be5ae430177779,test,Другое,4.757
1d793d5e247571a,control,Разработка и инженерия,2.4735
29468b013baae0d,test,Преподавание и обучение,5.2372
8448642d65424d4,control,Преподавание и обучение,6.5016
849fb8614c6142f,control,Управление продуктом,4.2178
ecb53c4ebbd286c,test,Преподавание и обучение,5.6483
92876181045e338,control,,6.4389
b894cfad05cabb5,control,,4.0724
9742f1a28113632,control,,6.3533
46b7d256ed7012b,control,,4.1996
57a59ba7920d44d,control,,5.9226
2375d0ba5e9bde4,control,,5.1105
76b591252b59d86,control,,5.432
a000156a2b575af,test,,6.3957
7a424738c92f9c7,control,,4.8933
c8eb2dbbcce6dc0,control,Другое,4.2654
2682a427fd0ceb8,control,,3.0791
59d4ba4e58cc0cd,control,,3.2558
84609778746509b,test,,6.2275
ab2c8142e320c4f,control,Разработка и инженерия,4.6012
a8c334fb7a807ad,test,,4.0011
15c5ac918aa7e29,test,,6.4612
db750d0d79374a2,control,,4.1636
ea211c5394b4518,test,,4.9623
22d8ceff32b3101,control,,7.7954
a67a4f9060a4d45,control,,6.9554
ac6af4d324a1955,control,,4.3994
5d313fc17697a76,test,,5.7934
f8142e317a9e416,test,,4.0313
0bd1539de61f1ba,control,,4.3506
85a42bcb7a435cb,control,Дизайн,5.7482
a1c72ce0079d462,control,Преподавание и обучение,5.4878
604bbafa06b4dab,control,,2.7245
990a18f90d7582c,test,,4.7476
3300ce748242939,control,,3.4315
57d07063ea83b7d,test,,7.7712
86597890700a5dd,control,,4.2601
716bb75828bad69,test,Преподавание и обучение,7.583
81f08441c12ab2a,test,Преподавание и обучение,5.9231
2f7144b0f597e11,control,,4.9235
e878e5a9cc24c2e,test,,4.7947
50f08a54e21e7bf,control,,3.9923
e8a5f3cb56506e5,control,Преподавание и обучение,3.3882
4ba0412ccbb555e,control,Управление командой,5.2556
3b379da02c66346,control,,4.6136
17233cb80cb2810,control,Редактура и копирайтинг,4.905
9dca38c690ff92f,control,,7.063
e3795dd9de8d7d1,test,,3.1484
9e99939662e02c9,control,,3.5835
b4ab0c714a26b14,control,Преподавание и обучение,8.0404
6dc705e360f908e,control,Аналитика и исследования,3.8355
402a776a8951401,test,Разработка и инженерия,2.3052
502b124d891001b,control,,4.951
c282f1f9017f43e,test,,5.119
6a0e5387087ed0e,control,,5.3272
98f72c3aca45c83,control,,4.1683
b6b88153e7a8330,test,,5.331
28159d9557e2980,control,,4.4099
1bd7aaaf4988238,test,,4.4004
14907dff9d9fbf6,test,,4.3294
5bfa7c6db096b4f,control,,5.6001
48c7584397451f9,control,,3.8359
488cbfd0801f34a,control,Другое,4.3403
5297be6aaf6aa96,control,,5.8538
033285a4389c812,test,,5.6709
36d7a1cbee820e7,control,,5.3141
f17272b156a7111,control,,5.7734
ab6183d92fba22b,test,,6.8484
e036342817d400b,test,Преподавание и обучение,3.6347
f6e03de1bb6c4a5,control,,5.5903
f2677f1b642522b,test,,4.5417
980adc3ee3e733a,control,,6.2602
23d2bdd014a02bd,test,,5.8242
481faa830f5ac41,test,,6.6127
49ac7787476c69b,control,,5.338
f5faaeb5365b26f,control,Преподавание и обучение,6.8898
a133cff0a8430fa,test,Другое,5.9065
c6b4b641351db77,test,,4.3052
ae71eb1f59aa893,test,,5.0134
4f0b573f2a098d4,test,Преподавание и обучение,2.4783
de8cd95bd1822e3,test,,6.5287
e6a0a862792d00f,control,Маркетинг и реклама,5.881
c22cdb0e7abe5d0,test,,6.3048
d291fc50b577d33,test,,4.6052
ec4154d44220efa,test,,3.7952
2656a9d8f5d31ab,test,Преподавание и обучение,4.3304
27fa3b63a5ef43b,control,,4.0197
ee8651de2212523,test,,5.6413
79ec782a90a3df7,test,,7.0006
0c7f63ce3efe55b,control,,5.407
699721e5452b94b,control,,6.384
99cc1987f9f41bf,test,,5.4849
e86855d225212a3,control,,5.9413
706e20e2e91c684,control,,5.3349
2d7e4c86d7f1eaf,test,,6.8574
9f5f4c578c57bee,test,,5.7306
88b2761b82d0661,test,,5.9751
5cda3d6c03296d8,test,,4.9835
ac0a91cef58908b,test,,6.3587
bd686106e6424f7,test,,3.004
f5a3fd37ee8e205,test,,4.9534
2233b833564d6b3,control,,2.8478
b446d162b4460a3,control,,4.1519
9741a16f65076e7,control,,4.5259
ddd91d4d51a8d28,test,Преподавание и обучение,4.7001
58924bfc2b9c725,test,,4.1764
0f850c8d6581cd5,control,,4.1008
4f531c4baf244d4,control,,5.6872
7674ce2eba98660,control,Преподавание и обучение,5.8813
0477153aa331a16,control,,3.5213
35b19ac4fc38992,control,,2.7067
b2a265d620670e3,test,,7.0829
91e97cd28d20d93,test,,4.7991
96da04d5e20a03a,test,,5.5431
79f3114633283c4,test,,5.1635
1f3363d6bcb75cd,test,Преподавание и обучение,6.9443
b87c1ba7bcb237b,control,,4.9517
9f23ab1cc8c5fb1,test,,3.0891
d7f85c088941a92,control,,5.2794
68a95ebc7bf3f4e,control,Бизнес и предпринимательство,5.4211
a809b7a2f1d3c80,control,,4.772
f91aba46c356a35,control,Преподавание и обучение,4.6297
75649dff6a68b37,control,,4.9055
74e78a4659c685a,control,,5.4022
c98fe02ac2f243e,test,Другое,3.7476
a63349020a66f72,control,,4.7123
39c2c11f6896499,control,Преподавание и обучение,4.9226
b83d028a7001f41,test,,4.8201
3746ac551fd04e1,test,Другое,6.7129
f43883bb1c6ac8a,test,Другое,6.1113
3e91455405a195d,test,,5.5018
d59d8209a72da50,control,Преподавание и обучение,4.9391
d0580954d401e42,control,,3.4252
bf071cd503bbcec,test,,4.792
6525c8bcffcf97e,control,Преподавание и обучение,4.0403
7fad65e2a5e6ce6,control,Преподавание и обучение,4.5887
8d2eb69348e9f70,test,Преподавание и обучение,6.7366
6f0134b95063855,test,,5.5067
b81999315c559ae,control,Преподавание и обучение,3.9906
e3f9282885adcdf,control,,5.0956
70d05e3e7caa237,control,Дизайн,6.1098
8a858464d6f2376,control,,5.3888
74373132a580e98,test,,4.2231
ad0f55b30c04f2c,control,,6.2631
ce5164c68ca42e7,test,Аналитика и исследования,5.4421
52ebef849d5e8c0,control,,3.9122
40c7bc700a07e14,test,,5.8617
f778d046a3697a2,test,,4.4022
26f8dafe096eeab,control,Преподавание и обучение,3.8011
3ff3e8bcee60e11,test,,4.4499
45ddd2e1beb4819,test,,4.1966
d18b8efef504d7c,control,,5.4499
68cbf0888e8a951,test,,2.7789
c2e97190c24a204,control,Дизайн,4.8127
b46daa88b942413,control,,5.0136
83a3f897e753690,test,,3.6372
d038a0e49a287a4,test,,3.4632
ce59f2ab046c5b6,test,Преподавание и обучение,7.2244
e08ee52bd226d48,test,Преподавание и обучение,5.8071
602f3cbf0bfe687,control,,5.219
5b078947061016f,control,,4.7734
cb302837e4ee97a,control,Преподавание и обучение,4.5146
2f86292fa95cb52,test,,5.6492
de822883e4f0eb0,test,,6.8843
563aa29b6ec397a,test,Преподавание и обучение,7.0429
c4d89a6156b3306,control,,4.4222
8dc9e9c83df915b,control,,5.0336
5b18a0cef45276f,test,,4.7694
f1131cd77f09971,control,,4.3006
c3316855e1c960e,control,,8.1692
eed59a1562d3656,control,,5.9053
cbb9d41e15ed90e,test,,6.6775
64946ab2e416515,control,Преподавание и обучение,3.8815
6ec1f5b3f63c4a6,test,,6.1294
514371be2e1e61d,control,Другое,3.8332
5aee9326b22bc2e,control,Преподавание и обучение,5.8898
bb9b2b846f55d17,test,Другое,5.4598
09b28dd61cffe92,test,,5.0898
cd267235190f41a,test,,2.5854
d4ecb00fb9260b8,control,,3.867
80a5ccb0fdac2f8,control,Преподавание и обучение,5.4024
005f6c7ef8932c3,control,,3.5887
c7d87136590f5b4,control,,3.8123
fba88943a705812,test,Преподавание и обучение,3.5101
0a0f11628a2222a,control,,5.3211
c52b56df69d44f9,control,Другое,4.6164
eef7e465d5baa32,control,,5.4216
2967fdbfb924cb6,control,Дизайн,5.6886
605ad05f34d3f56,test,,5.3446
62bfb1f3af2744a,test,,5.6887
5146560031fb07f,test,Преподавание и обучение,6.3787
93c27c508d9de96,test,,4.9429
761844a81f0a351,test,,3.4677
594eedf13d1e906,test,Преподавание и обучение,8.3032
cb9cbaadbe0e578,control,Дизайн,5.6234
8cec80d1815279f,test,,3.7299
7b3c05043b37806,control,,3.7315
732916721d8d0fe,test,,5.7972
48013b7b9977f50,test,,3.7815
625e7c6350e4bf1,test,Разработка и инженерия,5.1996
5866bbd7ad3bfd1,test,,4.0734
b7a6d635d4cec12,control,,4.0425
0ece898df191121,test,,4.7518
6a9ec60bea67269,control,,3.9581
e4727e6d2004530,control,,2.9493
dd4605a3dd27dad,test,,4.9476
25882c4176e8e50,test,Другое,6.522
f93207639305608,control,,5.1253
14f7b5bcc401110,test,,6.5677
dd31532dac09d61,test,,3.9187
75fec9fa90b7638,control,,2.7525
7c068f7f8d27a13,control,,4.9414
ead38b0b79fcd3b,test,,6.9141
d5c1f7eec226f5e,control,Преподавание и обучение,5.5483
71163e9b5262ec4,control,Другое,6.3547
41f3d3dad49ca6b,control,Другое,6.2012
579c9ca1444bdfd,test,,5.0943
e5e2d7755f881ff,test,,4.262
f59f40c5a4ac5ff,control,Другое,4.4822
d473639e100b3b1,control,Преподавание и обучение,5.9655
0e1fc391dd4d0c0,test,Преподавание и обучение,5.1595
ae78cba9c5321c3,test,,4.8383
1453145ea2a5088,test,,4.0626
8177368ecd25aba,test,,6.1032
94828a9901602a8,control,,4.1439
375a6aff57a0ef0,control,,4.6571
e698bb20567950f,test,,5.3365
76ed374ca3eb02b,test,Преподавание и обучение,4.8534
0c18273ab881ec3,control,,5.0517
6908b9eb634faf2,test,,5.114
f6e6b075290c842,test,Преподавание и обучение,4.807
ae75721e3a30bc9,control,Преподавание и обучение,5.0179
27d47e54964fc22,control,Преподавание и обучение,4.8209
68f5c8151eacd7e,control,,5.2847
2eeac37ff53675a,test,Преподавание и обучение,4.3297
334124d5fea15ea,control,,4.2819
8c6f63130ea42d8,control,,4.1223
7ae4466832e48de,control,,5.9072
f32aa7827c8b828,test,,5.6411
c70c00463f00e5d,control,Другое,3.5815
578a40abb498c58,test,Преподавание и обучение,5.019
b0efeff26514e5f,control,Преподавание и обучение,4.3313
d5a84f59fad3bd6,control,,5.1506
d3e371a4309d84d,test,,4.6884
2d4da168e7c2c4b,control,,7.0163
567a40d670a3ccb,control,,6.5048
6b75465439b7d36,test,,4.5697
e9b13e8ac1694f2,control,,5.844
23de2b5cc8af4b8,test,Другое,7.9561
1c8d9cf84a7a01b,control,,6.0921
0744f65b1236e6f,control,,3.4223
d92516310495468,control,,5.5255
e79df0c05409ef7,control,,5.3148
a0ad82cdd2c4204,test,,4.0599
8422326e36a3417,control,,5.4772
dfcbd0727abc93b,control,,3.6174
7ed20e533146307,test,,5.0568
626cce07c71dee3,control,,5.9473
27c6126d63bf1b7,control,,4.9242
1f5bf48f20e2c1d,test,,4.5828
f13eced7da5945c,control,,4.1175
be1a672a9000148,test,Преподавание и обучение,5.0811
b1d9609811f9e08,test,,4.7565
bfc3cc312808926,control,,3.1709
3fd323f7977246a,test,,3.4033
9551f30a2b554f0,control,,4.945
6b0c5cd8a9350d7,control,,4.0953
4c26836be37a6cf,test,Дизайн,4.4682
04c2d017fed3d62,control,Преподавание и обучение,5.0271
5a1f4e1d3746889,test,Преподавание и обучение,4.3197
4896b798a244761,test,Управление командой,3.9747
0d5bffc35cea81e,test,,6.1913
153fb5cd837ed55,control,,5.7697
82b73361227870a,test,,2.9994
8464a878bef3c6d,test,,5.637
61f71af9a943d5a,control,,2.3159
0baa48cdd441618,test,,5.8173
d3a002cc3c87997,test,,5.6007
a5fad4bcd35549b,control,,5.8399
e2c1dea5b751b69,test,,6.0591
b279e0226f916a6,control,,4.5408
2da4a496074c999,test,,4.3673
a0c870b81e6cc0e,control,Преподавание и обучение,6.7115
54daa3b8a36d7fa,control,,3.4601
fd98e5b3a2e598f,control,,4.8992
e62cba514a4e86d,test,,5.0443
51149e533623381,test,,6.1321
a1dfdc72f684308,test,,5.6987
a9c09aad013b86f,control,,5.5113
3c78954ba65ae05,control,,4.7303
490f605b77115d8,test,,5.7217
e778579ef2891bb,test,,2.0061
a37772721181f34,test,,4.5594
123a640fb1a9b7d,test,,5.0204
31a5f2bfadf8587,control,,6.4379
ff9ee537bb9c6d5,control,,4.5882
b34be7d214a52bf,control,,4.0649
26241f5e9e98d5c,test,,2.9679
2b133f68be57a39,test,Преподавание и обучение,4.8522
d05341df76615c8,control,Другое,5.6247
dfd3de32e67b244,test,Дизайн,7.3687
4db94effe926af7,test,,8.0343
9bcf8eb09e7062e,control,,4.3911
8c4320b427be0ec,test,Дизайн,3.3601
fb7b351ad78b4e0,control,,6.3021
2e463ada0dee6c6,control,,7.2933
1dd8ede9d4e0973,test,,6.0139
7ffb3812dfff158,test,,5.1517
ac5fd0cdb876c5a,test,Преподавание и обучение,4.0897
9c62665f9ee5ba0,test,,4.7155
0dfb96affe70932,test,,5.7328
154ce23b99d71c4,test,,5.2766
110395a82b2b6e8,control,,4.374
f2ec37b27321a23,control,,3.1701
2bb8b0bc7793b65,test,Преподавание и обучение,5.7445
b300a71ec1fc5f3,control,,4.7984
2ec5f82e15afaed,control,,6.4654
76c76da6cf4ddd4,control,,5.4397
d30cfc5b15203db,test,,6.8413
879d2bcc89273f1,control,,5.7432
282bdc117405f74,control,Преподавание и обучение,3.5136
643ed3ea08ca2e6,test,,4.8293
590f9ae53ead926,control,,4.302
cb1749a7fca6611,control,,5.6994
fc1f74930e8f717,test,,4.3944
933dfc93b315c8f,test,Преподавание и обучение,5.8729
231972cc90baab2,control,Преподавание и обучение,3.8659
22b589f34e536dc,test,,5.0962
b396c4d6e8ebcad,test,Преподавание и обучение,4.0117
f5ad78d7bd84e50,test,Преподавание и обучение,6.4561
5daa311a3828e65,control,Преподавание и обучение,5.5617
bcf434f59e3984a,test,,5.3615
708175760e4d748,control,,5.6959
03619710aad31c8,test,Преподавание и обучение,4.4196
5df87a6e5e72d5a,test,,5.432
c03380bf5826b33,control,Преподавание и обучение,4.4569
4bab56ae15660d9,control,Преподавание и обучение,4.6119
e2ce0f39c6abffd,control,Преподавание и обучение,4.1794
1977c8b399fcbe7,control,Другое,6.704
4e5a4c4f4813b4f,control,,5.4955
ba02463e98ac105,control,Преподавание и обучение,5.0255
8e07a7c5c9b0147,test,,6.4432
3c0a6e0e353e2ca,control,,5.6457
f533fb8bada8601,control,,7.1368
77bc6d5b272310c,control,,5.9192
ea8baf0261d8694,control,Преподавание и обучение,4.0624
98eb2d8e831d951,test,Другое,6.2675
352a6763a2f501f,control,,4.695
a8eb47ed6cdd83b,control,Другое,3.7516
ba4417aebed12e7,test,,5.7549
d4352423c0c0f43,control,Преподавание и обучение,6.3167
f0e93b3f6e4a1f5,control,,4.9823
bc69aadb6146c96,control,,3.3785
d7004eddea19293,test,,5.1894
6a2030c5d295540,test,,4.96
eb0cee5769ce7ec,test,,5.3047
09f58b970248993,test,,4.8169
584ca33d2ab68d0,test,Преподавание и обучение,4.7862
94edd42cab116e8,control,,5.5091
f0bb6314684fd1b,test,,4.4807
964c88405602f27,test,,5.7662
a4054fffaa9c0e3,control,Преподавание и обучение,4.1695
1c825132040d59c,test,,6.8592
cfefb2ad9ceacc3,test,,4.8033
53f6d3a9e264c5d,control,Другое,4.4897
404929baec39ff2,control,Преподавание и обучение,4.0171
5858de1027d7347,control,,6.2121
492fd6ea2c291e4,control,Преподавание и обучение,4.3286
e0f8b10beb19460,control,,2.9689
e674f04b8f8502f,control,,4.8926
fb577011b41e29a,control,,5.4356
539efe9c384c30f,test,Преподавание и обучение,5.575
8be26b433b5cdfd,test,Другое,6.1675
4bad2da14a598bc,control,Разработка и инженерия,3.9985
cb5790750a5cd63,control,Управление командой,4.9308
38e64ebf838de00,test,Преподавание и обучение,5.9887
a8916f6bffad461,test,Управление продуктом,6.6215
2f3e64c3fafad35,test,,4.2177
dcad56cbdb0fc70,test,Аналитика и исследования,5.2023
4224ef61b1898ac,test,,6.4758
065a6e7da362282,control,,5.2611
4445a1a13358ea1,control,,4.6486
c7de8e2c174bede,test,,5.6826
1b9018e750cf38a,test,,4.7568
6f4f8a20c0dda6e,control,,3.529
dcbe18901e54737,control,Преподавание и обучение,4.8403
6752bf04e467e6b,test,Другое,4.1722
ef66680653cdbbb,test,,5.481
d34fb0aff2f5126,test,Другое,5.4391
aa85524518982cb,test,,4.7837
3f7aa492fe904ec,test,,4.3971
da88567c874e0a9,control,,3.9929
dc2fcb5cd3fb9b8,control,Преподавание и обучение,4.6363
1b9fc2779801baf,test,,3.9696
220beeeed851e58,test,,4.4962
e2bf4e46692c29a,control,,3.6902
c5882e1235662c9,control,,5.2454
ae0ae2b7c456e1b,control,,5.0188
6335f1f07c58874,test,Преподавание и обучение,4.6619
1fa4d67b787d8f7,control,Преподавание и обучение,4.2376
d6f388386f883d1,control,Преподавание и обучение,5.7407
30ebba530da6cee,control,,4.6674
5439a65a2f9f4f7,control,,4.5028
c1042f895202782,test,Преподавание и обучение,3.8618
6bb97481850702f,test,Другое,4.926
6714793a3f614d7,test,Другое,6.1376
df1cfc79d711920,control,Другое,5.1087
ef3a5e0f01a69cc,test,,4.9565
47eafbbcaa913db,test,,5.3092
84bd1fe752176ac,control,,6.594
ebeb20d15ed2ebd,test,,4.665
926113300f9875e,test,Преподавание и обучение,5.095
91a815ecf3cba4f,test,,3.5981
31381f8a363d4b1,test,Преподавание и обучение,4.8245
cf56af3c5cb7062,test,Разработка и инженерия,5.2555
42f194bb7d8cd76,control,Преподавание и обучение,4.3729
6abfd86d248fbc8,test,,3.7676
d90d1e9c17f4f6e,control,Разработка и инженерия,4.7414
2cf78648c2391d1,control,,2.2913
49bc4cecb71f4f2,test,,4.4412
2fd33087901ce7c,test,Преподавание и обучение,3.8072
8eacb7c2c7e65d4,test,,6.4529
91f7b003decb8af,control,Разработка и инженерия,4.3294
5f767c5be1237b3,control,Финансы и консалтинг,3.3094
ee29a42f5b0b5a7,test,Редактура и копирайтинг,5.818
ab867bbab7b8441,test,,5.8004
8a49df6f03528ec,control,Преподавание и обучение,4.2409
84204b7abab16bf,control,Разработка и инженерия,4.4204
2bbdd5bb8193fa9,control,,5.6004
e7838bdae143087,test,,4.1952
3138e5aed7e5d05,test,,6.6146
6a08132d07383cb,control,,4.4138
b4cb10096071479,test,,4.1176
290e465a52c21fa,control,,5.3129
f0d43cc8ca32f84,control,,4.6408
43f4b485eb20544,control,Преподавание и обучение,5.4012
4b15916affc3695,test,Преподавание и обучение,5.3351
b90d08464081f68,test,,4.9991
eb82bd4dbffe7f5,test,Другое,8.3878
cbf43eae41be3d0,test,,5.8078
fc0a80606af7d5f,test,,4.7433
ab93697bdb908d9,control,,3.4749
e0d73f6b56311d0,control,Другое,7.0663
8763b94b68a9f90,control,Преподавание и обучение,4.8193
e6d2c1bebdf6372,test,,4.3156
be5f75d3089daf4,test,Дизайн,5.0712
5273194e3364697,control,,6.2101
96d14d35a79b89a,control,,5.257
69de9d34053fb5e,test,,4.9682
c33920a5bdb1437,test,,4.352
b9b753c9329bfb9,control,,2.5146
166c794380ebbaa,test,Преподавание и обучение,4.7598
47812c31e4c968e,control,Преподавание и обучение,5.8618
291299db489ba1c,control,,3.6724
d08716e7f4d76de,control,,6.3538
ab71dfb9d3d0891,test,,5.8858
b88c17737d4c7b6,test,,5.8653
1aff7c1c89194cc,test,,5.5428
41f9ce279428824,test,,5.3412
118c2c8976252b2,test,,3.4936
959bda14bbb3179,control,,6.4705
5d33e8d1f9c6b2d,control,,6.1199
e83f41922f62f7f,test,,4.2931
af9941ae5344307,control,Преподавание и обучение,5.3554
c0b69404c8b5e60,test,Преподавание и обучение,5.8329
572acb9fa135109,test,Преподавание и обучение,4.6781
077d356241905af,control,,6.0331
69758786d50a225,test,,5.2202
97f2ec08fa588a2,test,,4.5035
7c47b0e87d327f1,test,Преподавание и обучение,4.6937
41e758ef52970e0,control,,5.714
4cf2231d2bc8331,test,,5.6207
3dc6b908aa22523,control,,5.0909
8fe2951b46cd34e,control,,6.2472
16c1fc0bca90b4b,control,Управление продуктом,5.9489
62928198119a349,control,,5.012
84f1e27ed93e45e,control,,4.8073
d9b5116ac1cca77,test,Преподавание и обучение,4.9403
43a0f759d725465,test,,5.5211
a3acdd4b3c3b9cd,control,Преподавание и обучение,3.1804
751bf330e326d0e,control,Другое,3.6556
d11311413a49f1a,control,,5.7859
eb98bb74f69a938,control,,4.246
5e0250ab7be417e,test,,6.0813
d9554fe08dbde76,test,,4.8013
56679b497ea80a4,control,Преподавание и обучение,5.3157
b46373c6bd7d27d,control,,4.8937
9e3d332a2dc8ce0,control,Бизнес и предпринимательство,5.2912
1caad24ac6d4b8d,control,,5.9594
b0acc3e687088b3,control,,6.3232
bb9ef826f2e12fe,test,,4.7563
829adde67be7ca7,control,,5.2551
eb7830107f45e5e,control,,4.0435
51fe7551ed5bb32,control,,4.2201
07807c7d047548f,test,Преподавание и обучение,4.7933
e193fd051bccea9,test,Другое,3.3679
5e8156458d7cb5e,test,,4.5572
9dd0390c24a2365,control,,5.9115
441c0603e1b4dfc,control,,5.4765
244b707ecb4d986,test,Разработка и инженерия,4.0783
e46b32dee875abf,test,,6.17
d46a8e1d5cb3bf7,control,Другое,6.1272
117707af205831a,test,,4.9127
b8f90b4eaa7bf13,test,,7.1408
bc851a33946f698,test,,5.007
2b6e0fa40ad2160,control,,3.7949
5c0fd12549aa8da,control,Преподавание и обучение,3.3712
e37f11d0ce958e3,control,Преподавание и обучение,7.6607
09dbc660bbc9342,control,,2.7018
834ad6c8dc310cd,control,Управление командой,4.8976
cfce8f29fcc04a5,control,,4.5252
2b35437980d4767,control,,4.235
75d5b3dcdd3c08e,test,,6.0896
9f61eda49101fc8,test,,5.4759
1d15f4e58a4dabb,test,Преподавание и обучение,3.3627
e93ba6eb33e72b4,control,,5.598
d8c465646b0e9b8,control,Преподавание и обучение,4.1385
2631a1076edee80,control,,5.6415
f770770599873ca,control,,5.7538
551e869f6d1f8d5,control,,4.4166
7dc3d8eb3302aa6,control,Управление продуктом,5.0357
6ef4aad3dab475f,control,Управление продуктом,6.2188
4aac33b7225111a,test,Преподавание и обучение,6.9019
613382cc2716d02,control,Преподавание и обучение,6.2415
9d9d85e8fbf8df4,control,Преподавание и обучение,6.3574
f4b7be4d7c05d83,control,,5.0774
e88d750cf54f39e,control,,5.3549
8763127d8065cf4,test,Редактура и копирайтинг,3.9315
16fc9408a458cc8,test,,6.3898
1cb4509ed94780a,control,,4.6112
d4da7eba601f2ec,test,,5.1067
f249c10e865b017,control,Преподавание и обучение,5.3955
b0d557d252a56f4,control,,5.0102
f5aad5b6e884f55,control,,6.0348
868c665ec36a524,test,,4.0365
2b53c2868b4d870,control,,3.9673
3d8c713f6e61845,control,Преподавание и обучение,2.6161
76f891fbdd412fb,control,,5.2411
c74e5bac24a11c3,test,,5.126
93245dc23397140,test,,4.7886
5e925dd89a4ca77,control,,6.0805
6079a3a311fb37d,test,Преподавание и обучение,6.3961
bf75df3a5fcb8ac,control,,4.5127
0f32a26f91cb83f,test,,3.885
960659bd0fdeac4,test,Преподавание и обучение,5.2916
bf302f03e71086a,control,Преподавание и обучение,4.3055
f08ecb0a5f7c8b2,test,Дизайн,5.4066
cf4d382c3894898,control,Преподавание и обучение,4.3259
b158ef2801a0243,control,,6.1762
e8da12b89ebcee2,control,,5.1559
8b8d9486017c5c7,control,Преподавание и обучение,7.18
016a8cbbd848eff,test,,5.9355
d8ed7186852138f,test,,6.1815
bbf99d745e6eb10,test,Преподавание и обучение,5.8109
f315f12dcbf61d7,control,Преподавание и обучение,6.0899
3ec3dd96eb9054c,test,Управление продуктом,4.2847
6e516bdcdc4fd41,test,Преподавание и обучение,2.4741
3c230ffece417de,control,Другое,4.9096
9b3451592aff2ca,test,Разработка и инженерия,6.3491
8c7b4510a80b759,test,,5.3303
9f33c7fbb2f4864,test,Другое,4.7763
bb7d69825f158d4,test,Преподавание и обучение,3.49
f96c80dd7472b9f,test,,6.8622
e4ceca6a6875e37,control,,3.3551
918aff1e953436c,control,,3.6216
11a8eac11cf07bf,test,Преподавание и обучение,5.3172
797eaf7f1d4baf4,test,,5.6478
5b36198aecd4b25,test,Управление продуктом,6.3689
28bdbd332bc228d,control,,4.3445
f6e0740a366a085,test,Преподавание и обучение,5.5705
3c705f348705111,test,,5.8591
9e1e4295055c796,test,Преподавание и обучение,4.315
f61dc540746c9c3,test,,4.9177
fe5eaed9c3ae8d4,control,Преподавание и обучение,4.3546
84f34f0e5aab3e4,test,,4.6197
de0d530c12ec5a2,control,,4.9522
11d710ad5470953,test,Преподавание и обучение,5.9518
295302f09fc47ef,test,,6.7876
1f3bf6846dbb8a3,control,Аналитика и исследования,5.2815
e99746a77d4c243,control,,4.1474
be80a7c499f3100,test,,6.6918
17869b7db56c85f,test,,6.4447
9d9621a25aa0b2e,control,,2.6424
77728cfdb2d407b,control,,6.3938
f398dc2ccae5f25,test,,6.852
dc1998cd2d094fd,control,Преподавание и обучение,5.0715
3dc1d5ebdf4787d,test,Финансы и консалтинг,5.9282
b5d4b5cecea1efb,test,Преподавание и обучение,5.969
63fe541c8fa4d36,test,,5.4984
a999cdc470fdb88,test,,7.3421
7f7c00da84674a5,test,,3.6145
8511e555ecc6ce3,test,,5.006
fab566ea618c832,control,,6.3408
b0075a7b2b638bc,test,,5.9801
514626f41b20fd1,control,,5.0841
36e8d31f80016fc,test,,6.4815
65355707a3c14ab,test,,3.6533
b2583f47a59a37f,control,,6.7477
970830e8acd2886,test,,4.7738
58ec1281ce8dca9,control,,6.3999
7394d15bbe6b54a,test,Дизайн,5.4366
00bfaa5dbd2bb54,control,,3.7207
f36295913d0a788,test,Другое,4.7595
1f861cfa93b8a0e,test,Дизайн,3.5917
a331ae19e1fc58a,control,,5.4526
c1dbb278b752bcf,control,,5.0848
e3024ec50e875f8,test,,5.9679
e3939793a91f54d,control,,6.7506
d0307a4a2075d3c,control,,5.8526
8d9e12b27042885,control,,3.1391
36ea1434326120f,test,,5.9937
2b223498ecd3945,control,,6.0717
657e64e9a77900d,test,,4.174
84f596a34271898,control,,3.2187
021a584e82c0b99,test,,3.9004
c6ef87d40e0737a,test,,6.5942
8445c2aa471d326,test,Управление продуктом,4.1293
bacfcaf962a00cb,control,,6.1751
d16707a07234d7e,test,,5.2238
2c82c7aa971d962,test,Преподавание и обучение,7.3965
f4d1e1a42bb3a16,test,,6.0568
5b6fee09e1c6186,test,Преподавание и обучение,4.945
e43d472d902080f,test,,5.4334
8da525826846af1,test,,3.5059
2d7a3e84fc7880e,test,,3.9776
b71d9936b6f4ee3,test,,5.8554
4395204194742a4,control,,5.1752
829d042529dfa08,test,,6.947
1a8bad5f81d7302,test,,5.3979
54bc5b9816a6f14,test,,6.1137
b5ca4bbbb28895d,control,,4.6152
99d7ce461cc8b1a,control,,5.8053
617c5e6eeccdefd,test,Дизайн,5.2515
4fb5043ac6a2f36,control,Финансы и консалтинг,4.5921
e92206255bc839d,test,,5.8399
b18dc2389bc17cf,test,,6.0074
89cc5a907fb87e0,control,,4.8025
180e8473c263eac,test,Поддержка и сервис,5.5176
606abe65afff0b9,control,,4.2802
ac811bf3f2a1462,control,,6.0662
f172c95d12b7165,test,Разработка и инженерия,5.597
3af26c3767a295f,control,Преподавание и обучение,4.1551
046e09d1e03fffc,control,Преподавание и обучение,5.7179
37c0a0db5cc7656,test,Преподавание и обучение,5.4937
c9ca1cf6af8bbe7,test,,4.2211
076aeb3132ea9f7,test,,3.6995
4e62aa91fcd4b97,test,,5.9204
060c4d6508e2cd8,control,,4.7981
c866932aa7129cf,test,,5.2626
f808a27c4295f4a,control,Преподавание и обучение,2.0217
1038d30f775b285,control,,6.7
b7308b42701fcc6,test,Преподавание и обучение,5.1251
ec112bbfd10bdd7,test,,6.5371
0b1ac623f9c7444,test,Преподавание и обучение,6.7679
60a5515e2a17683,control,,5.2138
61693416afd7632,test,,5.5144
59e19abe406db30,test,,6.9565
3ff221f3aa823e3,control,Преподавание и обучение,4.792
0b7e1d176ae706b,control,,4.6555
6436da1d00bc711,test,,5.7574
4435326df2d930d,test,Преподавание и обучение,5.319
868e08eb5f9af58,control,Преподавание и обучение,2.1299
639b76cb9c9c6e4,control,Бизнес и предпринимательство,3.8703
78f82122723e88b,test,Преподавание и обучение,5.4628
4074b18c5752afe,control,,3.7001
9776a43bc2ae701,test,Другое,3.1399
f00cc32a62d8d35,test,Преподавание и обучение,6.1017
eeb6dc4d8019dd2,control,,4.9107
3b8c8275600b006,control,,5.761
4f81f4ea12654d7,test,,4.655
15c010af8579af4,test,,4.5545
280b62d03483cf5,test,,5.497
85bb8c458fe2887,control,,2.7908
361933053f19200,test,,5.1781
162c00a050cd0ec,test,,2.3721
858a4a23e7e6e8a,control,Преподавание и обучение,6.1533
ac0f724b6ea0c41,control,Преподавание и обучение,3.871
7a338cc6ee845a3,control,,4.254
ba025aea900c778,control,Преподавание и обучение,6.0446
fa77e83e7e554b7,test,,6.4152
b16c33f23a02a74,control,,5.2151
9c64c1cd0435d15,test,Преподавание и обучение,5.1404
3378dfe0d4dcb70,control,,5.1654
00e6da708345cd1,test,Другое,4.5914
e8215afb2238bbd,test,Преподавание и обучение,4.6399
1a2c8b2bc912a3c,control,,6.1713
91636de705c209e,test,,5.7885
efaced346b36cd7,test,,5.2295
0bcc5eb0bca8d3d,control,,5.2399
e004d5b14295bb7,test,,7.2578
93ae3c469069c9c,control,Маркетинг и реклама,4.5839
27991bc01946f22,test,,6.9695
541c325e7133803,control,,5.5696
bd2304b7c57d77b,control,,3.6988
dc6beba67c3dc46,test,,5.4838
59ec06f2598af0b,test,,4.2248
c503a84c19ff3a8,control,,4.9907
70fde489579ce71,control,,5.0233
496588a467a7b9a,control,Разработка и инженерия,4.8118
d5d8b6127aa52d2,control,,5.6515
ae84b6322cef180,test,,4.5724
09eb5b005602cd2,control,Дизайн,4.3139
f1568d267152447,test,,6.2156
7f8cf43b5836767,test,,5.4963
4263c2c0c9419c5,control,Преподавание и обучение,5.5223
eff097d57830b43,control,Преподавание и обучение,7.2803
56539e8e4874e46,control,Преподавание и обучение,3.6285
15b41a866bfe179,test,Преподавание и обучение,6.169
a6703c373c41863,test,Преподавание и обучение,3.9772
b00639ab885a79d,control,,4.9875
af2331fbbaef1d4,control,Преподавание и обучение,5.5595
90a51971b430bc5,test,,5.0453
e6a35753cb73c52,control,,2.9234
0b8cf1e5a6a8d74,control,,4.2401
3f715bcb3d848c8,test,,4.1584
10c8a3818c6a343,control,Преподавание и обучение,3.9132
c093aa5f44c67ab,test,Преподавание и обучение,5.4632
7888a3a5d1fe502,control,,5.2843
afcee1a9bff133c,test,,5.8425
e30af2609ad9c16,test,Преподавание и обучение,5.1735
b7e485297eb5062,test,,4.1534
cb40f86c09feda1,control,,5.6245
8595c0f911d16dd,control,,6.2152
ed910d25a726608,control,Преподавание и обучение,4.2204
1fd7fba916657e7,control,,4.8603
ffba26715d20dd5,control,Преподавание и обучение,5.7864
fb6d75f31c0e938,test,,5.5388
f1cfc5f03cd7998,test,Бизнес и предпринимательство,4.5729
57849208ed547b0,control,,6.2714
fa3ef17e0a2cf2f,test,,4.1282
18897e86b88b3d1,test,,4.5975
c665dfac0dea9e5,test,,4.0972
973a4963b3c8503,control,Другое,4.2319
359fbde7ec87a40,test,Дизайн,4.9401
4bdf25a863c3aa4,test,,6.4494
de5454644f43bd1,test,,5.5755
c9f41b2595c3b8d,control,,5.0557
e61fa423af3199f,control,,3.7035
dcd878cb9d18829,control,Преподавание и обучение,4.5418
00b69955508d083,test,,6.5915
0d9c56cbbc60482,test,,4.2998
967875f408b84bd,test,,5.2569
9c961b00c42a177,test,,5.8316
bd5aaa2b0a38502,test,,5.0238
c12a2eb66323815,test,,5.7579
98262954bc49a3e,control,Преподавание и обучение,5.3594
d5d78177b6125d5,control,,6.048
dba888620439a2d,test,,5.72
cb9cb21e03bd1b2,control,,5.7953
6eafb46a1efcecd,test,,6.1434
527d91e43161fb9,control,,6.2196
651f3de8e100787,control,,4.5654
58ada3b9b4ae281,control,,5.7465
9e1a8710111116e,control,,4.9186
09b13ea6ef24984,control,Преподавание и обучение,4.0659
9b4ce11be3af84b,test,Преподавание и обучение,5.0788
28ccf1fecc67b56,test,,6.5655
a6f2cda03c83aec,control,,5.2796
5aece073b7c793b,test,,6.205
d2d745fb1d497ff,control,Преподавание и обучение,4.666
63e79659ead3445,test,Преподавание и обучение,7.4576
f11b3a37d5f460a,test,,3.3065
4a885bf383b803d,test,,4.8457
ee49dd10418e9b5,control,,3.5462
10c5f0d305d67fe,control,Преподавание и обучение,5.9913
f60ce222efa9784,test,,5.9712
9db6209f45f22f0,control,,5.4841
dd8f62d9bfa7a84,control,Преподавание и обучение,5.8657
eb5862fcd1404b0,test,,5.0404
37735054a1baec6,test,,5.3072
101ee0a58f566a4,control,,4.0888
223815736b3382f,test,,5.9078
12b2e666345292e,test,,6.745
5a85f7604bd08f3,control,,3.8677
0916454505cf5d3,test,Преподавание и обучение,5.3662
26d3a79b7a9b5d1,control,Другое,3.4206
81856fb355b6951,test,,5.0604
497f08c1e3b0140,test,Преподавание и обучение,4.838
69da0c7cc4c208a,test,Управление командой,5.4331
2307f94967f8ffd,control,,5.6232
4008a5335565d2b,test,,4.1506
a34abcde6649d2c,test,Бизнес и предпринимательство,4.0665
61c82d0876f78a4,test,,5.1656
f00adbe73759cee,test,,3.7624
872a2b38b23a5b3,control,Преподавание и обучение,2.734
43acf1b4329cb37,control,,6.0672
2100ab7ecc1cc18,test,,5.4007
0e666b3d6a4e59d,test,Преподавание и обучение,4.0479
0b3bf207e7d9812,test,,5.889
dd126bff614f0d0,test,,6.4236
160e6c4708e34a0,control,,4.7566
b9d4d5ffb8a95a1,test,,3.6323
30d893e6ff1195e,test,Преподавание и обучение,5.8386
c1cb7184d79678e,test,Преподавание и обучение,4.411
3af6ccbe0729963,control,,3.9062
3c89859fb685c07,control,,3.8604
a8dfa6d76946c93,test,Маркетинг и реклама,5.8055
ad23f1eea6fd6af,control,,4.6789
d4b903d015ed58b,control,Преподавание и обучение,5.312
7255c22d8260b7b,control,Преподавание и обучение,6.7176
4e7bbfa281ece51,test,Дизайн,5.3079
97178612bcdc1c4,test,Преподавание и обучение,6.4013
9d056dd7f48d2be,test,,6.0699
5e2f97798fbc7d7,test,,4.534
8178826ae9844e2,control,Другое,6.3267
415584edcbe2bf9,control,Преподавание и обучение,4.5124
d3af61ec92c8f68,test,Преподавание и обучение,5.4416
3ba386717e044ec,test,,4.4057
03171f2d765ba76,test,,7.8642
f2906a99c112832,control,Преподавание и обучение,5.785
09696f3fe27459e,test,,3.9302
a1d1b6c88639c96,control,Преподавание и обучение,2.4398
9249b397384c3df,control,,4.7773
9135054dea2766a,control,,4.3017
241bff1f9387198,test,,7.1795
9eab281ae03a8f1,test,Преподавание и обучение,5.8935
9b4bb76417073a0,control,Бизнес и предпринимательство,6.686
7782e1077df7058,test,Преподавание и обучение,4.7056
e715213547b3d65,control,Аналитика и исследования,3.1171
503cc05e0315f90,control,,7.4694
0263e14279092c0,control,Другое,3.7081
d13f5ebb0c40d92,control,Другое,5.8849
fe490d752538e05,test,,4.8038
c7621859a0b6edb,control,Разработка и инженерия,5.8949
dc99353bc1fdd0d,control,,4.9123
c7422749a03d9cf,test,,5.381
0cead90c2f81709,control,,5.457
be78a32dfa46e9c,control,Преподавание и обучение,5.242
4336d5619c0b43e,test,Преподавание и обучение,7.7349
cd0a1afb0a79082,test,,4.6158
9047af2f56d785f,control,Разработка и инженерия,3.8844
69fb3bf0c532c3a,test,,5.7612
2de3986daf48df7,control,,6.6455
f249d3fd5376a48,test,Преподавание и обучение,6.4719
83e555da2639b1e,control,,4.8401
ee2346e931ef779,control,,4.7679
c00faaecb958d74,test,,3.5109
8118bfa6887d51e,control,,5.3582
ac77d1955d0f486,test,,3.8923
b089b2e8e15d5c1,test,,5.8895
d530700be4cf5a1,test,,6.0148
83a7ef9d227ba6a,test,,5.5042
dd42ff09962aac4,test,Преподавание и обучение,3.7613
a549b2aaeebf5ba,test,Преподавание и обучение,5.5188
cfdd4a016241979,control,Маркетинг и реклама,6.1113
d334c075b1f80b3,control,,4.8847
66e0a2d2ff994e4,test,Преподавание и обучение,5.0326
5cfcbac36635ed9,control,Преподавание и обучение,6.7121
b4ba6ad0acec3a0,test,Редактура и копирайтинг,5.7537
36ab3fe4bb0a7e0,test,,7.2975
49b89b7b878280b,test,,6.0978
1d6f46137a5fbb1,test,,6.4687
6bf5dcb43b5e005,control,Преподавание и обучение,5.9344
b4794a4de39bf22,control,,5.2614
dcb7ace485ac99a,control,,5.319
fbbaae0c282c4e5,test,Преподавание и обучение,6.6275
8c42a94ef0f5e8c,control,,5.8059
9e04e63b27df03e,control,,6.3466
b9615d0e416e812,control,Преподавание и обучение,3.2074
97777666405f46c,test,,8.2009
a0ce2a877cf7968,test,,6.7631
9faf6c70672071e,control,,5.3488
e07af4cc22c2f1b,control,Преподавание и обучение,5.6276
f330afccfaa1e8d,control,,6.3068
a2dee1987b2e03a,test,,7.3799
3b399b655795a92,control,,3.7895
d29ea33f559484c,control,,4.2725
4d370b49e494590,control,,4.6174
b788d1675a87cdb,control,,4.9632
af51ac35c33b79a,control,,4.9481
a9a3fd3ee6423f5,test,,6.4148
28afd221e4a5230,control,,3.8279
998d1bedd548000,test,,4.1161
476bf27841c3e9d,control,,4.9075
3fcf1c4dc09e4db,control,,4.7041
b928ba11eec3c6a,test,,4.8805
385d526081775a7,control,,7.3083
887ea7f30d465ad,test,Преподавание и обучение,5.2175
c58420ed29130c3,test,,6.7572
a8ac4e8457c4886,control,,3.0233
a07b176709180f6,control,,7.5043
bea70405ba0fc6b,test,Преподавание и обучение,5.864
163a28c7d41a4a3,control,,4.9844
7a9cdbafb009feb,test,,5.7679
acf2676b905f75f,control,,3.0935
76b49714015ccab,control,Преподавание и обучение,4.0272
e81ef7c09b46127,control,,5.3533
d0e011e2e404a3e,control,,8.0331
ff790b1227d21ae,test,Преподавание и обучение,4.8023
b3745241d4c0802,control,,6.3089
5b7fe0e83dbb73d,test,,6.7832
82ee3270f31524e,control,,4.5075
9fe8abdbd46563a,control,Преподавание и обучение,3.9111
e17a1696fbadefa,control,,7.054
9c67d81ad0706c6,test,,6.0133
54a47b0217416a9,control,Аналитика и исследования,5.3443
ebeef4774961117,test,Преподавание и обучение,6.5747
ce3c40da15c59e7,test,Аналитика и исследования,4.214
b69e28800cdf593,test,,6.5444
eac43aac495b93b,test,,4.453
f2c83a0372b66f2,control,,5.2713
2430ea6e93c5fa9,test,,4.2912
404107a0014f920,test,Преподавание и обучение,2.8433
78e73a849c08c2a,control,,5.1905
8ecf49c88add0e9,control,Разработка и инженерия,3.6197
3c3f622d12b7165,test,,3.2626
0a2ae09adf2cf63,test,,4.4779
98854b3f84eceaa,test,,4.7538
c204dd3f911e063,control,,6.7033
e7ea91eda476a98,control,Преподавание и обучение,5.0276
e1328d0e1191c94,test,,4.7935
49341d627404145,control,,5.0546
e6479790b24c1e5,control,Преподавание и обучение,4.6098
00f1ecfe236d442,test,,5.2304
d6433ae457200be,control,Преподавание и обучение,4.2415
29b24f69b059195,control,,4.9335
11552401f84bc00,test,,3.9958
07a9405026c8edf,control,Преподавание и обучение,4.4842
b432ff67fdcdd88,control,,3.8934
de8bb91dfdec7aa,test,,5.4522
5a83bcb83761db6,test,Маркетинг и реклама,4.8843
7612029e3864bd3,test,,5.5873
e307ef6ff9ff0d0,test,,5.4591
797aeb130460f81,control,Преподавание и обучение,5.4567
01ad2c3a498619e,control,,5.2408
cf27e74738f9651,control,,4.7649
afa037755f144ce,control,,4.3596
9ed0d40483e08b7,control,,3.5704
45f8f1f2f417d36,control,,3.7144
a647f7ec75ed2c7,test,Преподавание и обучение,4.8354
5defb46df8a5cbf,control,Преподавание и обучение,5.1133
e758d8a3cc8c457,control,,4.4772
c3debfc0f621e9b,test,,6.9423
11138fb322ef1a7,test,,4.9731
513234cb965b078,control,Управление продуктом,5.4927
3f2933d33864cf2,control,,8.1309
31db3c10a5e5bad,test,,6.5955
7c4a2e1161f8cbc,test,,4.3959
26bb79708f66e4c,control,Другое,4.7713
3d3c2fdbd67e892,test,Преподавание и обучение,6.0987
0147ab16d05a7b3,test,,7.3492
eb2a6444a14e379,control,,5.4067
de53fb7bf9c3800,test,Дизайн,6.4655
3d1e3a1f3525c77,test,,5.7637
3736f86fa7b3f21,control,,3.8313
516a01fb41d96fe,control,Преподавание и обучение,5.3929
71dbdddef8f42a4,test,,5.093
5a0ad88c927621a,control,,6.019
1cbf2328f6b3a1e,control,,4.8366
41ed688467428b0,test,,7.3131
89e7b84156e034c,control,,4.1601
2f4cd5e6b48600f,control,Управление командой,3.3912
d5d4eb22686721e,test,,4.1431
954467f5fdfc793,control,,4.3173
53dbca63a7cc3b3,control,,5.0291
96e40d96b84e4e6,control,,5.1194
b80277c91886303,test,Дизайн,4.7898
4554da45c2ed21c,control,,4.5325
fdd1e02f87bc619,control,Преподавание и обучение,5.6945
1832fc5a5df233f,control,,6.2086
0be835657c77057,control,Преподавание и обучение,4.4981
740fbf41c46a510,control,,6.4113
8bbf0a7ae074818,control,Преподавание и обучение,4.4512
a1b55f9b2370833,control,,3.8574
523aefbbd00084c,test,,5.1124
8248879b5818bd0,control,Преподавание и обучение,5.4298
2b369a775cdaced,control,Преподавание и обучение,5.3795
aa3bda05fa9f0c0,control,Поддержка и сервис,5.3497
ffc827565bba92f,test,Преподавание и обучение,4.8416
64af93ca56a8b4e,control,Другое,5.0977
8ed79ae74e15ffb,test,,6.8987
46d01883346bd9b,test,,7.0918
ef45bebbb9d6376,control,,8.1401
92b883bc9c1743d,control,,4.9141
067822d026b4a80,test,,3.7283
58064cdea8e52ca,control,Преподавание и обучение,4.4446
b9dfc9eaad79797,test,,5.0591
ae5f7eb3626d63f,control,,5.4015
6ce00f02001c94f,control,,5.3471
56fe161ae1839ce,control,,6.7776
9cbae1bdb195a40,control,,5.1818
3f07da45291419c,control,,4.9423
dbbf6065bfba907,control,,3.2508
d6a3b89fc2870f5,test,Преподавание и обучение,6.5187
2ab7eebd805bef9,test,,5.5543
f7ec41891c505d6,control,Аналитика и исследования,4.5992
1fb767f8b0b6b4b,test,Преподавание и обучение,5.1647
7517059174506df,test,Преподавание и обучение,5.3417
86bce5643426544,test,,4.4671
3c3188bf74cb87a,control,,4.5156
fafbaa5b59c7106,test,Разработка и инженерия,5.1815
6c0c29091d80085,control,,4.8677
1cadf18307fdb62,control,,2.6063
764e055b93ff7f1,control,,8.271
fc9324791ff5c53,control,,5.8422
922e826cf21dc66,control,Дизайн,4.2496
74d5b7a511bbc0c,test,,5.4011
a6b52acff7fdacd,control,Преподавание и обучение,5.7258
58c6da8edf3f34a,test,Преподавание и обучение,4.9365
7d2fac0ec945820,test,,5.929
272a19f1973c373,test,,4.0341
553f3420810f84c,control,,5.4614
b04e1fa347bbf1a,test,,4.8673
3ee9376a08fe1d3,test,,5.5764
519b4ba65994ca7,test,,5.2492
81930d560b57b95,test,,5.193
0ddfe43d759af6f,test,,5.782
c9af1ad92888426,control,,4.0044
420629ed11ae217,control,,4.2283
d26501809250779,control,,6.1846
a27e1ca103c2378,test,,5.9685
9ca44351464e6d1,test,Преподавание и обучение,4.2376
51d4bca34a6b0fa,test,Дизайн,6.5249
e17b050b9170d68,test,,5.9092
00ff666371356da,control,,3.7203
e7ba5e0211bb398,control,,4.9918
29413cbc185daab,test,Преподавание и обучение,6.3671
8e88671bf18abfa,test,Преподавание и обучение,4.2889
8041e4d9b6ba8f1,test,,4.0923
944ca6b11186fcc,test,Преподавание и обучение,5.156
4add344dd83a4a2,test,Преподавание и обучение,6.9571
68cb7ca1255f792,test,,4.9782
f46942ca042c2bb,control,,5.8789
988106f07177b42,control,,8.1042
c19cf42e790a991,control,,5.3556
2b98c532a63d3ac,test,,6.1872
51ae4fed5b9ace2,test,,4.1139
82af07c816c1d85,control,,5.6937
534776b89ea222d,test,,5.3952
c9a46c64b34b11d,test,,4.0173
98086248fa8fb35,test,Преподавание и обучение,6.5128
a022f96eb480cf4,test,,5.009
71a22f259ba0cdd,test,Поддержка и сервис,4.1297
3cb5995775b868c,test,Маркетинг и реклама,5.0843
d9992df325e3e4a,test,Преподавание и обучение,6.8055
b418e18dd7adfab,test,Преподавание и обучение,6.2432
1c01a8395058b63,test,Преподавание и обучение,4.7251
14d74c9ae25beb0,control,,5.7007
a52cf2bde75bafe,test,,3.6978
0b41f82f375ea4e,test,,6.2598
a2d8b7fb842b34f,control,Дизайн,5.4123
82d4ac7e3b2a429,test,,6.197
48a4d22187efb72,test,,6.9877
ef8acf10b475410,test,Преподавание и обучение,4.8995
76fd06be1f468ba,control,Другое,6.3756
f6892dc6e3a6136,control,Преподавание и обучение,3.24
2b0b87a1cf49b56,control,,3.9223
f2b5f9751b3b0e8,test,Преподавание и обучение,5.5625
3db2c9ff3643dd5,test,,5.6692
8f778f854f3430d,test,,5.8045
d480762fe0c9841,test,,4.8888
4fa62297c5c98ac,test,,4.7884
3c3ba66af681abf,control,Преподавание и обучение,4.5173
b4b4b7797696596,control,Поддержка и сервис,5.2067
9c779e27852495c,control,,4.1293
1770af2c29eed46,test,,4.4959
372f3a98b2b8764,control,,4.6014
36d6327238fbe28,control,,5.8678
1c0091e9af538c3,test,,4.9326
989b5fc990bd08c,test,,5.0653
699d3b7ce799284,control,,6.1392
ffc20102ccf2ef2,control,,4.1445
f8f67138f1487a8,test,,6.6649
221fbbaadb5b41e,test,,7.292
edd7820c47bf4e7,control,,3.5026
175f081a6c52169,control,Другое,3.7496
3d5c5bea071e497,test,Разработка и инженерия,5.7229
be8bcb3d6685562,control,,4.8287
012eab3ffd7ef5b,test,Преподавание и обучение,6.074
228beb5b6caa236,test,,4.5077
6e328a3f9308c1d,control,,3.5757
247f89313598490,control,,2.6534
4cad1333cf5a4ac,control,,5.1243
d7ab8c20a931d25,control,,6.3729
2a94050401c7110,test,Преподавание и обучение,3.6854
98004b2809d5372,control,,6.2822
98ff4fe37ac03d5,control,,3.2021
cd526569f5f5e08,test,,5.1853
c5fa6253b6faf10,control,,4.5139
93db3813ec5073d,control,,8.5358
348477235842202,test,Аналитика и исследования,4.7188
1ade223c5fac8fe,test,,6.4043
6db69f92362a974,control,,5.6151
6e6b30c05ad715a,control,,5.3029
918694d3b082f61,test,,4.4051
b67265a2c7640d7,test,,6.0102
6e72c08a10dff4f,test,,3.2091
b56aabf9c473d40,control,Преподавание и обучение,5.1368
43ac69fee61abad,control,Преподавание и обучение,5.0843
5f713168cdbbca0,control,,6.2508
b424af1baea88a5,test,,5.8381
a4351c5ae76876d,test,,2.7604
08d0ef3d119ba79,test,,5.0317
f51555549d76023,test,Бизнес и предпринимательство,4.6763
7437b976ea06c11,test,,6.2904
70c6ef92b7cb027,control,,5.9861
a8642a277bfef86,test,,5.9054
f86873b94aa885c,control,Преподавание и обучение,7.3324
99c3f2c880a019d,control,Разработка и инженерия,4.5632
efdadc0b6e585e1,test,,6.1734
7384be927d0354b,test,,4.2299
145ad655b8afecc,control,Преподавание и обучение,5.0959
3cba1aa1a2bfa4c,test,Другое,6.3476
1e21e5c01c6be14,control,,5.9096
1672d4e7a5e2b03,test,,5.0982
b852335cd64837d,control,,4.8027
bfb30f92bec2288,control,,5.1759
4e31b66aebbf37a,control,Преподавание и обучение,4.6691
486df8e005aab21,control,Преподавание и обучение,5.5511
dd64c03081b5fb3,test,,5.8229
366049bb57e41f9,control,,5.7086
c8c2a9c9a33078f,test,Преподавание и обучение,8.6555
650ee6923b9968f,test,,5.7375
9f878adc145efa2,control,Управление продуктом,2.7879
67d5424ca4996ed,control,,5.0116
fa1ae926b8b1c1a,test,Преподавание и обучение,5.0973
133f789992ff575,test,,5.013
9299a1b591ca3a8,control,,3.7157
e4036c8c412fe1f,test,,5.09
b169e3d8efca0c9,test,,4.1959
583f6125ad62d02,control,,3.7471
cf67135f22d63c9,control,Преподавание и обучение,6.5421
dc993e21ebb51b1,test,Преподавание и обучение,3.4187
4ce986097988656,test,,7.0701
d30aae2d1ef4b5d,control,,4.0466
c69b0e1aae690fb,control,,3.5675
ec5029ed4410554,test,,5.1576
7fc6987f08de152,test,,1.7409
24f9355391689c3,control,,3.5616
94fba22ed62fcb0,test,,6.5729
1d791095e90bf7a,control,,5.1527
cc4a79190941e9e,control,Редактура и копирайтинг,5.1845
fcc6cd4e38eae97,control,Преподавание и обучение,5.7652
4599610cc6df81b,test,,6.2337
9bc8932a504140b,control,Аналитика и исследования,5.4925
d3aadf9a41d5386,test,,6.8726
114a1712a863235,control,,4.6493
fe7633c87b2d88e,control,Преподавание и обучение,6.318
0f1150a5e509f56,test,,4.8006
5bc851b52219790,test,,4.5133
37e241614fcef68,test,,6.8949
5ee50837db6d2c0,control,Преподавание и обучение,3.6493
d90a441d39ab4f5,test,Преподавание и обучение,4.9139
b560e07934eeeda,test,Другое,5.8929
e5a50059f90ed80,control,Преподавание и обучение,5.4908
d0647900dbc5574,control,,3.6511
386b82a86702069,control,Преподавание и обучение,6.3493
a94418de8ad4889,control,,4.3989
6211db914d23131,test,,5.62
d47e3aebcdff7b1,control,Разработка и инженерия,3.39
54ebef32690bfd8,control,,6.5246
8cdc4e2505fec24,test,,5.2938
59b1ac09b123e7e,test,,3.2285
87c38acd75d9bb1,test,,4.3866
466906280e343d3,control,,4.797
c15987e99bf6574,control,,3.265
7ab794179fb27ed,control,,4.9188
c3979eeecf4ee31,test,Разработка и инженерия,3.7748
ecb465781a0e12d,control,,4.2056
7e0fd8c8880273e,test,Преподавание и обучение,5.5276
cba7901ed05f97d,control,Преподавание и обучение,3.1636
d3b8dabbdf2430e,control,,5.2218
880d4e3edcd7668,control,,3.7186
9acd55c771f98f5,control,,3.9856
d5ea9e34a08dc57,test,,4.1931
ec5c1d55418f6d5,control,Преподавание и обучение,3.0389
9fe7265199c6126,control,Преподавание и обучение,5.8128
560a094837fe1ae,control,,7.009
bd7352992628bed,control,,4.8768
3d32a1021fffba2,test,,6.4835
77ef80f395f73cc,test,,6.382
33fe1b072a1a027,control,,5.0307
e9c253bbe997d4e,control,,3.3054
02df9010a21c5a4,test,,3.8052
d1d668fcaa43c09,control,,3.5645
813d85c3bded504,control,,3.111
42b19a62865cca4,control,,6.1116
2be99bc8dbafb1b,control,,4.3144
9350f9b8d55eb03,control,,5.4851
2b2783b7fd986b0,test,,7.7468
5f36d50fe2a146c,control,,4.3883
99704293ec51fef,control,Преподавание и обучение,4.3727
25758e0290c55a8,control,,5.1779
78faa917bcee3f1,test,,3.1959
4e4e5842aac1d67,control,,4.7463
8eafc4b8b9944ba,test,,3.2786
1f67160100a61bd,control,,4.5166
9f822911c759129,control,,5.1877
8b94c33afe3d0d5,control,,4.0652
34a05ffab26c0a1,test,,2.1968
39836a7349bbc7d,test,Другое,5.7602
3817daa4287d4dd,test,,6.2104
d4466e9d2fe4462,control,Другое,6.8212
c871add67981d0a,control,Финансы и консалтинг,6.8718
3be68f621db4e59,control,,4.6964
98f5385e5f8571d,control,Преподавание и обучение,5.467
7105103b88f6e75,control,,3.5387
916713c161c436c,test,,4.7771
245526d7d053ce4,test,,4.157
b2ac894bc360b3a,test,Преподавание и обучение,5.9349
21ba5ae661acef8,control,,4.6503
2c45f9c4061a82a,control,Поддержка и сервис,4.8919
5060ded0de930d8,control,,4.3307
c5f744c7b1e3376,control,,5.019
8110c56c4c51ca6,control,Разработка и инженерия,4.9949
6f684bdfbd87af9,test,,5.1887
2ac4682a9a998bd,test,,3.7315
99ecce4e9398b5b,test,,3.6069
46aeb07467732f4,test,Преподавание и обучение,7.4477
41afccd6b3957fd,test,,4.3322
f68a65fcf3d90cc,test,,4.1481
adee3d599b63918,test,Преподавание и обучение,4.5196
dcf31c193cc196e,control,Другое,5.1882
b56ea43f61c6bae,control,,4.88
cf98b2b9222cb66,test,,3.5256
bd0036173e6ad4b,test,Преподавание и обучение,5.4125
36cf76dac1bf7dd,test,Преподавание и обучение,6.5607
6957b7589be642f,control,,4.3025
0042ab3d88596e3,test,,5.3022
4151f829c729233,test,,6.2915
5f553ca50170add,test,,5.5167
a28449fedb3f93b,test,Преподавание и обучение,4.3893
0442ec100df3d4c,control,,6.5371
21d1f5e5ac0141f,test,Преподавание и обучение,3.4448
0404295bb2505ae,control,,5.4463
e4d23bf5de10aaa,test,,7.9419
6f91a839e8a4db8,test,,5.9057
c5d83e35c05bc10,control,,4.4805
21cf212baf44ef0,test,,5.9012
0d3d873ce9eef2e,control,,2.4008
8bb72275f8d2d26,control,Преподавание и обучение,4.1196
7c7d83449b4f012,control,,5.0397
1812120a98e9fc9,test,,4.4787
9f322e450643891,control,Преподавание и обучение,6.5777
4ba75fa36055858,test,,4.6245
0c6d3872b717fe6,control,Бизнес и предпринимательство,2.7371
872fbd094e1bcb9,test,Преподавание и обучение,5.61
b9b93f3d045dddc,test,Преподавание и обучение,5.2488
d450e6a47e2e4b2,control,,4.7215
4546a75f442b185,test,Преподавание и обучение,5.0859
0ad8138529ada50,test,,5.0423
a4d01e98e0eb98b,test,Бизнес и предпринимательство,5.3872
6cd893c3bad696f,control,,6.3779
ec60d410c461cba,test,,5.9723
440881ed1a67944,control,,3.2946
7141809ba46802f,test,Преподавание и обучение,6.2735
9f91e38d0e7bdde,test,,5.1817
b1ebfb4fd45e9b4,control,,3.7475
f8f4058de0bd492,test,,6.4179
9e42dd57dd259e7,test,,5.2431
f5ede01622d48f8,control,,4.2387
6d93233872e6469,test,Преподавание и обучение,4.2831
83b09211a4c4843,control,,5.214
04b40bd37a923b4,control,Преподавание и обучение,5.0199
2937fa25a911824,test,Преподавание и обучение,4.1227
705020a1c40b906,test,,4.1538
d7bb140bced0959,control,,3.9286
6bc8ee5ed6d2ced,control,Дизайн,5.5153
04ad08f7eb2f637,control,,5.0735
363129331189ba8,control,,4.354
5fe1f2db77ab430,test,,4.6684
c927012b16c4010,control,,4.6927
f5a66ac99b59f55,control,,3.9564
b40086366b6831d,test,Преподавание и обучение,6.5751
3cd365c5f8f47d0,test,,7.3097
a1a81697481e0ee,test,,5.8183
b598b62cd20ef66,control,,6.3597
dd7df9af445db74,test,,5.3031
bb4b7ec72ae16e9,control,Преподавание и обучение,7.6321
2a8493e4777cbaf,test,,5.4141
c05fcc9441977a0,control,Преподавание и обучение,5.4168
2f23f07ab510098,test,Другое,6.1397
c4314952eddd3cb,test,,5.6048
304df99c16a4568,control,Преподавание и обучение,2.9805
1733c2db3c45520,control,,5.6045
5c2d768eeaef4f8,control,,5.2616
d537db063d26692,control,Другое,5.4173
fe24ac772fd7bb8,control,,2.7165
e3cd7459fc10b7d,control,,5.9543
f74ab022735b666,control,,3.0961
902c926aadf8cf7,control,,4.6326
c3c9c227cfcd490,control,,4.6221
8471308c53d5071,test,,5.205
82d9828800495ec,test,Управление командой,7.2001
7eea45af4f2f2e2,control,Преподавание и обучение,3.8127
e8b7a3dc70a37b7,test,,3.527
1922bcce8185cdc,test,,5.0753
0e3a170bdcc1f70,control,,7.1522
f677e6a226cb532,test,,3.5312
887076493cdfae6,test,,5.7567
a2ba496e2d8c906,control,Преподавание и обучение,6.2192
1465e28ce0d8fe9,test,,6.1643
c411672ffbb6be7,test,Преподавание и обучение,4.2245
4f6f4d52db0cac3,test,,5.4545
314bf05fc5ca5a0,control,Преподавание и обучение,5.1379
9e258863d554071,test,Дизайн,4.2988
bf3bdfc25c30c4e,test,,4.2258
e05d9163a9767c9,control,,4.1765
b0edb38ab43c59b,control,,5.2787
1f80330264524d7,control,,4.5016
0c0048da4347cd4,test,,4.1351
3262ba57a25523c,test,Управление командой,4.8232
5b41ae6d22fede8,test,,6.1977
85a9ff892f1e97d,control,,7.9126
52f98a9659442ab,control,,3.4457
f37601323abda8d,test,,6.7926
0440f3a1691fef9,control,,6.0025
560f966a21f2b0e,test,,4.5004
682d9c04b47ce84,control,,6.0365
1d17b1b47fada00,control,,4.0932
5597175a4292d56,control,,3.983
fcefebd71da23b2,control,,4.1933
759d82196373739,test,Другое,3.536
6d284adc1d69192,test,Преподавание и обучение,4.9478
be1dc0db3513f3a,test,,8.0385
2db1ba9ff4b3912,control,Преподавание и обучение,2.8159
13d888d7bdb888a,control,Другое,3.3309
416d38a27f3c4dd,test,,5.234
7ec3d35a460f49e,control,,4.2987
28fd360214eab16,test,,4.2396
0dbcd78910b5f1c,control,,5.2165
eff114f60ad61f9,test,,6.1248
205842d904851ae,control,,5.5965
d4e3ae9a09c42f7,test,,5.1731
25d9d66e05177d2,control,Преподавание и обучение,5.7018
669df362de6c91b,control,Преподавание и обучение,4.7945
784dcea6f39f92f,control,Другое,5.5931
3f0f261702c4ba7,test,,3.5073
726c0072176c1b2,control,,6.9468
0ab634068791870,control,,5.0697
540e79ec1d19925,test,,3.664
c09d575256d33c4,control,,4.6524
e75a63952689ec0,test,Маркетинг и реклама,5.541
1b78ca35daeff3f,test,,5.6083
b7499c4e39b243b,control,,3.9076
16035b94cd2ce6b,test,,3.895
f5746f034a68dfd,test,Преподавание и обучение,5.3133
d6b168006bbfa9b,control,,4.1736
0e74b5476ab7157,test,Преподавание и обучение,5.7094
56817bb5a7d8827,control,Преподавание и обучение,6.3111
0afea035f4e6b3c,test,Управление командой,5.4187
1be6c9507f7a989,control,,5.7255
8fe0b8f78899f1b,test,Преподавание и обучение,4.9928
1477b442398eaf9,test,Другое,4.2392
4d7f8037e255655,test,,6.5598
cec3c846158b5f2,test,,3.6557
13140cbcddcb483,control,,4.1875
8e4ddee30503146,test,,4.2346
77f83255cfeed92,control,,4.8664
346122ba2eca23a,test,Преподавание и обучение,4.3968
18154adce1af03d,test,,5.6308
2ab94e55b6d7622,control,Редактура и копирайтинг,3.8261
427d379ce533b8e,test,,3.6945
71004460abfb181,control,Преподавание и обучение,6.377
f90d54e1dcb4b40,test,,5.4607
9a6176340840780,test,,5.4614
03d6c9139822bff,test,Дизайн,5.8826
b82ef37d6b41cfc,control,Преподавание и обучение,4.7775
64cfc6a55bcbc11,control,Преподавание и обучение,4.6323
bfded6abb234c9a,test,,5.0252
3b8be94d3f178d4,control,,4.3093
aec142da0aacc2c,control,Преподавание и обучение,5.6931
380047654fc81ce,control,,6.0641
4155e875e040ac3,test,Преподавание и обучение,5.166
3f9760ac0a2e068,test,Другое,5.3915
a667f8887c6130f,control,,4.8863
251cd22ba392661,control,,3.9314
312f0fcab76d5dd,control,Другое,3.8489
b7827b1053caa78,test,Дизайн,4.8332
f13891ee07bd2a9,control,,6.5432
b953b273ab2be9c,test,Дизайн,5.3822
c0d622ed179cfbb,control,,2.7616
e2ac8a727e1e06b,control,Другое,4.8353
6a16f8cec7ff0f7,test,Разработка и инженерия,4.8878
9fb249944ee460b,control,Разработка и инженерия,1.5923
94ed411137ee773,test,Преподавание и обучение,4.5908
f0c35b1d9f24166,control,,4.1036
3d77582019ad261,test,,4.5737
a867b7182b3c8ff,control,Преподавание и обучение,4.3748
29ffb257ca8ab21,control,,4.1334
7d7c662581ac050,control,Другое,6.3633
61f2d45a589d56f,control,,4.5102
a249c0752ff74a7,control,,5.2287
67d9bb04d648df6,test,Преподавание и обучение,4.9106
0a3fa74d6df738a,control,,3.1023
276336291dad171,test,Преподавание и обучение,3.487
aa7d6a882b28fdc,control,,5.0559
4bc588265ecabc5,control,,3.9153
129fb0aa8169ebd,test,,5.2691
71c9235d333a492,control,Преподавание и обучение,4.2487
66e2fa2dc99e722,control,,3.9342
3e78f62ceaada49,test,,5.4098
6c3ab2daf3e46cf,control,,3.7043
0536bd9ffa6be42,test,,2.2337
6b15c25fcea193e,control,Преподавание и обучение,5.5875
c8f1ab1fe08157d,test,,3.9629
192cd42716ca14d,test,,4.1757
f0a89bfb9aaa94b,control,,4.5789
b60cc2cfebc1d9f,test,,6.3
d97e4e8aefdbc1f,control,,6.9255
51aefeb7808f945,test,Бизнес и предпринимательство,6.5054
d5e000fe0b015a2,test,Преподавание и обучение,3.0593
d99c80524f548da,test,,5.6724
51a1ca2e83c090f,test,,4.1169
fbe01c4ad5fa67e,test,,6.235
c8f55437fd3a2f0,test,,5.4146
3f106e4addb40cb,control,,6.1378
60fa7cd91de89bd,test,,4.4287
ff5aa90973a7f10,control,,6.6768
b6f024e2e256036,test,,3.4487
3102b11369fdbd2,control,,3.7504
e6df9844819ddfe,control,,5.977
09cdcd87956603e,test,,4.3219
ba0cfa92eaf84d6,control,,4.3243
4e3b352af790c6a,test,,6.0757
b4b131abd7ff75e,control,Преподавание и обучение,3.0569
2d6dfe856dbb993,test,,7.1954
5c17a5762b4ae33,control,,5.1246
66ddd7eea3b85a5,test,,4.3344
f2c49e2197d637e,control,,5.0406
b150031ccdf0d45,test,Преподавание и обучение,8.2457
4c73df9e015e699,test,Преподавание и обучение,6.6032
53f5c41f475ddd2,test,Преподавание и обучение,6.395
48126c8a868464b,control,,5.7678
fc2092063abd2b2,control,,3.2028
8907a1503dfee55,control,Преподавание и обучение,4.4002
6314dbcd53f7944,test,,4.9917
5329aae9f14655d,test,,3.9527
51981153304d01c,control,,3.2629
be540693c466f19,control,,4.2342
e30b5cd6538ec96,test,,6.2738
230959b98795c59,test,,3.849
766bdc5c962109a,test,,5.9009
2d13534c82fdb36,control,,7.7826
ce87e29dd2fc0f2,control,Преподавание и обучение,5.2593
e44848c987c14c3,test,,5.2243
c9f5de34e2cb822,control,,5.3883
f51b96c0bf84f32,control,,5.4421
bf09e9a71efac60,control,Преподавание и обучение,5.0001
531c09e9fdf6572,test,,3.8042
38b716699cd97ef,control,,6.0517
534f5ba00d8a45e,test,,4.4719
14920b5cd7abde1,test,,4.2857
bf8429bda0528ae,test,Преподавание и обучение,4.7147
6de7f75edd144fd,control,,5.1065
a6616a73607ee19,test,,4.0234
d5a2a9a8432e1df,test,,4.4301
d438f790463c265,test,,5.6533
0a7cf4fd83a8b41,test,Управление командой,5.6935
3871b5e23015995,control,,5.8719
6d0ab1dc8f7800d,test,,5.1308
e02e19e4fe94670,control,,5.2857
0c280c978c7524c,test,Преподавание и обучение,4.9951
34ad62f00146e3b,control,Преподавание и обучение,5.4361
45e84b371694e81,test,,6.0364
e516639a9437d75,control,Преподавание и обучение,4.2073
a280caa2d52d746,test,,5.9951
02c188d8781a97b,control,,5.8177
ba4e50ec87efcb4,test,,4.7906
0bbfdc79266d573,test,,3.8918
15c7ff6a39c8437,control,,4.474
fee641c955b3e18,control,,5.5205
00dabdbaceb97e2,control,Другое,5.5681
279b4238d26e4ea,control,Преподавание и обучение,5.5466
5b3258705237365,control,Бизнес и предпринимательство,3.3245
ad79746baf1ff7c,control,Преподавание и обучение,5.2277
666617ed4fe0ae8,control,Преподавание и обучение,4.9447
cf4eb77ede8791c,control,,4.3797
1216c4868ac83ae,control,,5.4579
ed593f114c74566,control,Преподавание и обучение,3.2444
37d11e60a4131b6,test,Дизайн,4.3615
0aa7914432369c4,control,Бизнес и предпринимательство,4.9438
a2d238f47d13919,test,,7.4929
e9d67fa8ea7dc72,control,Преподавание и обучение,5.5722
706e8a3ecd09a37,control,,4.5765
24699ade3f3741d,control,,3.9847
77da3c13654cafd,control,Дизайн,6.5053
d075d978ca12865,control,Преподавание и обучение,5.3008
1ac6514f7297286,test,,4.5243
bdd63556f0e8b22,test,,5.9633
005328a68cdc0d2,test,Преподавание и обучение,3.938
2b46c045edcf1ca,test,,6.0766
7e140536b8aba0d,control,,5.758
d28d17272585a75,test,,5.3562
7482a6eabf0cd87,control,,5.1672
aa71084a7be42ef,control,Преподавание и обучение,4.6728
b9ed3bdf1067e28,test,Дизайн,4.6391
fb085d8b2e1b36d,test,,4.2482
b20092e263efbe7,control,,5.604
607219797ff34dd,control,Преподавание и обучение,3.6453
29dfc56ee9ab729,test,,5.9393
07f5d05d6f62b74,control,,7.1626
ddac2ae19edb248,control,,3.834
46b72f24762338b,control,Разработка и инженерия,5.6323
f37e5b7bc0a15b4,test,,4.2564
553d3fe095bea6f,test,,6.5581
837bef1039f95e2,test,Маркетинг и реклама,5.1808
879ae37df73517c,test,,3.3196
8732c88569a9915,control,Бизнес и предпринимательство,3.7637
af6144659ad6ade,test,,5.4325
37d5146bfa5af8c,test,,7.1531
3172280e5940e40,control,,5.1486
a813081a2f77f55,control,,4.3514
21c10341df22aea,test,Преподавание и обучение,5.0692
c932aab0eb12da5,test,Преподавание и обучение,6.5166
0927e38e39d259c,test,,4.0998
86577fa6ea985f4,control,,6.0885
9f94848c029e5c4,control,,4.2345
511996bec2d30c3,test,,5.6439
15e880f76db9349,control,,4.9542
421087453fdacf7,test,,4.5721
74be0ca18dfef60,test,,6.4743
f0e9758ab0d08bf,control,,5.2637
34ccf122fa420d4,test,,5.6148
96352a38aed2a6d,control,,4.7798
62b7ed51f31cac2,test,,5.1951
8684a8f46857c82,control,Дизайн,7.1072
b70e5153f8208d4,test,Управление командой,4.8776
17b179b850c09fa,control,,5.1275
bb01e9934c4bf17,test,Преподавание и обучение,7.2414
aff242dc31928f4,test,,6.2718
d1d47f54cd87b0d,test,,5.8132
ff508360588a441,control,Преподавание и обучение,6.4984
ad2ee580bf87ee0,control,,5.3812
1123e9a5139f478,test,,5.1413
0f94096763199da,test,,5.3333
8bdddeaf4f23164,test,,6.1681
91ab87e65f1b968,control,,5.0699
2f2c46c40ccdc27,test,Преподавание и обучение,6.839
b13a194ab860bf2,control,Преподавание и обучение,5.7901
de070d07d1dcfdb,test,,6.3066
82e938bb026b4fa,test,,7.1585
55625add0685455,test,,4.8462
661a4d2f7a15640,control,,4.1938
a456a56f873d8cb,control,,4.2406
76b0a1aa41a88e5,test,,4.8407
74f8066cae012ce,control,Преподавание и обучение,5.9845
df4e428270cc051,control,,4.8207
e51bf2e02540bc0,control,Преподавание и обучение,5.4431
4fb62ce2457d9d9,test,,5.5398
431b9ea812addd9,control,Преподавание и обучение,6.5946
a10e62e6d306f95,control,,3.0144
6758812edf0a44a,test,,3.838
dc4adf682abbdff,control,,3.9783
7a1187c29760402,test,,4.3896
0a23a74721ae0d4,control,Преподавание и обучение,4.9909
7b072e8921d928c,test,,7.2694
a6b1506d502d8c4,control,Преподавание и обучение,5.3886
cab0e33a81b8e8e,test,,4.8087
fc7e541a89b7dcb,test,,2.7627
143d014399fe9a8,control,,5.4648
d05b4ff383b2e2e,control,,5.4635
8ae413a6714dea4,test,Управление командой,6.717
b913a06756a1a91,control,Преподавание и обучение,6.2957
cdd63c886d6b21a,control,Управление командой,4.4479
d3d8f9f27fb5308,control,,2.785
9348429fb6e22a0,test,,5.1153
b39e8bbbf21fc92,control,,3.6889
e869258318c84df,control,,6.2371
f5ddfdc363bfd41,test,,5.5707
f96562e13692709,control,Преподавание и обучение,7.5392
1a120a236f33c53,test,Разработка и инженерия,3.0071
777f2cd458d0794,control,,6.3193
7cd4aed60200c15,test,Преподавание и обучение,5.3544
a8ebdf1fe912b28,control,Поддержка и сервис,5.8567
dc36e2c70c0ac37,control,Преподавание и обучение,6.4127
adc3ff8c4af2202,control,Преподавание и обучение,1.8691
692b18dbbde9684,control,,4.5343
8bb91e4b4842f81,test,Разработка и инженерия,4.7351
123f6cb102be581,test,,4.682
f7d82f951a19b79,test,,7.1091
e8ca3fef0a7bcec,control,,5.3321
3b6ff32c1543746,control,,7.5366
81c12bd93e9000f,test,,5.5093
fca680662041103,test,Преподавание и обучение,4.598
c91420ef8dc4499,control,,3.4787
a1273d1e1f886e3,control,,5.7233
84c8b0dd98361f2,control,,5.5118
ba3a5f67ab498fa,test,,5.6451
0c647792eda4e4d,test,,4.2221
aec1d31d04bbd00,test,Маркетинг и реклама,4.2187
c63283eda8dfe6b,control,,3.7573
09d907b19deaee4,control,,7.3448
b246a4b8f868bbb,test,,4.3175
6efc9ff437c67c8,control,,5.3715
068154a99c684c7,control,Преподавание и обучение,6.1747
da647abd9dccc2f,control,,5.381
65ae4a9a390323a,control,,4.1727
f2b7280c95fa2fc,test,Преподавание и обучение,6.7124
c1b5b16b9a0ab6e,test,Преподавание и обучение,3.5801
33af701f856d4b9,control,Преподавание и обучение,5.8443
9ab0ce6fcd47cd5,test,,5.1987
63333883c8a974b,test,,4.7679
be3e3d0ab312f0d,test,,3.0579
288547f1597a022,control,Преподавание и обучение,4.5467
9231274b7f428e7,control,,4.8387
49964d3c50b1a25,test,,4.0976
6a8d543705c61d0,control,,7.758
f6fb721fd48e78e,control,Преподавание и обучение,6.5471
add068844bcc19b,test,,4.3703
b23b137e37b8567,test,Другое,5.6608
2566567d182aac0,test,,5.963
13e1c558b872612,test,Преподавание и обучение,5.9422
cc0a8a57dc15757,control,,3.8389
8026794a13bf0b7,test,,5.7013
8a0f20363d2dc49,test,Преподавание и обучение,5.6036
2a4f24f7e13898c,test,,2.2676
0e8b62543fb8485,test,,5.6355
968be216ff5280a,test,Дизайн,4.9104
0a3e7bffaf2571e,test,Преподавание и обучение,5.6131
4cf86965e19f07e,control,Управление командой,4.7869
1a2009bc208ca9b,control,,3.7625
c9cfbb4a9ceff0c,control,Преподавание и обучение,4.069
518f6b6606fe24d,control,,5.3848
20f2f8a2cf3dd73,test,Поддержка и сервис,5.7178
33adbd3531c4282,test,,3.6353
f874f4bfc05abfb,control,,5.9616
35bf3ff1cf40bd7,test,,6.0338
bed47cdfdd51ade,test,,3.1176
2a0ab039a0d5cd4,test,,6.5491
3627c522cebbd8e,test,Аналитика и исследования,4.1047
57e7780e1b2b2b2,control,,5.4972
688213fa7825357,control,,4.7592
8278f4c6e6efa1d,control,,7.0859
a30111e62391f8e,test,,7.03
249708eb84d358d,test,Дизайн,5.3312
d5119283c407ed9,control,Преподавание и обучение,4.6007
8b31f23de881f27,control,Преподавание и обучение,5.3788
7bc784e4741b688,control,,6.6313
ae0749a81a9a698,test,,3.6025
d11dd75400383ba,test,,6.2292
717639bd7511eab,control,,7.6446
6829c672b611716,control,Преподавание и обучение,5.4436
aba437f52bc7ec8,control,Преподавание и обучение,5.5203
906f904d6f7cd16,test,Преподавание и обучение,4.5447
3d7cdaaf05879bc,test,,4.8118
926d2a4223686c2,control,Преподавание и обучение,6.372
d789567e37492d7,control,Преподавание и обучение,6.3849
97caa9093757ce0,control,,5.7443
afc111ff5988b96,control,,6.662
3bea47afea80378,control,,5.9029
4f2cafafbe777be,test,,6.374
a7308f8fff854dc,test,,3.1777
2b970351f106822,test,,6.8319
50a6b3755367393,control,,5.7913
c2cb630aea828a0,control,Управление командой,4.546
5335032c4bdaa7b,control,,5.6436
9ec29a7b946b698,test,,4.4895
af1b510602838b6,test,Преподавание и обучение,3.7769
124ba52714e2358,test,,5.6782
f86b8657faa23ce,test,Другое,5.5473
3ee6a557658caf0,test,Преподавание и обучение,5.8721
61b82457a5232e9,control,,7.1445
38a1dc1e1989b82,test,Бизнес и предпринимательство,4.3761
118154db2a8c888,control,,6.8025
8f71aff2dd10adb,control,,6.0311
8de08ed99973039,control,,5.3603
0bfeba3314d282e,test,,6.678
d05baa46f5f2ac4,test,Преподавание и обучение,5.2755
3a34681458d2ad3,test,,5.1876
55cee4f84c7c0a6,control,,6.2176
7fb12721d32e9db,control,Преподавание и обучение,6.3975
75c923bd42e694c,control,,5.8663
02424045726b696,control,Другое,4.8575
081d327a04c5eeb,test,Разработка и инженерия,5.7921
a79a4fe8f047816,control,,6.2701
a899cebb1b36957,control,Преподавание и обучение,3.931
51874fd7d1e3214,control,,4.4053
d61ee152aba4580,control,Преподавание и обучение,5.926
5b64a31e2bfa5fb,test,,5.1663
dff503584b8ef80,test,,4.4628
a2b4a65b7d9dec3,control,,7.0652
636ee7385780acf,control,Преподавание и обучение,5.4281
b8e28ae234ecbe7,control,Преподавание и обучение,4.7942
3cadd01d9bac85f,test,,3.3159
3fc0676e432b27c,control,,5.9183
ad68e0c1d9ffaf3,test,,5.4589
031dc189100b168,test,,6.5067
1d779726e0f3b24,control,,6.4543
3b512e39bb76e6f,control,,2.5698
2aaedcad000014c,control,Преподавание и обучение,5.1561
a295970f4c8b969,test,,5.4242
f3adfe21ef8dd7c,control,,3.5581
56369a0f5492126,control,,3.6001
e34a43a8f080b15,test,,5.0538
4e3c3df10b97fc2,test,,5.4511
04ec362bbc0513b,control,Преподавание и обучение,7.2164
b1f1d24d22377f6,control,,3.5921
c8a08e5ce9e10ee,control,,4.5576
e0e437c963ac415,control,,6.2133
c0c7ba94911095a,control,,5.412
f1082b835e5274e,control,,3.42
710e33513ca5bba,control,,5.7212
bd24d96950cab2b,control,Аналитика и исследования,6.5133
57856e05ec4bc1b,control,,4.8157
0af1977ef1ebe01,control,,5.5418
d501529c3708d63,test,,2.8077
11a76318dbf442d,test,,5.8445
c9e89d2c2fa8a3b,control,,5.6843
b67d2550121516c,test,,5.5109
53d84500f193af4,control,,4.789
1ff729736d869c8,control,,3.3582
f547ad9ccd453ed,test,,3.7655
590180d3a910560,test,Преподавание и обучение,5.4635
ada1bebd425c7c9,control,,7.5821
28d59190dc1509e,test,,3.2317
b1ad73ab73c0518,test,Редактура и копирайтинг,4.8778
28ccad53ddf3cb9,test,Преподавание и обучение,6.8472
2bb8ac351f8da52,control,Преподавание и обучение,5.1923
18f3810d66a5fd8,test,,3.6715
aec8c2ff2c70648,control,,4.2769
a2794f8fa817c57,control,,4.681
20e269516917723,control,,4.1448
19cea6d6dd8d689,control,Преподавание и обучение,3.9185
83ffd035b259b23,test,Преподавание и обучение,3.5435
e2c0faa1cbde2cd,control,Преподавание и обучение,5.8189
ae99fac7ff7db75,control,Преподавание и обучение,6.8228
72bc38d76f45238,control,,3.3834
44bd9e419f7674a,control,Преподавание и обучение,5.0936
b389e702128edd5,test,,4.2822
4433d3cdd2d4c62,test,Преподавание и обучение,3.9582
35b14520a50275f,test,,3.5924
c02bdb39fd0b61e,test,,5.1787
86f24c3b48291e6,control,,4.1057
aa266722c44b18d,test,,7.8763
32e8cf89465d672,test,,5.9923
aa446f816facdf2,control,,3.2803
d42ad86b7bdf308,test,,5.4283
01e78ec087b910b,control,,4.7977
5fe83a23bebcaa6,test,,3.7665
fae18604e054b9c,test,Преподавание и обучение,5.0072
681deefc3cdbe52,control,,5.9084
0061b69f217cadb,control,,4.6477
29c17364b304f81,control,Бизнес и предпринимательство,5.1441
d32007ab6ff5472,test,,3.3084
00cbb5468c067eb,control,,6.0463
2ed962009d4d16e,test,Преподавание и обучение,5.3719
31b15b355ebc604,test,,5.5386
eed15c12ed76214,control,,5.2193
808684b9947788f,control,,4.1087
2436f5286fe4b4d,control,,5.4692
674679a64dcd4b2,control,,4.6733
3cc5221e265fbd2,test,,5.5818
25904b01ec17d20,test,,4.9066
26f730891eb8b6a,control,Преподавание и обучение,5.0163
75fd0a579c2d66b,test,,4.695
f6a4213c8adbb2a,control,Преподавание и обучение,4.4879
2c4bece074537ba,test,,5.8824
59bd904d69803dc,control,,4.755
9c61636d7809a9b,test,,4.1726
a908b24f2011f4c,test,Дизайн,5.3521
286f040ab59cdce,control,Преподавание и обучение,5.7552
715e4e4d867f30f,test,,6.0623
ab98ad1fdaaa936,test,,7.4393
06648816e87846d,control,,2.9879
5b1ccb0d01696c0,test,,2.9481
5cb3f32f2d0a138,test,Преподавание и обучение,5.0067
24fd03bccc1fece,control,,6.556
ee2f7d566554331,control,,4.5335
9b84272a371b786,control,,6.133
9a7712953043265,control,,6.017
53b0ca582c64d3a,test,,6.2308
b10537a49ad78ec,control,,4.4408
56b614227fcf8e4,control,,3.8058
0263cb5dd9594cc,control,,3.8779
1f04f5e571b2d30,control,,3.9933
79d1ff60f9e89f5,test,,6.1056
ae1707a7127a877,control,,2.7993
e4e96c643b5c305,test,,4.8642
0f8f2a1e2779d5f,test,Преподавание и обучение,5.6043
8fce1e5ba1494dc,control,,3.9746
92c799646f1011b,control,,3.2678
5994c138598ee8b,control,,2.0406
7dcfa7502bffbd0,test,,3.3653
01e421ea7b3d1cb,control,,6.028
f8f504070703bcf,control,,5.746
56652bd57cbe437,control,,5.1108
95ab0064f912892,test,Дизайн,4.081
225ff49a6367c41,control,Преподавание и обучение,5.626
89e7f123827ebfe,control,Преподавание и обучение,4.6458
0a6c39fd6c661cf,test,,5.244
f9926fb354df043,control,,4.0476
7a1183934f09794,test,Преподавание и обучение,6.3584
1cfe85edcb45dcb,control,Преподавание и обучение,3.1273
5d7ec5377ddcc97,control,,5.7157
f93dfe7d239d170,control,,6.1403
eebd37ec002695a,test,,3.2242
2d0cd5468842e86,control,,6.3498
837716424e84b3d,control,,4.4413
b0b29aa80615d09,test,,5.7435
5c613ea0c5ccfec,control,,3.9723
753dfa313c7f66a,control,Преподавание и обучение,4.3101
8fd6816271d6923,control,Преподавание и обучение,5.3838
d4388de9c88fe2d,control,,3.5162
18a15c7e7e3f809,test,,5.6305
4df44f7007dab71,test,,4.4298
e14322a6230cc4d,control,,7.1869
e4ae661022b98d1,test,Преподавание и обучение,6.1143
a42eeb6b795aacf,control,,4.2974
74e7a534ba3e709,test,,7.2715
16671132e4e2dea,test,,4.7664
09c2f1f5195d8b1,test,,3.2232
d3e3fec26c8e72a,control,Преподавание и обучение,4.8888
4e9a2ebb6160591,test,Дизайн,4.0213
252ad263034f861,test,Преподавание и обучение,2.4022
bf4768231feafb2,control,Преподавание и обучение,1.5737
d26f9bc16cfba77,control,Преподавание и обучение,3.0272
f291d0ae38bbcf6,test,,5.0749
b9a0b0eb39cdca3,test,,4.4702
08546df3c5b9731,control,,7.0463
95b90378e32c5ba,test,Аналитика и исследования,6.1379
a829862f9af2ac7,test,,6.2409
7a0935573ceb653,test,Другое,4.2147
7af902ca11cdf1e,test,,5.1039
ce3512e073a9b01,test,,6.5435
7e4b4c2d8a33c77,control,Преподавание и обучение,5.5582
c124611b2dca87d,control,Другое,4.8806
53ae6ac543910e4,test,,7.8075
d99c1c3fcfb7794,test,Преподавание и обучение,4.3947
c0bc96b1e649c3b,control,,5.8206
c34214b1df8207b,control,,5.2291
51693763b39a980,test,Преподавание и обучение,4.6745
949ed6a83fb2e23,control,,5.2179
352c80ed2752bc4,test,Другое,6.9192
f3b5fec374fb120,control,Дизайн,7.2551
fc0d5cfa798de4d,control,Бизнес и предпринимательство,7.0029
839c460faa7f82b,control,,5.8505
f87edd0a992a052,test,,4.6927
195b939ab9e92ce,control,Аналитика и исследования,6.1574
adf3771f5c7696c,test,,5.9768
426af41d3dd5235,control,Преподавание и обучение,2.9153
b793e788a1bf944,control,,5.4264
75235df268d7a71,test,,5.0473
6ce647273cc5e79,control,,5.6115
98f89027ce82f8b,control,Бизнес и предпринимательство,5.7723
f886a356bcc071b,test,Другое,4.1771
13ac3129b807177,control,Преподавание и обучение,4.9109
4c1744d4260ee3b,test,,5.3888
6aa69763bc7360d,test,,2.5141
70f9fe468404892,test,Преподавание и обучение,5.1169
095574cf430e18c,test,,7.8919
258aca55145d3ec,test,,4.6679
9c90fdcbf2b2abe,test,,5.9809
747c1776cebc97a,control,Другое,8.1793
a42bc722e234180,test,,5.1744
fa20a0fb37e12ba,control,,4.7963
0013ac6228d28d2,control,Преподавание и обучение,6.294
d9c239df61bb0a6,control,,5.1609
2da152e3047d3d1,test,Преподавание и обучение,6.0807
438ade34ab541b0,control,,5.1074
a2bfc36622ca6ad,control,Преподавание и обучение,6.5754
1877eaae6d5d422,control,,5.035
a53df527e77d729,control,,3.0484
5d7a3d13b8d741f,test,,2.3286
45cf0727790206e,test,,4.8833
fc63a3f70753f7f,control,,5.5559
b33bf788ac32703,control,,4.5452
986eba62a7da7b5,test,,7.1382
f1230828395f3ba,control,Преподавание и обучение,3.8135
3e58bc445e9b6a7,control,,5.0526
b417351970d3050,control,,6.2275
772e1819843f691,control,Разработка и инженерия,5.2806
191b0d91e0eefef,test,,2.6789
0e62d21286f5fc5,test,Другое,7.2234
cc34a6f52fdef17,test,,6.2949
418434c4cf07344,control,Преподавание и обучение,4.4812
1ece0bc69046de6,control,Маркетинг и реклама,3.6658
39e7ec2e9101706,test,,5.5899
50c5bdabdb3c838,test,Преподавание и обучение,5.9929
be00f5decea96b1,control,,5.3641
285a7ab5b12df8e,test,Другое,5.7365
c90380841a90e98,control,,5.0181
08edecfb2080093,control,,6.616
3537a6c1df8a05a,test,,6.7882
d6aecb6efd27ec4,control,,5.7135
24ac1792e73185e,test,,3.4283
2a57f6a1d68ba28,control,,6.5685
5783e7dee609346,test,,4.9361
3b63f86f621f511,control,,3.9632
68763bf951259a5,test,,4.5999
e47fcfebbdfe9be,test,,5.5494
db4a9e0b7d52743,control,Управление командой,5.6483
d7af22cd4d6c359,control,Преподавание и обучение,3.6394
ca7a57390d2de18,control,,4.8487
c3e4d7b45f524bf,test,,6.8514
94c3a8487ce831f,test,,5.5534
6df4313aaf70ceb,control,,4.7598
5836eab71fc1c77,test,,5.188
39af855fbb6f7d8,test,Преподавание и обучение,6.7241
851e1c85bcb7bec,control,,5.0298
1cf8435031996f8,test,,4.5088
0a2fa8af2e3d9c0,test,Разработка и инженерия,5.8219
4278e4af6092233,test,,5.4359
af2e2bc5e9b53fd,control,,5.3577
861fad5c2093e8a,test,Преподавание и обучение,7.2662
4d8245d191f5554,test,Управление командой,5.1903
3bda013739a3fe2,control,,4.0901
2b0e780abbcb876,control,,4.7543
e02eaa07355b162,test,,5.8476
189960c08769d97,test,,4.4844
bb219253c8f3dd3,test,,5.4201
1a0f7ffce965ae6,control,,6.9356
bd8993f4cb06ec9,test,,7.0599
33ec93e2c8137ed,control,Преподавание и обучение,5.4923
ade6d73f5f18205,test,Преподавание и обучение,5.6579
e9be78e8783202d,test,,6.9963
294003a6c7d1205,test,Преподавание и обучение,5.6217
fa393f85a055b47,test,Преподавание и обучение,6.3359
72bf9cb0ac0341c,test,,6.0165
33c80d3cf955b63,control,Преподавание и обучение,4.8239
e4a587314735ed5,control,Преподавание и обучение,5.4868
a5f4876a6540d6a,test,Преподавание и обучение,8.1888
75c9504502a57a5,control,,5.2333
173fdca566a2e32,control,Преподавание и обучение,4.6747
bc7eb563ee0e5ec,test,Преподавание и обучение,6.6059
35a10e22d8d1a75,control,Преподавание и обучение,7.3937
2a2ef8f30d46920,test,Преподавание и обучение,5.0164
c0fe1fb8bf96942,test,,3.9319
f9ab090e1b185f4,control,,6.5257
176c1ff67d6d5bb,control,,4.6595
593ef9421f4e821,test,Дизайн,4.5293
670a2f083419d66,test,Другое,6.7028
4bfa45c6cbd529d,test,Другое,7.9745
45940ff1c0f6bbc,test,,7.3577
22689dd9e148371,test,,4.0537
0fd8ec920933775,control,,5.2699
f9cca84ce71a497,control,,5.2099
4dfd0f97d9384c4,test,,6.1382
5998b7db839ae5b,test,,3.9876
2a89aa316e72705,test,Преподавание и обучение,3.9995
4b446bbfad448ff,test,,5.2972
29ce5d9efabb7ca,control,,5.3267
f65b1c4ab86f4e5,control,,6.931
96108ee3569c39d,control,,3.9896
aa4e0c3685f5a4f,control,,4.8637
dd55b0cebc95454,test,,4.1391
59b825c47133521,test,,6.2111
c4b1526b4685576,test,,5.3756
c1d2cfa1b443e78,control,,5.132
dc0e3b10f861b93,test,,5.2904
0cbeda574e7c92f,test,Аналитика и исследования,3.7195
6f02b8717126410,control,Преподавание и обучение,5.8986
b3513ccf1e5f65e,control,,3.3675
ce2de7542dae1da,test,,4.2515
4735fc198899c58,control,Преподавание и обучение,6.2231
447ebf9aadf32b5,test,,2.093
06747a5f03475ef,control,,7.128
8555dcda143caef,control,,4.8766
46ab9311038a8c7,control,Маркетинг и реклама,5.3653
166ce6ea33de112,control,,3.9195
54007367aec7230,control,,5.5059
4a44b9fd9d8947d,test,,4.1924
ed2b26cbfb91c03,test,,5.1597
04bbce98a364360,control,Преподавание и обучение,5.891
c8997ff5d0dd805,control,,6.6966
a598ac81a480bf0,control,Другое,6.432
b008df8fe7197ee,control,Преподавание и обучение,6.8404
a324c2bb587af58,control,,5.2397
3c0a3e343011e31,control,,3.6583
b383afe4005dfc4,test,,5.2886
620c1fd19e370ab,test,,5.2718
07ba8c47578b038,test,Другое,5.3972
32b9265393e6736,test,,5.8193
a303180d8117f6d,test,,3.7401
44b1b7612e77d89,test,,4.0113
cfe4e261a05d0bb,control,,5.7132
28bb23b92844305,test,Преподавание и обучение,6.3045
a535de6082fea9e,test,,6.6928
3d0d463fb08cbfb,test,,5.5842
24ddfacc70ad960,test,,4.8091
7eb6ce145391554,test,,5.3346
078e8532447e9b1,test,,5.7163
d457ff70397b962,control,,5.0846
34bc54503b8595f,test,Дизайн,5.1101
8d970d460ba210c,control,,4.7661
126b439514da84e,test,,4.4881
cd5418f5afd1fc4,control,,6.7535
ca4f2afb0811bca,test,,5.1697
8e16fe85121764c,test,,5.5044
a1581c7d3c1014f,test,,5.516
dc7d10d27574407,test,Преподавание и обучение,4.3452
25514251c1cb58e,control,Преподавание и обучение,3.602
c724f9b9c60ad97,test,,5.1565
a17d9fdacb3846b,test,,4.7803
346eae6eead1e33,test,Разработка и инженерия,4.9803
f93be3e86df80b5,control,Бизнес и предпринимательство,4.3157
eed54a69caf25e2,test,,7.3211
236349ba84f5593,test,Управление командой,4.8018
3d10e8a723902d5,control,Преподавание и обучение,5.6613
5f93913cc3bfc13,test,Преподавание и обучение,4.9721
7b84bc7d98d9e6e,control,Преподавание и обучение,2.9314
3108e81587efb1f,test,Преподавание и обучение,7.5707
9c16208cb34eda8,control,,4.331
f0d7d9c03ce9811,control,Редактура и копирайтинг,5.14
ace86ca62a5bd94,test,,4.4225
67aaaa75fd08b83,test,,5.9266
4c61bcc27f54013,test,Дизайн,6.1098
71934c7d0822d13,test,,7.5273
1cd4198dfa2324c,control,Дизайн,5.9619
e9d0353491d9421,test,Другое,6.0341
22caf3716db5fed,test,,5.6984
04baa7c76691f55,test,,4.6495
674efcec7d1ea95,control,Другое,6.8355
569da12732194e4,control,Преподавание и обучение,5.4562
6e5d15537c7088c,control,,8.2841
ac8a6fce9c6dc54,control,Преподавание и обучение,4.8962
87a5cb001bc364d,control,,4.7204
23c8adbce3c159f,test,,4.2786
b92f0189d434a30,test,Преподавание и обучение,4.7426
a31510a38417872,control,Преподавание и обучение,5.9395
35a9649f4fc984d,control,,5.8334
0b86a432a390598,control,,3.4798
8eb1d8da2426f73,test,,4.8544
3ecd8edccc75509,test,Разработка и инженерия,5.4215
4afc36639d4108c,control,,6.3124
8a93ac9b846fa40,test,Другое,6.6109
55e02f9d36eae7c,test,Бизнес и предпринимательство,6.5533
4c06f5eab3c56d6,test,Управление продуктом,5.5674
ca82ec320be5695,control,,3.8023
c467cae1383738f,test,,5.1826
605ae20c79afec9,test,Преподавание и обучение,4.5304
fab482d0e0ad16f,test,,6.0069
dfdb0ef2b88e39d,control,,7.231
83b63605e2e2fdb,test,Другое,5.3002
ab8f69d027bb840,control,,4.6761
8ac598a737a9ab9,test,,5.0148
8b11a8b274c2776,control,,5.9304
9edc53655f1296d,test,,5.1445
f7a917339ac9bf4,control,,4.3885
de97be8753688ba,test,Преподавание и обучение,5.8068
a6ac9b07d16643f,test,Преподавание и обучение,6.6581
0ed178130200b67,test,Преподавание и обучение,3.073
390ed07cbf9e783,control,,5.6065
c2ffd24d3936010,control,,4.752
e271438df302999,control,,3.5316
02ca655e1ab424a,test,,6.9786
8c7df5161888bbf,test,,4.6776
c1145b9ad8624e9,test,,4.6799
2dc67816a060d87,control,Преподавание и обучение,4.4238
c50cafa47b080c9,test,,6.3736
8cc19e8a24809f9,control,,3.7553
5a299a4a88d28bb,control,Другое,3.8589
b023a8c0259eeb9,test,Другое,5.7146
a9be02f56e9e2c8,control,,4.327
ba1e2d090e97ee9,test,,5.8619
a543b5499257b3b,test,Преподавание и обучение,5.4322
de8f8167942e795,test,Управление продуктом,7.3292
9aba101c0260f34,test,,6.5262
420daa0472d9cdd,control,,3.4771
85c26b258f5f1c9,test,Преподавание и обучение,4.4016
0fe06e3bb446f9b,control,,5.7819
ee0b8504a783345,control,Преподавание и обучение,5.2087
934fa28591519e0,test,,3.7927
00cd88aca28485b,control,Преподавание и обучение,5.7504
69ecaec0ff43d8b,control,Преподавание и обучение,6.8626
e76f6a049a9e389,control,,6.4414
64d99b61d7ab5e0,test,Управление продуктом,1.9812
b1ee019af818796,control,,4.1436
d7fb2ee0cec0696,test,,4.4501
3a1056e834e48fa,control,Другое,3.7737
5d98d36a30907da,test,Преподавание и обучение,3.1435
44e035b97abbd86,control,,6.5543
d4b0c2cd5707776,control,Преподавание и обучение,7.2354
9ef4d1df802375d,test,Преподавание и обучение,3.2951
cf3b0d77956a061,test,,6.0898
cdc6190c1f93033,control,,3.3014
6f9615aa12b5834,test,,5.8088
ae3af403e457b89,control,,6.6166
495eb035bc6e740,test,Другое,6.2406
4f3c7c3dea51c79,test,,6.0207
4f9224b7e4673b7,control,,2.3327
0d8ef1e60055c78,test,,6.3913
c2e4dc4d89d31d1,test,,7.3086
4b408358de642c2,test,Управление продуктом,3.3934
171e3872c5ff94b,control,,4.1495
03b31f8856e43d0,control,,6.0375
f0e7e101c8977e5,test,Другое,6.4964
4e1d1573de340fe,test,,7.2779
9efc123abd8fc79,control,,4.4311
4caeb1ca5e4734c,control,,4.4225
be568e7c95c1897,test,,7.9113
3287c75d50afaae,control,,3.2371
6d1c85969ec5b47,control,,4.7384
788f94757448b3a,control,,6.2919
5afaf400e604d62,test,,5.3624
4ce185a550e50a3,test,,6.301
ac4622b489314e7,test,,4.7253
bfac7a13bc9bfe3,test,,3.7608
463d72d24328e43,test,,4.9068
85f6c2874c6f751,test,,4.9663
130315b3e03599a,test,,5.0485
9ae697d04ae25f2,test,Преподавание и обучение,6.3345
f0216ba9c488a96,test,Преподавание и обучение,5.7385
74dd96a3093f652,control,,3.8142
907ac34498a1532,control,Преподавание и обучение,4.173
d70ca83aa7bab4b,control,,3.3367
55b85399fbd2928,test,,6.3204
cfe1c0ab668cf92,test,,5.2873
7f68f0445041c78,test,Преподавание и обучение,5.5049
1f0cc13f7e1b905,control,,6.1254
6dd4cfa1ba6428b,test,,3.8318
c269438d4bb31fa,control,Бизнес и предпринимательство,5.3872
a68521148acffa0,control,,4.5391
431f4f90997e3e2,control,Преподавание и обучение,1.9669
bc41f2e42c5b094,test,,4.9668
dbca81b98b56421,test,,4.8128
05ca0ef48587e1c,test,,4.6018
b2fb467b6b0664b,control,,4.6623
91888ec4c54e4ee,control,,5.7162
1345da87b5af8dc,control,Преподавание и обучение,6.02
d28f748c6042cf7,control,Разработка и инженерия,5.866
15320ef024f6240,control,Преподавание и обучение,6.9012
a31ff7b288c66e6,test,,5.3154
a52cc9c6b1d8d78,control,,3.7328
cdf2e7cd17a4d11,test,,5.4093
a55a89cfc63853f,control,,3.7673
36e2561fc2a7467,control,Преподавание и обучение,3.9939
42bfe51424f7663,control,,6.0738
0e74482cbe11c47,control,,2.7836
1f3922332f8b78e,test,,5.4173
82b6ca199168504,control,,3.9033
c4c884d8678768f,test,,5.6255
c41ebd9ce14278c,control,,6.4953
3e885a802a7f996,test,,7.6139
6c260d82888eb6b,test,,5.2315
5666f7f6317e627,control,Управление продуктом,5.8042
f660cdc8ba83485,control,Преподавание и обучение,4.2791
399c5c7c7755a67,test,Управление командой,5.073
f7272435e90ba88,control,Преподавание и обучение,4.2274
1cfe93c6f8c7b95,test,Преподавание и обучение,7.1878
7e4f96b69483495,test,,5.0049
d14ac8bc2f8440d,test,Преподавание и обучение,4.6637
0cdb9fbe0560121,test,,7.063
f31100779cb11f0,control,,6.5311
0e9822642692379,control,,5.3384
57031b2c5ad4e49,test,Другое,5.3474
4b86354c0fcb9c6,control,Другое,4.4433
45b29e3c8e2b869,test,,4.89
4349f0c3977b5e1,test,,4.6699
cac06845a4dd12d,control,,4.5786
4edf432a8162104,control,,5.2998
e57b4d9cb6c5c49,test,,4.1427
7b4ac719b45a73c,control,Преподавание и обучение,4.4867
17355a7d03e1e71,test,Преподавание и обучение,5.8753
dfb4a4a4f30caf8,control,,5.1407
bae03296cd3a054,control,,6.488
aea954430a7d967,control,,5.1545
85296c84d374dae,control,,7.4649
35b6ac857457e9b,control,Преподавание и обучение,4.0294
ad27e7776298144,test,,3.7962
a41da862e7b20d2,control,,5.4103
706a30c43efbdaf,test,,4.1754
6e6c7e45d6c1f0f,test,Дизайн,5.1078
12221dde5e50889,control,Другое,4.825
f123eedb0b310be,test,Преподавание и обучение,6.3391
a4340924c01a0f6,test,,5.4132
48c2a96f2134594,control,,5.7973
07b0d25e1efe317,control,Преподавание и обучение,4.1846
a49e9df92bae390,control,,4.7787
a518e5a849fb80f,control,,5.7893
82695235eadd6e9,test,,6.1197
54761cbf43d2533,test,,5.1281
9f24366f97af385,test,Преподавание и обучение,5.2254
85cc2bea2252f06,control,,7.1406
ef8d4307d16c947,control,,4.151
6962b68c8c52f71,control,,4.475
d119b35b75474dd,control,,3.9646
243a699de85a544,control,Преподавание и обучение,7.2567
3e4b92ad6c58ed6,test,Преподавание и обучение,5.0914
1bf4c63752d4231,test,,4.9944
d7d31e265311fd7,test,,5.5602
b3bc36fd7a61f65,test,,5.718
7a96fd0b10f81e3,test,,4.2157
967e9ff5555bac9,test,,7.2537
4282aed1779cf8e,test,Преподавание и обучение,5.3138
71ff417e15fb6f1,test,,4.6863
4024a4e13695320,control,Преподавание и обучение,3.5447
9ca0efdd0619639,control,,3.7253
08d340959b76292,test,,6.0193
c26af0e69d3ab20,control,,5.2131
a01d6857d2ed123,test,,3.962
e03987ee4e693bc,control,,3.9083
5a307538dca345b,control,Преподавание и обучение,4.7118
687469780e46853,test,,3.6063
f5d19cc2cd51e83,test,,7.0575
aaa1f68e9e925d9,test,Управление продуктом,5.2066
42d0d0e6e16d144,control,,5.5921
7ff6e536b8ec5bb,control,,4.0602
9275cd025edf912,test,,5.0074
1ed7b046a33f776,test,,5.4891
d1105d253151d91,test,Другое,4.6281
b885b8030440e49,control,Преподавание и обучение,6.7843
596c461a82b92ea,test,,6.3243
6e94885719d84e5,test,Преподавание и обучение,4.1778
02aef3c02b04009,control,Преподавание и обучение,5.2053
e5b9890c9d618cd,test,Аналитика и исследования,4.8493
9f61865e81da8fa,test,Преподавание и обучение,5.5225
c1406f5561a591e,control,Преподавание и обучение,5.1841
05f919a8d00b6a2,test,Преподавание и обучение,7.2641
a6980b2dde23e85,test,Преподавание и обучение,4.7585
bf1b96195f68863,control,Преподавание и обучение,5.1873
66b0425b2cf90bd,test,Преподавание и обучение,5.3781
c5ac4e5a481e086,control,,5.7788
190aa1b31f1452f,test,,4.6213
3905fa66d09af86,control,,6.7329
00023ec685080d9,test,,5.7997
e9d0797440f2458,test,,5.5475
fdab495b1ee5b54,control,,4.5021
6a25993ce4da6f4,test,Преподавание и обучение,5.9287
ccfe8111cfaf9fa,test,,2.8631
0994992deb0f80e,test,,5.6804
8833216327a9b48,test,,7.7942
8704fb3d31453f9,control,Преподавание и обучение,5.4871
4a8f6bd1810e59a,test,,4.1484
37f0f62dab8f697,control,Преподавание и обучение,6.0237
154add4fe32aedc,control,,6.5881
1dfbe3a3e460b2f,control,Разработка и инженерия,5.3408
84def1e8586f1e9,test,,6.0993
a23ca287b1687f0,control,,5.1241
597ed86a9697b09,control,,4.9461
0aaa158babc73e8,control,Преподавание и обучение,7.1036
d586fd2168e4f31,control,Преподавание и обучение,3.939
2fcd03ca6c3ec03,control,Другое,3.8054
a4f584377349aa2,control,,6.7783
df1400cc484c9fe,test,Управление командой,5.8448
86a709921069bb4,control,,5.7978
b81d44f77b8d891,control,,4.7587
13018035354236d,test,,3.3288
1819ed4e0f3f19d,test,Преподавание и обучение,4.4855
d1d5689a41bc618,test,,5.3519
57069848cce107b,test,Другое,4.9612
617c57120f99c01,control,Аналитика и исследования,3.6331
f2b16c1bc8c1e13,test,,6.3028
96ad3b611210d9a,control,,5.0701
c70e99b2c77f1d6,test,Преподавание и обучение,6.8496
3f1cc27cd41797e,control,,3.7804
66a655aa734c51f,test,Преподавание и обучение,6.6238
182c4ffd7486102,test,,6.311
19171cb3d25f1d6,test,,5.2107
4a364648e8efc86,test,Преподавание и обучение,6.0839
3bd1de67bf8f42d,test,,5.8404
743c36b1fcae0b4,control,,4.8804
d37369599b15448,test,Преподавание и обучение,3.6916
df6e282d1db61cb,control,,3.4025
7d28f86673a53d9,test,,5.7427
cb07cbb148bbb35,test,,5.2918
49d77a540cad0a7,test,,4.5055
3df4e57e313e300,test,,5.6877
ded670e22150c36,control,,6.6381
d2bc559acfb40a5,test,,5.8002
84e7e5f5eea545f,test,Другое,6.1706
9d730c731756db3,control,,7.2644
0d3747772556e7f,test,,3.2047
2ba0d60e1fb571f,test,Дизайн,6.5359
8dfc413756539bc,control,,4.6062
4473ad95359081b,control,,3.3238
e84b29382ebb273,test,Преподавание и обучение,5.5637
43023986896fd0e,control,,3.7353
d88c2d2e8a3d532,test,,6.3773
79dbe4526e49dc4,test,Преподавание и обучение,4.3986
33d4ce9a514e6e6,test,Управление командой,7.0452
200917cc4c0bb21,test,Преподавание и обучение,4.1729
8b0d5da4a277625,control,,6.1664
cb8cc434f6fd66d,test,,5.3592
114d53065bd7d8d,control,Преподавание и обучение,5.5403
5a9ec21faf26b6f,test,Преподавание и обучение,4.9356
11d9e55f72e938f,test,,2.7436
99796737653e387,control,Преподавание и обучение,5.9868
cf9c29a2e5d4035,test,,5.1064
e121ee484fd534e,control,,2.9165
1040b50705ebb89,test,,5.704
9d86331805b7ef9,test,,4.3443
bf0f283329c6fe4,test,,6.0919
00a21d02206928d,test,,4.1736
0d7330a873caebf,control,,4.8861
b431f730b3a1cd4,test,Редактура и копирайтинг,6.5104
79f8a264cd90167,test,Преподавание и обучение,4.6326
301e13fc40908b9,control,Финансы и консалтинг,6.6178
8537951bebae2f8,control,Преподавание и обучение,6.2423
355b3e8deb26797,test,,4.3914
31f9f77a5072baa,test,,3.7957
930643ab71c2fd6,test,Преподавание и обучение,3.6462
74cb9601e1ebec8,control,,5.7791
942c0ad2af99046,control,Дизайн,2.7293
701ea31847e9543,control,,4.7292
654d53eddc9d58a,test,,5.6176
d9f17f37e4284d9,test,,6.2651
29ad9b191709cce,test,,4.6179
d5043d5717891b8,control,,5.7976
f7b094816a3f25d,test,,5.366
ceb9699c18a98a1,test,,5.0365
ba23e0d5692718b,control,,3.444
516e395b7365dab,control,,5.3297
bfd2573ef578894,test,Другое,4.3737
8b98c245c51812b,control,,4.6031
e6c67963a68e94e,test,,4.5403
80145720b3716b0,test,Преподавание и обучение,4.7674
9c8206f379493a6,test,Преподавание и обучение,4.5409
45e96cd5f805666,control,,3.9558
9c994f636e56f7d,test,,6.0728
e21c360bf4b2f47,test,Управление продуктом,5.7143
c92a48cde210e7c,test,,3.567
306a6bee422e005,test,,7.7166
bac021c93be9be2,control,,4.5731
11974044944cbb4,test,Управление продуктом,5.8365
3e2cb78a2535154,test,Преподавание и обучение,8.065
052cc06654f6cec,test,Преподавание и обучение,5.6367
1d5d9de69e37319,test,,5.3619
1597e7b21d0911d,test,Аналитика и исследования,5.7281
ced99a0e04f7fa5,control,,4.1178
d02f3b2b641442f,test,Аналитика и исследования,7.4283
4fc20cf339038fa,control,Преподавание и обучение,7.2867
df07ad0ef210942,control,,3.9696
33ca6b74021a8c1,test,,5.7462
57520960d623896,test,Преподавание и обучение,6.7561
a72cf3ba6adb860,test,Преподавание и обучение,5.1263
26357fc4017570c,control,,4.8503
2f5a55674f464d3,control,,4.3794
c39c36abaf4df0d,test,Преподавание и обучение,5.5039
2ef1dc30b371c00,test,,5.8332
acc5c21b99d7eff,control,,4.8917
b0b691f7fd518ee,test,,6.3831
df5f158bc8c1414,control,,3.6444
0a3430ee09f4c78,test,,4.8438
e5787b23f1adb33,test,,5.2211
ac622d6b245b9d1,test,Преподавание и обучение,7.1523
7d77a156bdec2a4,control,Преподавание и обучение,5.9307
ad8ff0ecd800252,control,,5.9448
cf83a17f6972b98,test,Преподавание и обучение,6.4308
d10a1d5614bf042,control,,5.3776
e64b96130fe9e1e,test,,5.7402
9b100b4e3a0ff73,control,,6.851
619dba0ca2e9217,control,,5.6365
f0a60964ad557a0,control,,4.8827
52793eb5b41b566,control,,4.8924
d4e61e259653006,control,,3.0154
6176ad8d054319e,test,,7.3552
97d66490aaed488,control,Преподавание и обучение,5.3208
58b965b4d09a053,test,,6.4305
a353b905aa6bf5a,control,,4.5762
20d74389b37b544,test,,3.8854
932a3efa154c431,control,,4.175
8c53bfe4f5b1224,control,,4.0916
03850066ae3e4f2,control,Дизайн,4.3823
a5d92b68e3107db,control,,2.6218
e9fb4a39eb2972a,control,,6.4859
c5cf519c1b05fda,control,,7.0882
ddc8d6dc1adf6c6,test,,4.3437
367034c7314a2b8,control,Преподавание и обучение,6.2464
f07f1d5cfb08704,control,,3.9373
3aa98dcf09c0400,control,Дизайн,4.1771
d4fdbdaaeb2f1ae,test,Преподавание и обучение,5.5016
5a62b718e0db4cc,test,,4.3103
eb0e2b37499bece,test,Преподавание и обучение,4.3743
e4bafacf0534aaf,control,,4.1394
1dd8809352ad07c,test,,5.7529
f4e555494e879ca,control,,6.5127
128765e9450c2dd,test,,4.7637
29df875f44f639d,control,,3.7056
456155c120d6a77,test,,6.615
9a309a0d980f519,control,Преподавание и обучение,4.3077
efafcceebcbe110,control,,5.1599
cfcc88bbe3d75e6,control,Другое,4.5617
398e372958d6e55,test,Преподавание и обучение,3.8895
6cf9d8f20333a01,control,,6.4869
9d0957480e8d915,test,Преподавание и обучение,4.3269
68f95a0b9f04070,control,Преподавание и обучение,3.8948
614a1e326f62334,control,Разработка и инженерия,6.6506
49d5ba06fe3e7fa,control,Преподавание и обучение,3.1764
a8965b3d7a29ae8,test,,3.7018
5ccb373cbabf739,test,Поддержка и сервис,5.6688
c44b2075378ad9c,test,,3.3504
e1e01e196dae4b2,test,Преподавание и обучение,4.7175
df25b04d5e3993a,control,Преподавание и обучение,2.5052
44a4165eb7fa565,control,,3.7377
0ad9102dcc6c2cd,control,,4.293
138fe60de308c7f,control,,3.9369
7b8d71afcb6e160,control,,5.9404
4dbdbeb91c5d08b,test,Преподавание и обучение,5.5613
0fece8cb28865df,control,,6.1896
4f4f385fe0545e9,test,Преподавание и обучение,6.6548
885a79730ca4880,control,,4.5411
1e3271e235819d4,test,,5.0215
87cef0ebd750d90,test,,3.8235
fd9124361128d78,control,,6.2399
b0860aecc2cec34,control,,7.8962
445abcb8805b663,control,,3.1944
9f04e04472ab518,control,,4.5983
10315329db61570,test,,3.9089
0e80c0dfff49e99,control,,5.0359
c20aee2eb45489f,control,,5.8774
15cbe1390ef8c80,test,Преподавание и обучение,5.3767
a5746173e1189e4,test,,4.5384
dc4d6781fcf5188,control,,3.2516
cb4e4b87e9bf411,test,,5.3104
46c45421fd329cb,test,,6.8683
105c161d3832db8,control,,5.1323
fdb14048847c5f0,control,,4.9564
2ce03d758692303,test,,3.7124
812d92f713e56d1,control,Аналитика и исследования,5.7127
6156bfb27d4841c,test,Преподавание и обучение,5.1878
3995f1c4824a520,control,Преподавание и обучение,4.6663
28a89a48bf23234,test,Преподавание и обучение,4.9187
1ea31085e8bc521,test,,6.2253
cbf688e4335ece1,control,,4.6592
2a4cd1d1a0f7495,control,,4.0067
7081f607986ccd3,test,,6.0678
a58408e8cf73600,test,,4.9097
426af3459b2ae47,control,,4.4845
15ade79ead48358,control,,1.8782
7e8017c626c0d21,control,Аналитика и исследования,5.5393
21c1e102d48b827,test,,5.0084
d4bf02babf0e247,control,Преподавание и обучение,3.8739
9ef6ef355776340,test,,6.6814
00a0c86c87c531d,test,Преподавание и обучение,2.6621
422f3acf1b6091e,control,,5.1282
6db2fc533feb276,control,,4.6611
12b908a53c264fb,control,,7.2444
99c02d9f639d25b,test,,4.7142
febb2e975701648,test,,5.5037
4c7891ac06e8c91,test,,5.5667
a1f86ab2069f5eb,test,Преподавание и обучение,6.6707
621c9d855157c55,test,,4.5015
3b00b44aeba4883,control,Преподавание и обучение,4.0662
29c27f427c84b5b,control,Преподавание и обучение,4.2568
236f21c87cb1a3d,control,,5.6182
6d06fffea571791,control,Преподавание и обучение,6.4623
6c5171f33315184,control,,5.3618
ffd413fe83ac83d,test,Разработка и инженерия,3.0703
45c16e8204e2686,test,Преподавание и обучение,4.8716
1f948921c4f34cb,test,Дизайн,6.19
6bd7af0bd248a93,control,,4.2119
38c45c6020732c9,test,,3.4745
e543af754dff205,test,,5.737
fd64fc481f3e924,control,Аналитика и исследования,3.5868
dabf46f92898f80,test,,4.4999
7ef8fcbaee21b16,test,,2.6358
7fb64e23da7e2c3,control,,4.6231
51d9249a64f18f2,control,,8.7793
693482e20728911,test,,6.6998
379690a768146e1,test,Преподавание и обучение,4.97
56eec4cc60972ae,control,Преподавание и обучение,4.213
1ac4eee257315b8,test,Преподавание и обучение,6.1394
1aa9ad9744dd1c9,control,,4.7276
e50d969ca0a0e18,control,Преподавание и обучение,4.2775
19b840609fcb00f,control,Редактура и копирайтинг,4.8326
142b8428c6a4b58,control,,4.8573
156207937c8fdb8,test,Разработка и инженерия,5.0618
c37543812df6358,test,,6.3296
2ca48fa02cce305,test,Управление командой,5.1928
c759a29a61a47cb,control,,5.673
dc226eaf6ebbe69,control,Преподавание и обучение,6.8618
485fa2d005a25bd,control,,4.0699
99f9e7bca1ea39e,test,,7.7839
c10216a0e7c38f5,test,Преподавание и обучение,5.6245
a270249f1cd73b1,test,,3.4227
b02c397c6d3a4a1,control,Преподавание и обучение,4.599
40e33875fed0a44,control,Дизайн,4.7931
fd155f2b1b7ad41,test,Другое,4.952
71759244762b9c2,control,Преподавание и обучение,4.8332
d5fe07e6f5538eb,test,,4.715
e25f8cb17aced0e,test,Разработка и инженерия,4.5938
e707b7cbc03a64a,test,,7.6795
bb3b16ccb2ccdb0,control,Преподавание и обучение,5.3452
c550f28720d6c60,control,,8.0712
e24617893177011,test,Другое,6.4747
110c7640b0585cf,control,,3.2036
d024189a0973d03,test,Преподавание и обучение,2.7313
b12f5a42a446a2a,control,,7.5265
2eac1eea519b9a8,control,Бизнес и предпринимательство,6.3637
ab9d29566d42f89,test,,5.3496
9743dc397403c85,control,,3.1498
bc1ee853c48137f,control,,6.8095
2044db8aebbfc17,control,Преподавание и обучение,4.5289
1503eb9f97f524d,control,,4.6548
15ec77876eba49a,control,,4.6207
6938c84099dfde9,control,,3.4338
427e2176dc1d21f,test,,5.7939
1e8addbe9ef10f5,test,,5.7161
7669e750449aa12,test,,6.1628
c544292d071ac8f,test,Преподавание и обучение,7.3699
32ad48e81b7e412,test,Преподавание и обучение,6.0301
cdba122102a30fd,control,Преподавание и обучение,4.8121
bba9c5db5996692,test,Преподавание и обучение,4.6409
c84897efd114aaf,test,Преподавание и обучение,4.7736
dc10d5b3f5e7e69,test,,4.2776
77f34a9658035af,test,,5.287
eb9e461d8f8e495,test,,3.8599
16fd40514b065c3,control,,7.8266
5a488136dcc49e6,test,Преподавание и обучение,5.7294
11667a9b70aaa0f,control,,4.5918
e63d597198ef4be,control,,4.1889
f334cbf1cad03bf,test,,6.3577
774f7e67e0f69f2,test,,5.8124
cfe8afc9a8c8083,test,Преподавание и обучение,6.1935
96075509eed15ad,test,,5.5421
16fdb6e1af06726,test,Преподавание и обучение,5.7589
032c9d6f0042c07,test,,5.8443
51bd8a79fd4f50e,control,,6.2004
fe60f539e779883,test,,6.3798
669a6db37ffffc1,test,,6.4278
0c4a8c662c3c230,test,,6.4691
739d9d61c1715bd,control,,5.1807
15c3f2731c60d73,test,,4.7999
37651ea398a1fe6,control,,5.6125
d02e262a5e93e0d,test,,3.3531
728612dc3395544,test,Преподавание и обучение,4.0634
3460d9591507a5f,test,,4.6176
ded7a0a088cc7b1,control,Преподавание и обучение,5.8992
31ea47e9c4045e9,test,,3.0904
229e28e67f7cfe1,control,,5.7305
a9d6990bc67066a,control,,3.7832
1da600084fa6c7b,control,Другое,2.5261
57e90a571799da1,test,Финансы и консалтинг,4.7273
fdcdac72fac3cdf,test,,5.9784
6584c54aa20e01f,control,,2.8007
520d51de0f244dd,test,,6.2472
571efbdaf6f81e9,control,,3.2622
9b2f94f1c197394,test,,7.6311
fd439ad61edbb0a,control,Аналитика и исследования,5.2669
389724b9b1b35ee,control,,4.4899
262a2b8dd1b8e87,control,,6.7687
e28af5efc801923,control,,6.5765
c44a4a6b4d48ca1,control,,7.3341
2ead72aae54e77f,control,,5.4458
a28082df5a28e52,test,,4.5863
bbc74b93638fa3e,control,,5.5658
11a5715c8c71e22,control,,6.3747
0757b5460aa6e06,test,,2.1812
b4795e5d47847dd,control,,5.7059
765795bfe746472,test,Преподавание и обучение,4.7195
afd7d3efbb4af02,test,,6.7734
b41fb9a3169d623,control,,4.7456
8d16fb8220f5ecf,control,,4.4765
8f246d632bbdcb7,control,Дизайн,4.4645
fb15e8ca2f06bf9,test,Преподавание и обучение,4.6467
4250a003486f7d5,test,,4.3363
ba9cf67397d9424,control,,4.6292
c0e2a15ce9baa2d,test,,5.9826
2430901a02ffc10,test,,3.7035
52a0e92abd2df88,control,Управление продуктом,4.3275
4eb8f40c7f13dba,control,,4.6864
ee94a02bacf27ec,control,,6.2982
6c4759a02e6f2c2,control,Управление продуктом,5.5288
947511e53b13591,control,,4.8159
2fc31ae5c63871d,test,Преподавание и обучение,4.9586
fe179f4e989c663,control,Преподавание и обучение,5.5193
9615c59fccc6c40,test,Дизайн,4.2099
8da10256ed9997c,test,,6.7707
4fde39683ebf214,control,,4.5352
ee9aef2cf24d11c,control,Бизнес и предпринимательство,4.2587
fab4204e22c12b7,test,Дизайн,5.3415
19d515d0e18129c,test,,5.1488
2e6b70d608686bf,test,,5.9461
6c755724a12deb3,test,,6.8695
7b696473e288ea3,control,,3.1205
5672e5e6d2cf78c,control,Преподавание и обучение,6.2987
4ece88d8d9ddf16,test,,4.3166
85ed0df5fad9602,control,Преподавание и обучение,3.7934
601688dc4282cdd,control,,5.3563
d48fb771609de3d,test,Преподавание и обучение,5.0097
f986014665653df,test,Преподавание и обучение,6.9977
aa3a9a4f3e93984,control,Преподавание и обучение,5.5415
c72acbaefe23668,test,,4.938
99d975e53198a4e,test,,2.4166
a78c79a5c18a9fe,test,,4.9004
962f3d4e05ecc60,control,,4.9605
60b4cee3198fc49,control,Другое,4.9305
2f90f6f6889ebd7,control,,5.0665
0116298942353a0,test,Управление командой,4.9742
c3bd9271acce455,test,,5.0171
eb80034a07a0420,control,,5.8532
aabe5de7dba0d2e,control,,2.4179
001ab462790d035,test,,7.475
e7af06dbf9969f9,control,Преподавание и обучение,5.7754
4d4406f558ea2d3,control,,5.4937
be6109b3a329672,control,,3.9903
a3aa3507f0bf78a,test,,6.6888
b45e581eccb7ebc,control,Другое,7.2222
f1f63302d515e8f,test,,4.5119
8d03a28833c1961,test,Дизайн,3.3942
9320169bc42c50d,test,Разработка и инженерия,5.084
ebeb0ab4867cc83,control,,4.2429
a7473310dc28c86,test,,4.6537
085c2bcd48dd89a,test,,4.1355
4767aba1d88eae9,control,Преподавание и обучение,4.6866
690a8e37233f258,test,,3.6651
795770f4fa3897e,control,,3.3924
934b3ca4c6dca43,control,,5.154
65ed5873215e379,control,,4.3331
3bb039e093bdf31,test,,4.0878
55703f5a9e7754f,test,Редактура и копирайтинг,6.9297
24e327ebb14bff8,test,,5.787
f575e6d5177ad81,test,Дизайн,5.1495
e2e91cee3672ef1,control,,7.716
16411a52bfc7055,control,,4.7167
db131984c4aff9e,control,,5.5295
977b25bb31ecaec,test,,5.4665
2a1320446433935,test,,4.8474
41214d04f4ea541,control,Преподавание и обучение,3.4808
03d812a6f3374e0,test,Преподавание и обучение,4.4295
d0c5a8732cd7051,test,,6.6933
e8d27d6f7c890f1,control,,6.5095
f74edfbb7d64478,control,,4.4777
c67a1a0d4a14b99,test,,3.9297
9ea346e0f4f80b8,control,,5.2884
f234375093ece42,test,,3.4417
032307b9414c69a,control,Преподавание и обучение,5.6594
ad623f0d8f0246a,control,Разработка и инженерия,6.696
3e7f1c578e6e10a,control,,4.6169
4e6ede26f0cd604,test,,5.7868
ce96f370c7b3c02,test,,5.9164
c6536094fc884f8,control,,3.7153
82fb246c692a24f,control,Преподавание и обучение,5.6824
b77418e96191ed2,control,,5.6784
8c2de0d5ed694dd,control,,5.0539
cb9b083da699ecb,control,,3.4054
d2b0809c969b1a8,test,,5.9298
a3c75c044882477,test,,4.3251
30cc35514a56d3d,control,,5.217
d151ba446a44feb,test,,5.2322
62b7675c57f9535,test,Преподавание и обучение,4.0825
657832512261c46,test,Преподавание и обучение,7.1963
eda1778e9d0c3d4,control,,5.7402
4d8d07e503ffc3b,control,,5.8816
4f81bfe0f267404,control,,5.2766
cc5012c28aed629,test,Дизайн,5.903
812bae0da81ae25,test,,5.1756
ece6a36396a1838,control,Разработка и инженерия,3.056
60601a3677e88e0,test,Маркетинг и реклама,4.4934
b6cabef4609a7d4,test,,4.5534
a11631558345dab,test,,5.5649
51a0baf4964f883,test,,3.8827
11fa6808adc1cd0,test,Другое,4.213
ad9c1825ac7fec2,test,,6.2133
819b4baced97f38,control,Другое,5.0035
1338ed37e6c603c,control,,5.0961
6e37e7e030b9917,test,Преподавание и обучение,5.2103
d49bfe214592278,test,,6.8714
578ca4b26f0391e,test,Преподавание и обучение,4.3676
0fceb51d4febdfa,test,Преподавание и обучение,4.62
47d532b68716f15,test,,6.3707
b604e2642ac9eae,test,,4.8623
aada11f3175ea49,test,,4.8807
628cd7d26f554fa,control,,2.993
7e9a58ea005445c,test,,4.4461
bcbaa654b27be5b,test,,5.44
95f27557aa4bc9c,test,,5.7764
47d6815005573d4,control,Управление продуктом,4.6102
f14d5c341494f41,control,,2.0467
90c35a16c04d99c,test,,6.4735
7df0d9b7ced197d,control,,3.7729
a9f4e33f86c03f8,test,Маркетинг и реклама,4.9714
792d0ad8c76e492,control,,5.4538
1bb74f22ef0f9ac,test,,3.7417
360cf33be384d1f,test,Другое,3.8679
84c7c51d32c21b3,control,,6.0257
eb164a295804961,control,Бизнес и предпринимательство,6.8236
24427907f69d912,control,,3.1788
c60099236a1fbaf,test,,4.4573
8da3a3e6fbeb462,control,Разработка и инженерия,3.7765
9d1bdbb317ac2cc,control,,5.0141
4c656b93bd47f3f,control,,5.1002
56cb3ed9d1a4e3e,control,,6.1225
cf25ee1e70b61db,control,,6.1812
5c039c827124bee,control,,6.5975
5d03bac7263982d,test,,7.3812
b0ca3ec87da2769,test,,3.6616
c09e44b5c5c58a9,control,Преподавание и обучение,3.5412
dd60f20da6d719e,control,Преподавание и обучение,4.4296
850415f5c6bf9ac,control,Преподавание и обучение,5.0584
07e18e676fa1c33,control,,5.4514
fb70b017ddc60c9,control,,5.2402
9486aa10668a5df,control,Преподавание и обучение,5.8901
27f47fc37c9253a,test,,5.054
ee1d140681716bf,control,,5.8256
4806808094eef7f,control,Финансы и консалтинг,4.4941
0d16cd73b16030c,control,,5.5225
32f3aa341f74250,control,,3.8905
331d5daf5ec0639,control,Преподавание и обучение,5.7566
20b25a359511719,control,,6.9119
27edbce39be512f,test,,5.1862
b143d5ad63d6e13,test,,4.4122
785938641b0fb5d,test,,4.754
449e32caaa326b1,test,Преподавание и обучение,4.6581
70d58bd21cf24dd,control,,4.3567
ccf9510a8b51f3c,control,Управление продуктом,5.9301
a43db891b42a081,control,Преподавание и обучение,4.7716
5b6f8a92fad6799,test,,7.4735
1d734d0b283419c,control,,5.2092
fd568ad908303c0,control,,3.9833
1ba08edeca28358,test,,5.4506
4928b923f0acc2e,control,,5.2032
f472999211d5b52,control,,3.7788
0133bb605ead2e1,control,,6.4979
d91fc642955c4a6,test,,7.7916
08b24af6fbf8087,test,,3.8147
56fe380161f4baa,test,,7.3257
ac5d04b3ea0d909,control,Разработка и инженерия,6.4252
565a463506a9c9e,control,,6.0658
63c94aedc7808f8,test,,4.4625
12133c81b033218,control,Редактура и копирайтинг,4.7516
49ac8967b33337f,test,Преподавание и обучение,5.2039
4ac1f796942934e,control,,6.0579
9a82269b940dd15,test,Управление командой,3.3008
ff806ca54c78c0a,test,,5.5682
754ed7bf016747a,control,,3.6114
10255d9fe0086f6,control,,5.329
7b85a3bd30a39d4,control,,5.7844
e1d1f7ef711043c,test,,5.191
462ef3f4a415cd4,test,,4.7583
7bcdaace895b7f5,test,,5.9823
87d95eb120b61a1,test,,6.2979
be7da6c1ff9b41e,control,,3.9476
92db7dd6cd60027,test,Дизайн,4.6451
32f690cda323d34,test,Разработка и инженерия,6.6848
89deee5e60da73c,control,Другое,3.1556
4514c5b93fcfbba,test,,6.0556
c8eee86752d8138,control,,4.6124
060b0ebba1fd898,control,,3.3532
09fcdc4c00381a3,control,Преподавание и обучение,4.7393
02c9bae2cb365cc,control,,6.2797
8e55da0cbd5ceeb,control,,3.5239
f93543f9d7d8bbb,test,Разработка и инженерия,5.0185
96f4dfe0ffabb1b,test,,4.2669
5a62174cba95811,test,Другое,6.4623
22f0ae84325324f,control,Преподавание и обучение,2.7449
53655d36024f2b1,control,,5.1674
683810fc3851251,control,Преподавание и обучение,5.4827
66854524d19e84d,test,Другое,3.904
ef621d7c0d6c9a7,control,,3.6992
8b332b90c69ef5b,control,Бизнес и предпринимательство,6.1709
ff18a883ca6b176,test,,5.6765
022897bba75f905,control,,6.9907
62bb8849206ab80,control,Преподавание и обучение,4.7513
63410c25d96b84a,test,,6.2772
d9017e89201d461,test,Преподавание и обучение,7.7326
52971af735ec907,control,,3.9561
2ac46363fb4db9c,test,,4.7938
17361c5f8c2754c,test,,4.168
55cbccc74239caa,control,Преподавание и обучение,5.4183
02b4bce680eb1fa,test,Аналитика и исследования,4.429
f93da99b69c950a,test,Преподавание и обучение,6.3968
c1c74722148654a,control,,5.2457
9b7e6aee61bdb58,control,Преподавание и обучение,5.2342
1c767b907333d1e,test,Бизнес и предпринимательство,7.0078
4b9007c6288ba54,control,,5.4031
da583f55b413bfd,test,Преподавание и обучение,5.9044
5189db4e3ff1724,control,Аналитика и исследования,5.2736
a60ecbadb2d0497,test,,5.6463
01ee12465f94563,control,Преподавание и обучение,7.3377
a87c907084b69bd,control,,4.7169
72bafdf0412eb50,control,Другое,4.483
5407973bcd6d529,control,Преподавание и обучение,5.9562
5e1e8fd8f1a259c,test,,2.2543
e22da5bc0930b8c,test,Преподавание и обучение,3.5544
64774e2f35445b4,control,,4.0848
9257abfce4aa18d,test,,5.268
0e2faaf0c987b25,control,,6.0449
ff35edec4779469,test,Другое,4.9814
f15733dffe88d0b,test,,7.1041
93319eb6bacba41,control,Дизайн,4.7619
da503a934ba84ba,test,,3.4848
cb3a360805e65b2,control,,4.746
41cc82dc398adc1,test,,5.5913
e8d1c44ead13c8e,test,,3.639
351db9cb64680a7,control,,5.4989
f5baa1bfedd124c,test,,6.6169
064dd19a86a3cfb,control,,4.3517
8690448c690422e,test,,4.2715
09b9163d9f70548,control,,2.8952
fc3fd6a7247c270,control,,4.5796
0f074615876097f,control,,5.3033
c60735346c412cd,control,,4.4964
09d34a2851cd32a,test,,4.8126
091fb3be6f1faad,control,,4.8453
cab5dc14c1c7772,control,Преподавание и обучение,4.9328
0544788c5695eeb,test,,3.8428
9a1aac2de318363,control,,4.0473
f023f8d803d2977,test,,5.2773
ed7caea35e617ed,control,,4.5861
e3ee469e650b7e1,control,,5.2644
79bf9815bc0d75f,test,,4.2235
a76ce5444b8e2d7,test,,5.0806
896b63db68a7907,test,Бизнес и предпринимательство,5.6471
82a87315c3a14d2,control,Преподавание и обучение,5.3831
1247fec5de6009d,test,Преподавание и обучение,2.7084
d02095eba1c41c5,test,,3.4951
ae43b5534c27a5e,test,,5.6485
f53bb66311f9bf8,test,,4.2295
de250b74af76a78,test,Преподавание и обучение,4.9227
8d10bb46a7406af,control,,4.521
de2270cdc7f59bb,control,Другое,6.0324
aa1361a9a7840f8,test,,5.0547
5ce925f8dbb3b53,control,,5.3448
5e913bb0acbcaff,control,Управление командой,4.8983
64091d56a4db6ea,control,Другое,5.0733
b88085c4538d377,control,,3.8321
c477ccb0a672161,control,,3.9969
1405e1860251d92,control,Преподавание и обучение,4.9362
7e20c1d46e7fc1c,test,,5.0287
05351854f7c6c7b,test,,4.904
54d7119c86c1284,test,,5.6818
175916da44828f8,test,Преподавание и обучение,5.4061
080b60134291e21,control,,4.3891
32ad2f16c9b176a,test,,7.537
8670a5c855fdb6b,test,Маркетинг и реклама,4.1563
0e6cc1e8e8c7c6f,test,,5.2288
c42c9bef2fe4869,control,Преподавание и обучение,5.2866
5d1409b86bdd889,control,,5.6014
dcf94fd81c6efc5,control,,3.8563
fb11b8e24c7b7d5,control,Преподавание и обучение,5.8713
2b98f359a09df36,test,Преподавание и обучение,3.9143
1ab5acbce816c86,test,,6.0128
53547512383db82,control,,8.8969
a81f4a818060b9b,control,Преподавание и обучение,5.6107
54d45da789b370f,test,Другое,2.9727
d263bb86a014a28,test,Аналитика и исследования,5.0107
afddb3c4466fd00,control,Преподавание и обучение,4.8405
33823f32938fe4d,control,,6.5691
c39aa1ddc003712,control,Преподавание и обучение,5.6154
425fb1a9b25326f,test,,5.1631
186e367efa7aadd,control,,4.823
7fc62ac2a78ab58,test,,5.0565
70e9fb8de3927fc,control,Дизайн,4.9459
95810db7d79eff9,test,,5.1846
0425dca55cf7518,test,,4.5621
715d3febc30c459,test,,6.1443
b7879560de70bb8,control,,6.6531
2e1ea8e63d3b89b,test,Разработка и инженерия,4.5263
308934c35c984f6,control,Преподавание и обучение,6.63
7fcf866815cd450,test,,4.4819
9430bff7570013f,test,,5.8007
1cb38f95005af6b,test,,6.1653
f45928e7bc7cce0,control,,3.7665
3e9cac4505426a4,test,,6.3663
aea98a2ae056c73,control,,5.1072
572f7b84f6b9e51,test,,7.9315
11118394b63f652,test,Преподавание и обучение,4.2369
ab790f2cba7baea,test,Преподавание и обучение,3.1301
15a485280286b88,control,,7.1706
a0800f5ef86535e,control,,5.5468
db030e1647d4e17,test,,4.286
39b466293634216,control,,3.2831
e758053b4d9d3ca,test,Преподавание и обучение,5.5353
59c8838902d32c8,test,,5.0927
cace3166053788d,test,,6.1107
946ef46f4c4d68f,control,,3.2202
70f3f6fe2258bff,control,,4.5639
4182959dc414c18,control,,4.3251
542af725b4e590b,test,,6.5817
0b6b3f48cbabe40,control,Преподавание и обучение,5.3101
700f815844374e5,control,,4.2917
be741b2bdee61c8,control,,3.5188
cf9e576d28e9e40,test,,3.9063
eb5f51bfc6fb914,control,,4.2958
f4e93ea2b3a1aee,test,Преподавание и обучение,6.4875
a91c4934d049050,control,,5.0395
d248722984be2db,test,,4.2685
37b1856390b5a5a,test,,5.4398
be08cb5fb9fb371,test,,5.3421
df05cb31e675ea5,control,,6.9544
2d86e33d56d4d7e,control,,5.6006
5af07086114aa34,control,Преподавание и обучение,4.8448
cf50a01025d3b1f,test,Другое,6.8355
eacba5f9b621cd5,test,,3.7681
ebd62b2a41fcd76,control,,1.3789
e9f28220939ffd2,test,,5.1831
f6ede5dd17b3540,control,,5.1718
87e9f06a6d9b3e0,control,Преподавание и обучение,5.597
2fd5ba183849586,test,,5.9409
3491918602e6184,control,Преподавание и обучение,3.7303
5899eaee48d4724,test,,4.3027
7887554197e8817,test,,4.2809
f978dfd3414b63e,test,,5.1224
13f7a1be6e4c8b4,test,,6.2638
86f8afeb6bd7d9c,control,,4.3677
6a75eabf0df7bc7,control,,4.6943
2f337d41bcc42d7,control,Преподавание и обучение,6.6652
65edb4b988d2a94,test,,6.4381
bfaabcda7c5bf6c,control,,3.1341
a522d9f152c22b3,control,Преподавание и обучение,4.8419
0c337d3fbe41af4,control,,4.3125
639ba5ac5383196,control,,3.7295
99098da9c633f3a,test,Поддержка и сервис,5.8758
d08c00521599e03,test,Дизайн,5.7775
d388f8930d14ce1,control,Бизнес и предпринимательство,4.77
468373dc0849083,test,Преподавание и обучение,3.8347
f05305f08fca915,test,,5.8407
7aaf6e63f66b189,control,,6.1045
3e1f1e108c494c3,test,,5.2186
cfefb7132a2fe92,test,Преподавание и обучение,3.1325
0cc1ee453f2ef09,control,,2.7197
1f8120e5842b8c8,test,,5.9931
d1a556e151b8007,control,Преподавание и обучение,5.941
aecbbf5fad22607,control,,4.6009
6a1da6ada1212f5,test,Преподавание и обучение,5.9089
20a2586748ff569,test,,6.9363
445400349419889,test,,6.4541
6e51eb994d5e416,control,Преподавание и обучение,6.8502
68ee7b3d2296030,test,Преподавание и обучение,2.9099
7ff19437d2805c4,control,Преподавание и обучение,5.8134
e6c39f5a58ad8c9,test,,4.0261
985a7e9ae0ac856,control,Преподавание и обучение,3.4101
616926764cf7de0,test,,5.6334
c32a5d1d21694c1,test,,5.6495
4290b03070a7547,control,,3.5547
17fbb9a2d64289c,control,Преподавание и обучение,3.4275
9394f8377a29eac,control,Преподавание и обучение,4.8282
94e8514bf93c47c,control,Дизайн,3.4546
9b27a7874b03c42,test,Преподавание и обучение,4.2601
9e752e4c214e8e0,test,Преподавание и обучение,5.225
8983adae10b03d0,control,,5.0954
17255409560a969,test,Аналитика и исследования,4.764
7bb12a9df901cc1,control,,3.0408
53c972f0cd5f339,test,,5.0687
79d69e4e5f13dc6,control,,4.3443
528bcdef4d7577c,control,,4.8521
d477180abdadaf5,control,,5.538
6c06d1440a53eed,test,Преподавание и обучение,5.8632
a7f1aa58e1b00d3,control,,4.9567
65ae34ff446672b,test,,5.6348
8ded85828677f52,test,,4.9368
5ad8a019d57a47c,test,,3.9616
395251eae5766fa,test,,4.9651
8aee7175a271845,test,,5.2189
7caf9ff7d74989f,control,,4.5367
d03f44214b6a95a,test,,4.8235
55da4d778abd671,test,Преподавание и обучение,3.8781
4637dafb38c7842,test,,3.4041
b760a4782d29836,test,,5.7694
ce65d4e24f5e6c8,test,,5.7822
a8acea5492483af,test,,7.5225
02d02de1a6ab06b,control,,2.9613
4335d64a74b9622,test,,3.8552
5c45b551697cf7c,test,,5.3517
2fe781ae8a7f4fa,control,Преподавание и обучение,4.0539
076758c3314bbc1,test,,5.8959
3f8f15c7ffea76e,control,,3.4113
66449a0cceb8c81,test,,7.6291
51afcdb21ed6115,test,Преподавание и обучение,6.7567
0d5ece7bffdbfbd,control,Управление командой,4.2783
28e4af03784a742,test,,7.2673
94015661473ae73,test,,4.1087
59d15273408b334,control,,3.4596
68f2dfea7aadc9c,control,Другое,4.2612
ae0eaae2bd7e141,test,,6.51
cc62acd71d79d9a,test,,3.935
94a81b9801b95fe,control,Преподавание и обучение,3.2899
f74d903dd248e85,test,,4.122
475e6dfd7e6da74,test,,4.3591
c562353e03cb9a3,control,Редактура и копирайтинг,5.688
294e2f2ae3a8684,control,Преподавание и обучение,8.3411
a6f19e56d19e342,control,,4.9639
ba481b8d7b0f767,control,Преподавание и обучение,2.8682
0f8cb9b9ee1383a,test,Преподавание и обучение,6.1837
de5deccbdaff0bf,control,,6.2541
d8d52b7781e957c,control,Преподавание и обучение,6.0631
2721c115c8d2cc1,control,,4.5384
2ff3fc553199375,control,,5.5238
325c6e180d04e57,test,,7.7054
eb5f84d2a2bf674,test,Другое,4.8647
a9657e8f675ef11,control,,3.4383
ef832b850b13b93,test,,5.6601
ed9f13e27cb169e,test,,5.3813
7327e8c8512a8a6,test,,6.4028
d5b2306aede5895,test,Преподавание и обучение,4.1559
96583783d77702e,test,,4.3983
6d7523713ca0b3e,test,,4.2783
2fd445a57a37296,control,Другое,4.7317
1f809ceee0c6bf0,test,,4.3338
721d781b580767e,test,,6.0501
6776d1dfe9b08bc,control,,4.3986
8d54922df796426,control,,6.9988
2f6439133b4843e,control,,4.8532
b88e9fee2841f8b,control,,4.8162
a5f8e6564e24a5c,test,,4.8174
31957a0e0ae1ff0,control,,4.3424
5f3f727b50ca8bf,control,Другое,4.4792
244ee32a91b94ee,control,,4.4747
8847029fea444b8,control,,6.838
6019d8b28becccb,control,,5.3387
7fa68f53aee2943,control,,5.0327
b94ec305c3020ce,control,,5.3075
76b8838fe5631a7,control,Преподавание и обучение,3.8941
f182f0efed1cb8a,control,Преподавание и обучение,4.3844
f77d05161202d90,control,Преподавание и обучение,6.0798
ced6a328390474a,control,,3.089
165587510a73cc2,test,,5.1958
ed3ae857f71ff4c,control,Другое,4.0077
2e232c3688d51f9,control,Бизнес и предпринимательство,5.4113
50168498b5e7245,control,,6.1623
c7e49265be9d00e,control,,7.3839
248a4ed6530ac53,test,,5.8855
24fb871bc01400d,control,Другое,6.0419
9b1739ea28d5e24,control,Преподавание и обучение,4.9296
0934c553aaa1720,control,Преподавание и обучение,3.298
4a396aa34f4e521,test,,2.0519
e790108e3597eec,control,,4.7213
c9eee66ece65795,test,Бизнес и предпринимательство,3.9892
5344472733fd19a,test,Дизайн,5.0077
f977c3fafa9acf5,control,,4.3792
db644460fb8ccef,test,Преподавание и обучение,4.3848
d1c379617c73c25,control,Другое,5.9819
70b81f1879e6c9c,control,,6.964
5561cda059b1aaa,control,Преподавание и обучение,3.9421
d4dee078b725079,control,,3.5873
a152b57e1851e30,test,,6.5245
b472626ece1b04d,control,,4.7949
d59f6f8ba9649de,control,Преподавание и обучение,5.062
8a36b74f1b7ed04,test,,3.6194
0a7d02762b39e9f,control,,5.3922
c309795c9e54a8b,test,,5.1025
17348ba02cba345,control,Аналитика и исследования,5.4228
8cefc6274091be3,control,,2.7631
02f79fd55bc5c3e,test,,4.6904
4dd8d17116ae36c,control,,5.2655
732a00b69c6c938,test,Преподавание и обучение,8.1601
adf34d9ab4dbe2b,control,,6.4316
fdb73b3fa4ceab2,control,,5.8367
b5e4c17c0231da9,control,,5.3523
c661789abeb1a9e,test,,4.0408
1928f66c7448472,test,,6.5195
042909ab9872c87,control,,6.7629
2d02b09fa78dfe5,control,,3.9787
a8b31e5d3c41c3d,test,,4.5227
1b5c494ff5349b8,control,,4.3635
58713428ea54239,test,,6.1762
e01feb65d302439,test,,6.1771
a28c1c49a133f4c,test,,4.5852
83390d566af1474,control,,4.6489
ea797f90c4d5d67,control,Преподавание и обучение,3.6015
b365f1363025189,control,,5.4665
563fcc6c9a419fb,test,Разработка и инженерия,3.7261
85c466911a5b682,test,,3.9231
22580089bdd25d3,test,Преподавание и обучение,3.2504
b8b3a679412fb11,test,,5.2777
bfc70ff099fbdfb,control,,4.3211
8643a24b06d7a97,control,,4.8899
621b57ea304d937,test,,5.9025
38177bd93cf898e,test,Преподавание и обучение,3.8632
6dd7fde440292b5,control,,6.1548
ef3ea203ba114c1,test,,5.1057
37ac4a9c49bb4a3,control,Преподавание и обучение,5.6258
ea4ced38e0ee3d0,test,Преподавание и обучение,3.3713
19fe670009191d4,test,Другое,6.5764
c2c40db078c5a9a,test,,6.8689
b742f7ea95dd497,test,,4.8582
9b13660d2ec2f56,test,Преподавание и обучение,5.1228
c3b0b5d9571adc1,control,,2.6004
e9212d8dfff58d0,test,Другое,1.8063
b091af7f24c92bc,test,,4.4328
1775b3b6784f686,test,Преподавание и обучение,4.6516
c4760db96f4878a,test,,5.4247
7ef6dc7f42ea5e5,test,Управление командой,5.8544
acb4ec5975f7a33,control,,3.4212
11533c09b39d56e,test,,5.0227
273ac7641e8d183,control,,4.6193
74fead727212dea,test,,5.3147
d68cc43d25a013d,control,,4.1572
8cb3954df7846da,test,,4.0638
22b7b9cd74fa807,test,,4.3008
98e80f2193fe5ea,test,Другое,3.8683
9ad48595d27f185,control,,6.8568
b40bcb62a32833e,control,,6.0287
afbee04c4052738,control,Преподавание и обучение,4.8931
a1194f995fde613,test,Преподавание и обучение,3.6335
fbe4d1975b2e5f8,test,,4.3388
a9a5acc3810a371,test,Преподавание и обучение,3.9138
2457f83fca39451,control,,3.7191
864f1926658f831,control,,3.6565
259dc58af157311,control,,5.0751
56ed7355b6cf98f,test,,4.3065
e446fcd027df477,control,Преподавание и обучение,1.2207
5c3393d6cf2c85d,test,,4.0205
ddd8fc481f44b56,control,,6.3435
edd332774569e2d,test,,6.1888
422616ba84b708a,test,,7.8465
0399e26069a2780,test,Маркетинг и реклама,3.5637
b97655c8d18d43a,test,,4.5188
db5317756d35bac,control,Дизайн,5.2323
ec4482f9ccb5ada,control,Преподавание и обучение,5.5073
41df3cf15ef262f,control,,7.3687
80dcb0ce857ae48,control,Преподавание и обучение,3.8139
4bc18f2a5804124,control,Управление продуктом,6.5651
0f110da2e84d1e7,test,Преподавание и обучение,4.3119
6a962774caea6ac,control,Преподавание и обучение,4.8219
4ee677fb4630df1,control,,6.8339
de17033c213244d,test,Другое,5.6102
5adbaae58dfb350,test,Другое,4.5202
e717b142480eb66,test,,7.6901
2907e406de32a6a,test,Преподавание и обучение,4.5504
3379b9bf35a96ee,test,Преподавание и обучение,5.3721
2df2630c25014de,test,,6.0421
e8272c027824803,test,,5.8956
48fb5f0006a21ee,control,,6.7371
cf3a99c66fcc018,test,Управление командой,4.1862
2de4bd9fca13731,control,,4.0057
ac7de0f7ae2c6af,control,,4.7139
4babd9dba42d1ba,control,Преподавание и обучение,4.4184
214c303d0b5f4fd,control,,4.9059
4f93fd22fd64334,test,,4.9903
361c107690a686c,control,,5.2831
718eebcf6f6b4c5,control,,6.6462
e54261f8eb31cc2,test,,4.9866
7ad770f395c4f5f,test,,3.1532
649d1b4e6dcafe1,test,Преподавание и обучение,5.6086
af2bd0c910b7ac8,control,,3.6605
0fe2dddf67e14bb,test,,4.9269
8f4b2e84ad40c5a,test,Преподавание и обучение,4.6446
f95467e193abdd1,control,,2.92
3342b25dc720bb0,test,,4.6336
0fc9bcbec1e22b0,control,,5.6368
4bbc8858a08ae66,test,Преподавание и обучение,4.8541
7e700c11aa0f174,control,,3.2664
e3c952c8078f835,test,,5.7702
6fa99ceadc509ca,test,,6.0375
7afc1b715c6faf4,control,,4.2598
19354a5165c6ad2,control,Преподавание и обучение,5.2351
74c532ecd8fd70e,control,Разработка и инженерия,2.8035
dad1980269927f4,test,,4.2702
35bae25f425a931,control,,5.2229
3cb1fcbde969e37,control,Преподавание и обучение,6.023
a8436ea8624a341,test,,4.3797
1c426c604e0edde,control,,6.4523
57fbb80d475d2ce,test,,5.8848
312c025235c2ad8,test,,6.0324
76037eb550fcfa7,control,,4.3619
6ec11d8c8ebd7f7,test,,7.2527
bf2d801dd0c385f,control,,6.1503
7e08d15992f0371,test,,7.1269
3239e62421ca590,control,,2.0528
605d79e1eaeebb2,test,Управление командой,7.5453
3ee026ae4ffc698,test,Преподавание и обучение,6.0427
c6101e47daed25c,test,,4.8971
ab0943ed213ca66,control,Управление командой,4.5542
00500bfce5896e8,test,Другое,5.6186
8fd65772c540cbd,control,Дизайн,4.2562
5f6b0bbecc579d7,control,,6.3404
76569c9863cec5f,test,,4.5307
1d370472c32f67b,test,,6.583
841db0c80b8a5c1,control,,4.2692
6fa5fa600bc1c61,control,,5.8837
cabc4dd9bb0b5ba,test,,5.9363
edeed5027b8584c,control,Аналитика и исследования,4.7315
18a841f28d355a8,test,,5.8495
5e4d2ed1cabed63,test,Преподавание и обучение,6.4823
a8f30af07ac1591,control,Преподавание и обучение,7.0301
e9f322bbfa5cd9b,control,Другое,3.7009
b2e714bba295797,test,,2.1481
31347ba71af67ff,test,Преподавание и обучение,5.435
1aaacd715ca684c,test,Преподавание и обучение,5.8484
101ce266eda742f,control,,6.4548
ed2c61e3e28f03d,test,,5.9201
b903028cbbe5ddb,control,,4.972
18b02778674f9c2,control,Разработка и инженерия,4.9922
d6b449b1f91952b,control,,3.8812
ba33805bc5ade2b,test,,5.7609
232ec2148ea5d36,control,,3.6179
a052483ffc857ab,test,,5.0158
6a6b15e6a92f916,test,Преподавание и обучение,5.0868
873919560306b63,control,,5.7299
c3f0045ee6a1098,control,Преподавание и обучение,5.4204
731f4586fb86102,control,,3.2692
c8f37db192bcc2c,control,,5.3943
2dc9fbecd844dd6,control,Преподавание и обучение,3.568
aaa138ed275bb74,test,,6.734
fe9e46110a6689a,control,Другое,5.731
b159b8f938444d2,test,,4.2495
8e5358ad8cd6b41,control,,3.5326
f6755195a50489c,control,Преподавание и обучение,2.4478
63ab885958d53bd,test,,5.1606
ba0eb23b2030f2d,control,,5.5625
64029d53ccfeb11,test,Финансы и консалтинг,6.943
f3ac0fb31b461e1,control,,4.9353
089f8f30682dd17,control,,4.2865
df8d8ffbc28e1f8,control,Другое,6.7941
be372e4ceef71ea,control,,5.0033
fbfdb3de232578a,test,Преподавание и обучение,4.3163
c01734e4b14afdc,test,Преподавание и обучение,3.7023
344709b820ff5ac,test,Преподавание и обучение,4.3366
443616427fad860,control,Преподавание и обучение,3.8923
dbbb8423e0f0c3b,control,,5.9059
7adcf9bfcb729ef,test,,4.6601
ab71b246d31873c,control,,5.4332
a3063b659aafb16,control,,3.1506
a1d2b2b3a5fd01b,test,,5.5606
93c08fe6b577fe5,control,,6.0002
ab1d083867c39d9,test,,6.0967
f088244ec1c4192,test,,5.919
a1173c4e9443766,control,,4.568
52d3f1787b721a6,control,,6.7435
9d91f9f58309e9b,test,,5.0875
23176780a13bbe1,test,,2.565
86be30317b4b8b5,test,Преподавание и обучение,4.6407
e4d1dfe41f94b99,control,,5.8508
4da94a4282b373e,control,,6.6749
2c966701b0557c6,control,Преподавание и обучение,6.2868
8af961bad3405ec,control,Преподавание и обучение,5.342
0026c58a0b5e398,control,,5.017
fa7a81a5a5748b4,test,,4.5882
9e350af7cf9e1e6,control,Преподавание и обучение,5.7446
e798437554dd6ea,control,Преподавание и обучение,4.4398
39dde8fbd6deb69,test,,5.5915
794b289fb90b9c6,test,,5.2786
0c50caec19d25e1,control,,3.2858
0e4e327064d47ec,test,,6.0893
15e938e37caa8cb,test,,5.6468
99dc86938a7d15c,control,Преподавание и обучение,5.5531
76ca0097a49b381,control,Преподавание и обучение,7.651
4a59263d34ebed7,control,,4.3659
2c40b1337fce038,control,,6.3669
6c96d680c289126,control,,3.4645
965abb3b2e8afaa,test,,3.8945
9ceb59e901a6691,control,Управление командой,3.8165
acb15de1fb9e273,control,Преподавание и обучение,3.2357
0b773f31655ff1b,control,,3.1539
cead220d467f5a6,control,,7.1024
0a1eb0097b075a1,control,,6.6088
cd38be2833b14df,control,Преподавание и обучение,6.8018
6bf6f4d9d10c5b2,control,,6.56
8e42c737e9ce4ae,control,Преподавание и обучение,6.752
b51b291d24c541d,control,Преподавание и обучение,3.7741
7ed114860dce749,control,,4.3966
ca053408c3c9349,control,Преподавание и обучение,4.9997
cd8ee27b4e0209a,control,,6.5426
0b174be5b444597,control,,5.5711
c0298fc64ccbdb0,control,,5.2987
28d7d5fb3ceb90a,control,,4.7497
bb6b961892d2cbf,test,Другое,5.8334
868239872fab9e6,control,Разработка и инженерия,4.5827
9b4c47e001adb63,test,,4.4713
7efbcc4de8384b2,control,,5.6318
372e74e193eece0,test,,4.3728
fbd9190dbd3c051,control,,5.4065
5ce43ca1cc09468,test,,6.2641
5cda943dc180f98,test,,6.4754
f2f1132780f4320,control,,4.3577
220e09fd2ca83f0,control,,5.195
051dc841e25bf08,test,,4.558
3dfa3abf8fcb5f9,test,,5.6336
3629b0719d0f147,test,,6.6373
bdc5de5e87786b4,control,,4.4567
e0a49c992e4b17c,test,,5.1253
c3978264f946df2,control,Преподавание и обучение,4.9177
9582f01c0c9383d,test,,6.3725
a3bc0e949f3fcf2,test,Аналитика и исследования,6.8586
f8a423f5569d028,control,,5.3736
73875535b2e7da1,test,,5.4681
1120c470fb53162,test,,4.5769
7c5a858918d665d,control,,4.1054
95a44dd3680b516,control,Преподавание и обучение,3.7262
c38072d56270470,control,Преподавание и обучение,4.8895
f9451741c800569,control,,6.1877
e17938fad597846,test,Преподавание и обучение,4.9833
3f744d8a6a54c87,control,,6.7266
49edb9d28ba2756,control,,5.2577
7381126573c6b90,test,Преподавание и обучение,6.1668
bad61d50b7ade7b,test,Преподавание и обучение,5.3192
cacdf498f733416,test,,4.0325
1871a079e65db90,test,,5.5316
83cb0cfe768d1f8,control,,8.5905
4c4507a68bda6f2,test,,5.5529
d6a1b07fcb59fc8,control,Преподавание и обучение,5.4255
87778df5820b4f2,control,,6.53
09e49e62631ecb0,test,Преподавание и обучение,3.9165
e9e3679a691baec,control,Преподавание и обучение,5.8212
c37b1f3169089a0,control,Другое,5.7774
39993b1876c1568,control,,4.4919
f498232762e345a,test,,6.9891
0343f6ca8c6d4b6,test,,6.5646
579fecd6bd0ee58,test,Преподавание и обучение,4.2718
5c5459fb414ed66,control,Преподавание и обучение,5.7113
85d4261b9626735,test,,4.8419
0bb9de406cbcba0,control,Преподавание и обучение,5.021
f4a268eb8c316ae,control,Разработка и инженерия,5.3434
1d35932056f1d7d,control,,3.8987
67a8f1f4e458cfa,control,,3.6971
7c5a81bf58fb2bf,control,Преподавание и обучение,6.7995
7f152bed5c00669,test,Бизнес и предпринимательство,5.2984
1a000e484641cb0,test,,4.9267
f446cf38a123eae,test,,4.348
11e910a353de47e,test,,3.8122
e6626b89cb21477,control,,4.4602
fd7752d96a3b29c,control,,5.1117
1680e0d989544bc,control,,3.976
f07e38653fb4b67,test,Управление продуктом,4.2336
eaa6480f5a52f75,control,Другое,6.4161
fe059bb80e85e09,test,,4.981
ad8ee20ea510c3f,test,,4.5471
67c2fc284496814,control,Преподавание и обучение,5.0749
191b8d5f800d4fe,test,,5.4075
0dc1d9a723ca7e5,test,,6.0655
d10014b94cd296c,control,,5.6709
318c7670f8cda08,test,Другое,4.0722
a519acdffb43432,test,,4.0886
0d3851f7b4199e2,test,,7.0669
c0c6a6815bba306,test,,5.6671
3513b31d198ecd7,control,,5.0902
8f0dc107912273a,control,Другое,5.8834
3f02cbcb7e569ea,test,Преподавание и обучение,6.458
00b7d3679e3f382,test,,4.7726
028abb91ffc595e,test,Разработка и инженерия,5.2662
dd01ad4631caebd,test,,4.2591
41e8eefad312c4e,control,Другое,6.2145
34c14e06b4a2816,control,,4.646
39249e102d5a236,test,,6.1749
3b312d2c8b94f3e,test,Преподавание и обучение,6.5853
384538a115cc2c2,test,,7.1907
b244a6807ab2eac,control,Преподавание и обучение,5.6478
5ac45b3e1502c10,control,Преподавание и обучение,3.281
d57fef4c5aa42fa,control,,7.4995
0046e20283d043b,control,,6.1228
4a456bbe1fd4e07,control,Дизайн,3.3153
5d10ac734347e95,control,Преподавание и обучение,5.3667
dc61c7a8156bda7,control,,3.6824
ed0fed983833a53,test,Управление командой,4.3137
49eebe24a79edae,control,Преподавание и обучение,4.6361
69dd4c785e52975,control,Дизайн,2.336
aa8f5b2c929d157,test,,8.5061
983e55c9138c808,test,,3.2264
9dec2026fa2ddbc,control,,4.5668
83a70d8f6e21560,test,,5.0432
cff4dbdd491440d,test,Преподавание и обучение,4.7223
b2fc365396cf009,control,Преподавание и обучение,3.9157
8acd83bce985a5b,test,,3.9909
e7241aa3d95f105,test,,5.6799
4facc37a1d1bb9b,test,,6.2688
9b7b124b307e0a6,control,Преподавание и обучение,3.4574
759d6d4c4fb519b,control,,5.0361
38137f2db23bb37,test,,6.5149
2f25fd9fa8075f9,test,Другое,5.1722
63aea3cf76121d4,control,Преподавание и обучение,4.2507
6e568d07c867956,control,,3.3613
1bd3c5e6e1a5ef7,control,Разработка и инженерия,4.5923
5599fd512d30464,test,,4.0064
484499cb6e2dc72,control,Преподавание и обучение,5.5448
93b18299cacb442,test,,5.1219
f54d8be550f16a8,test,,4.0848
72bad81e43c0791,test,,5.3188
0c762c0491493bf,control,Управление командой,5.8867
9246d5a123cf54b,test,,5.6231
5d00df7a9f55409,control,,5.6279
78f3b4c3bd70c48,control,,3.9167
67c31b4f1b38e9b,control,,5.7239
8777f5495593a8a,control,Преподавание и обучение,5.1645
864213e9bd253f0,control,,4.954
7fb3ec18622cc71,test,,5.0611
6c528b1fe64c63b,test,,6.1119
0aae993354d8df4,control,Поддержка и сервис,5.3199
eb7fc8cc8947107,control,,6.3051
94b44a705b8aa37,control,,5.2016
96cc6e6b85d54b4,control,,5.2963
2f16c41371f7a81,control,Преподавание и обучение,3.1732
a2429e1a12ea1a4,test,Преподавание и обучение,4.9333
0f9eb4de0fd1a71,test,,5.8774
5be8e68cf0a50be,test,Управление командой,6.9121
e8366d0f0f85940,test,Преподавание и обучение,7.2354
da4586dd5802123,control,,2.9036
c6f52e06fd84d8e,control,,3.4894
8fe87f21ec3678e,test,,5.9815
147dffe6d150f38,test,Преподавание и обучение,3.9751
a7bcb3a7eeea067,test,,5.0763
10df9ecac276249,control,Преподавание и обучение,5.4531
08b606ab0110aa1,control,,5.4817
659ec16aceb6115,test,Преподавание и обучение,4.7421
84641e007d2ab35,test,,5.8515
ba350290169fddc,test,,4.356
64506625e9267dd,control,,4.3674
b795a7f1bb9f3f6,control,Преподавание и обучение,3.31
d006d2b7f8279e2,control,Редактура и копирайтинг,4.2993
26fd07d31bff23b,control,,5.0999
79596ba1a378a8d,test,Разработка и инженерия,5.4112
8bf2f4186ec9e4c,control,Преподавание и обучение,3.7447
560bb299ee693e9,test,,7.033
592cc986d0a316d,control,,6.1653
dacfdb077f749bd,test,,4.5868
21f26c6d67f5ca2,test,,3.3279
5e2f084f7dcd36a,test,,2.5103
4a798611098d234,control,,5.8001
a288d6c1d6aa9a8,control,Преподавание и обучение,4.4094
51b517652bcd190,control,Преподавание и обучение,4.4428
a327999f4633756,control,,2.3055
e7f013a2724e715,control,Преподавание и обучение,4.6186
22890e4e8813019,control,,4.1269
0ec59a8d3958276,test,,4.781
cf554c9954ab2b1,control,Преподавание и обучение,4.1849
804afb94be216d6,control,Преподавание и обучение,4.3384
c4da0a0fce9d239,control,,3.2657
1a545a2797ba62c,control,,5.7327
146f4c3bd80e187,control,Преподавание и обучение,2.9982
baf474c7a05925c,control,,4.5438
c787df251cda468,test,Редактура и копирайтинг,4.2082
5706a4caaa35709,control,,5.3092
c003049b17f55b7,control,,5.9735
4b955a5cc6b5289,control,,6.3098
f444d39b36e3e55,test,,6.98
50ce2fff88b5eb0,test,,6.6027
6bf41778f88bff7,test,,5.5463
944c9265e062e93,test,Преподавание и обучение,6.3987
c97c1db6b3d3ab2,test,,7.6467
43f0a7273029dfe,test,,6.3953
abe498e569acc54,control,,5.4388
88cf5fbf3ad4734,control,,4.4334
e51f45ebc157068,test,,5.1837
3f0695b116f9dbf,control,Разработка и инженерия,5.0309
5c50c80deecfdde,test,,6.2654
2738e85ea81e3a0,test,Преподавание и обучение,5.7035
5b4ae8b78c883c3,control,,4.9066
871e8dc546c5e6c,control,,7.519
a8b5fe4b8e97e62,control,Преподавание и обучение,2.7922
a46fe94101d666c,test,,3.9726
f08f0034084cf14,control,Преподавание и обучение,5.9864
ec79acaa7f3a919,control,,6.6588
5d292f349a3ae93,test,,6.6289
e2b48088ab678c7,control,,3.6842
245f168b9dde5f4,test,Преподавание и обучение,3.9067
5d9d8f72df296b7,control,,3.5694
0694bba03c00265,test,,4.2289
400df5bbf2de94f,control,Преподавание и обучение,6.3431
836cd191befe587,control,,3.8448
b4dd5e16e1c0ea9,test,Управление командой,5.7697
8a01d112f07e347,test,,4.5537
60a16da2cef5403,control,,5.7435
3735a7a992219d4,control,,2.8543
342402399c468fd,control,,4.5954
97b42e81277220f,control,,6.3592
fc3828abbbc7dbd,test,Преподавание и обучение,5.0471
12a6798ba2d05f7,control,,4.5316
ff14b1dfc031aea,control,Преподавание и обучение,4.1788
0fec22d1d18ddae,test,,4.2979
654555dbdcafb96,test,Бизнес и предпринимательство,5.8766
37409c479a455ae,control,Преподавание и обучение,4.2161
14c5f43d705a320,test,,5.2297
28312572eeb30f4,control,,3.952
a8c98894818e388,control,,4.8038
39a0fa28552aacc,control,Преподавание и обучение,5.187
febfc6a522c87f2,test,Преподавание и обучение,5.4603
d060682a36287fa,test,Преподавание и обучение,5.4304
9e891d545399a1f,control,,5.4738
4686ed9c12efd83,control,,5.797
f69dbadf94ac12a,control,,4.4662
671855999649065,test,,4.8909
c885f9f40b8ee4a,control,,3.1424
8bdc02bd9629a72,control,Преподавание и обучение,5.4881
0751723b79836fa,control,,4.7929
68a5d4af607cc99,control,Преподавание и обучение,7.0941
cb8fbe273a0bfdf,test,Другое,5.4826
8a0f04897420b05,control,,6.4797
7a4a15dfba97f97,test,Преподавание и обучение,7.0709
d2accec83be4230,control,,5.1475
22cb9d596f8c248,test,,5.6219
feb76f412afd12e,control,,6.6544
431a10b697b7759,test,Преподавание и обучение,6.9483
3cc730fbdcc6dd6,control,,4.5559
03ff4e12e441288,control,Преподавание и обучение,5.051
43acad740a4f8f9,control,,4.741
224c6792dd86d66,test,Преподавание и обучение,6.2705
a1c6a990a07ba04,control,Преподавание и обучение,3.8578
aebbfd38f6ad1f6,test,,3.6587
ecf6d5d073e02de,test,,5.2028
df0b4506c73721b,control,,5.968
584a054e865619a,test,Преподавание и обучение,4.9979
4ab27a4666b7358,test,,7.6944
93011ed6341dd1e,control,,6.2058
4f6498bef9f3005,control,Преподавание и обучение,3.9959
75332e256964a0a,control,,5.6602
9f6d9c3fd717eab,test,,2.6418
183ce95a174a466,test,,3.746
cfeaaa056c9e1ba,control,,6.6437
1d108d891dbb810,control,Преподавание и обучение,4.6971
1e4640fe809d306,control,Преподавание и обучение,5.3902
eb6306779b914a1,test,Преподавание и обучение,3.9539
a8fa7e4d02d175f,control,,4.7266
88458ebd101bd7f,control,,7.3613
b051c76e19a41c6,test,,4.9828
35160615a53c2eb,control,Преподавание и обучение,5.9136
87314f58a0d16aa,control,Преподавание и обучение,3.1572
22b6743740a32f7,control,,5.8907
31772f2a91c4d7c,control,,4.1782
f98d491a36f3491,test,,5.9347
58d4f09db859f5d,control,,4.3919
e9ee98e04c10fce,control,,5.1255
803f1dc75a1db1b,test,Преподавание и обучение,5.2986
a7151d4dbcfe710,control,Дизайн,4.9954
9c68e33e19be6b8,control,,5.5978
921d36fd3cf100d,control,Преподавание и обучение,6.0304
d9e4ff602eeab5d,control,,4.134
5dc62d490696877,control,Другое,5.4039
a837869b42d40f3,control,,5.9897
7bd7c4e7df6807c,test,Бизнес и предпринимательство,3.1981
a144dadc7d99c5c,control,,5.5701
8c0428cf92b87f3,test,,5.6114
d01bb89f6dc1fb7,control,,3.9101
f81b8d1fbc00253,control,Аналитика и исследования,5.5253
6a91f0119563335,control,,6.1634
bca911fee21e6cc,control,Преподавание и обучение,3.9026
fbce2fe3ade4014,control,Другое,5.2238
a130bd1d890b67f,control,,4.2532
1b8aa8935715f0a,control,Разработка и инженерия,5.7808
8c32d3c95e289bc,control,,4.4061
5b44227087ca66f,control,,3.5336
2abb4d60a9b6032,control,,6.3462
e5540335d554660,control,Преподавание и обучение,6.1411
15301ea02140380,test,Другое,5.8086
2831439d5988320,control,Дизайн,5.3288
228f28dc92bbd82,control,,3.3995
c24ccbbc9b39d9d,test,,4.637
e24e2c7f027a3f1,test,,6.37
33c5107f7f6b9ee,control,,6.2768
3ee55beb518a7b0,test,Преподавание и обучение,5.0533
94d00e760df7d9d,control,Преподавание и обучение,3.8851
d2d3f3947800019,test,Преподавание и обучение,4.2617
6d2570a35bcc9a3,test,,4.0979
1985110e1dd77e2,control,,3.4304
61620e1c35009db,test,Другое,5.9137
02118e0c7053846,control,,2.7133
db7661538034fad,test,Другое,5.2141
7f37d264841eb87,test,,3.8152
10a5a2b44e60c74,test,,4.264
47101149c158f60,control,,4.9994
ec8eefb6658a1e7,control,,3.9602
c097f9ee9de8d38,control,Другое,7.3763
e896ee9f6d11223,control,,4.5247
6ba82eb8decadc5,test,,7.1133
6c995bd2118d27e,test,,6.9948
8f020880ec25dd7,control,Преподавание и обучение,5.4286
ee92252a13de736,control,Преподавание и обучение,4.4143
044ba7fe627333f,test,Разработка и инженерия,6.385
4b3aa1bc59d8c4a,test,,6.019
5ed4903cba5c674,control,,5.5335
3735b01963dfdb9,test,,5.9312
5cf6c4df30affe9,control,,5.1959
65235797deb51d1,control,,4.0702
0018fcfd6e2442e,test,,4.5734
c679803174b277e,control,,4.6033
bbbb6b1a74ea1c4,test,,6.0734
64489967be31852,test,,7.569
3e2c1c624fa2d49,control,Управление продуктом,4.3216
d9aa693a71c2c6f,test,,3.1048
87f7dac7e10234b,test,,5.374
2daa1f96304b97a,control,Преподавание и обучение,6.2375
2720cb4ec6640c0,control,,4.8625
31b5f23dab51285,control,,4.6604
7b83e3e92c8ebf6,test,,5.2272
fd36345577a00fe,test,,4.2708
286189f07d9db85,test,,5.237
ae9b837e614bce7,control,Преподавание и обучение,3.8549
60c8b1f4a1769a8,test,Разработка и инженерия,4.1837
44d96e9228682aa,test,Аналитика и исследования,5.8622
92752f1b6eeaf42,test,,3.4715
2881ccd71ffd470,test,,6.338
1028a85e4d6286f,test,,4.674
4aec3b36375c3da,control,,6.1774
3798903b7317f4e,test,Преподавание и обучение,7.0042
f30bd28eae09371,test,,3.9667
fa0569fdf34155d,control,Преподавание и обучение,6.0187
6bc9260e06ac0d7,control,,5.3457
8d3b496e641f1a0,control,,5.0496
c60b6ba09c6a77f,test,,6.4137
20cdb0d3a47cc3c,control,Преподавание и обучение,3.8641
6856f15f9194e9a,test,,3.997
bb451e3cf28b375,test,,4.2007
fb99ea9bdec12a1,test,Преподавание и обучение,4.0357
58679a693a57094,control,,2.309
74c996201e3b236,test,,5.8672
d1cc81d2dd53daf,test,,4.8759
8ab12edaedad380,test,,5.0361
306a24ec3f52227,test,,5.4492
984d17c1f193a1d,control,,5.1198
2de796beeb2034a,control,,4.8132
74e4fa77c425fb8,control,Другое,4.7201
f20c0686f641020,test,Преподавание и обучение,4.2218
21724c4880d6cb3,control,,5.6733
900c2375405770d,test,,5.3774
9f40dc328c34ecd,control,,6.3784
6e0167248fa9b8a,test,Преподавание и обучение,4.2522
b75d658c0bbf284,control,Разработка и инженерия,4.7319
d82ea279edbe9aa,test,,5.7254
e7878c52fde3e5a,test,Преподавание и обучение,6.2548
0623ab89e17d12d,control,Преподавание и обучение,5.231
77c02bc46e51794,control,,4.5169
63ca68ca7a8dd7b,test,,2.8689
d9df07c6a4d0231,control,,4.7025
26b820585f99e28,test,Преподавание и обучение,6.0366
455c8d43d55f5f8,test,Преподавание и обучение,4.8109
5e6508b9ec6039c,control,Управление командой,6.14
d67c70769a95ac7,test,,5.4203
47a52b29b13e1f3,test,,7.3601
483d3a025a14843,test,Другое,3.4587
938dfb72be73723,test,,5.3824
1c91b459323c88e,control,,3.6975
43c50d647f3223b,control,,8.3261
90033dcdca1a691,test,Преподавание и обучение,5.4153
e43419a71cda098,test,,5.6797
8352874c7a6e5b9,control,Преподавание и обучение,4.1232
f408de67a164fbd,test,,3.9376
45ae59a5c96ca32,test,,5.198
69288e2da514f94,control,,6.6094
2d833634a74fe05,control,,4.7621
607f59a7fb84df0,test,,4.5018
d19c38d936043a6,test,Преподавание и обучение,2.9743
75ec34ada5d0b9e,test,,4.2143
85bb3dc2b7d38e0,test,,5.6789
6f90297f8e597b6,control,,5.2833
16857c836260d51,test,,5.0588
e0f0be38e0bbe2d,control,Преподавание и обучение,4.3813
bcd22db4ca617f9,control,,2.3586
e732f58560b3d4c,control,,6.2239
3e4a430e19a028a,test,,4.2607
16866ebc858f580,test,,6.3034
6d3cbf9d36e4f16,control,,4.4984
5fff492d543573f,control,,3.7577
6d5b04a26a09580,test,,4.9172
2adb4ac3f3982bd,test,,6.9856
a35e2f34a108751,test,,7.2486
0a7c5d3b447c3d6,control,,6.7364
53354b83e79ba0d,control,,3.6785
935491e64b9cc25,test,,5.7572
895b58f357159c7,control,Преподавание и обучение,4.8813
1cf456e754b7c05,test,,6.2759
a0e86af3414fe8f,test,Преподавание и обучение,6.1812
3370bd1b55bfb5e,test,,4.3508
086bc8782fefb91,test,,6.505
87abbc0ad092fed,test,Преподавание и обучение,4.7793
1844f037a50b345,control,,4.3392
aa60ee015de8ecb,test,,5.3274
21d6d21620ec55d,test,,3.165
c29759c433e296d,control,,4.4486
de858c6fa7cb9b8,test,,6.8874
8411e526ec96c58,control,Преподавание и обучение,5.5709
f8f37d386d2d8b6,control,,1.8207
27a760aac407e76,control,,5.5592
aa784c954ee8ba9,control,,5.7064
2a6c386f87bc5a7,test,,5.7355
4ad6c1989a9d666,control,,4.1433
f233fd51152d90b,control,,3.4281
57b9e3210490f02,control,,5.4618
a6440a109fb808b,control,Другое,6.2082
09ec5143496d262,control,Другое,5.1359
1393bbb3b4dfc43,test,,7.6628
52eb6230ba3c5e9,test,Другое,5.1833
ce624a027eeefea,test,Преподавание и обучение,5.3651
436d7ee24bb19c8,test,Преподавание и обучение,5.1531
07577255fd45384,control,,5.4709
71a957b3da1404a,control,,5.8226
9b1639fbbe3b26b,control,,6.6022
2ebef84f409786a,control,,5.8864
df4ba2fd7b936af,test,,3.6704
37a310b23688737,test,,5.0386
270a4a7fb2f744a,test,,5.6286
65daa3e2b651d9b,test,,5.1978
042067630c6c515,test,,6.6524
be08d1ad82c1915,test,Управление командой,4.3194
40f80e0ea78d1d0,test,Преподавание и обучение,6.236
d6db51bb2d0039a,test,Преподавание и обучение,5.696
0f1482e9ee54641,test,Другое,5.7336
1a09c878ddc8217,control,,5.1702
c265b1ff381020b,test,Преподавание и обучение,2.812
086fcc5a738809f,control,,2.178
762d3a74f26b2c8,control,,5.4252
7053f721fad0d6a,control,Преподавание и обучение,3.7544
4191e98f7796f17,control,,3.8085
6e0824f26b63ab9,test,,4.0125
8ce205898915dc4,test,,3.879
3dd1a1af1daedbf,control,,3.5198
51c38df953ecfe2,test,,6.0108
0df78f7fd8e8ad1,test,,5.8306
f0b967dbd743a53,test,,5.4981
389359764be3fa4,control,,5.3276
5e2de70e3852996,control,,6.8347
ea13efc03d4ecf6,test,,5.6965
93631b880bc29ec,test,,4.2034
9238c6ad4d1c9c0,test,,6.7669
38557e1821c2fc4,control,Управление командой,2.9992
b3d2e2b3b10a05c,test,Преподавание и обучение,7.312
8b3f45aab4ce1b8,test,Другое,6.2685
f3993e21cf92c4f,control,,3.6091
faed3534321f8bd,test,,5.429
3f1e36538a866f9,control,,5.2565
78dbcfbc5dd7154,test,Управление командой,3.2003
a53e2579227b2b4,control,,4.7855
30b59ae82ab249f,test,,6.3341
2c91194b88e6c25,test,Управление командой,4.7891
d0fa60f84f677ad,test,Преподавание и обучение,5.2329
b77219bc2b6e434,test,Другое,6.0792
3ae6a08b0967504,test,,4.1768
59c971791939a21,control,Преподавание и обучение,5.5313
5281f7f59f171be,test,,5.4428
bd6472bc71e6672,control,,4.7846
c4d2ab1236540a7,test,,4.3446
560a005021dff54,test,,4.2789
8a0efbde91b24f1,test,,7.1461
33c962cce74ead2,control,,5.6714
d32a40b9c134fc9,test,,5.0116
4f5c166ea251801,control,Преподавание и обучение,2.6798
72f01bc80b8dc52,control,Преподавание и обучение,4.5457
5fccf38f63e9fcb,control,Преподавание и обучение,4.5525
9bc29baef712b53,control,,3.5377
8eabfd338d546a0,control,,5.9298
b0a9864cbaaf26e,test,,5.1549
84a0795468b3540,test,,5.7838
9ba5f62b2dbd833,test,Бизнес и предпринимательство,8.9395
8b2e6dbd1d6325c,control,,3.2608
87b27ec86bc1c20,test,,4.8182
bbdd83fa1c6e547,test,,6.4795
43cf718dc92e88a,control,,4.5913
67fe25dfea30577,test,,4.0855
e741aca992a036a,test,Преподавание и обучение,4.6513
f0316d7e0cdf886,test,Преподавание и обучение,3.476
4ad5bb2b7d9248f,test,,4.7453
920e343e5d23d2f,test,,5.4745
6fbdde7dbbad05e,control,,4.9715
b51be6e00b60ef9,test,Преподавание и обучение,4.8186
761d757245e6a85,control,,5.894
19d75cf45429fc4,control,,5.9195
a56edfdd2891d9d,control,Преподавание и обучение,5.8065
d5b097fc631810b,test,,6.0372
9ac0ba3e67af328,control,,5.5514
b23ed98d1ab2381,test,,2.582
d0fadfcd1b57462,control,,2.5719
124b4fd567e86e6,test,,4.1817
464c38d283c1ebb,test,,6.8078
6341fc83304a578,control,Управление командой,4.5087
6bbf609230b61ac,control,,5.2738
07cf594d8312638,control,,3.44
d3e8b561cc3c77c,test,Другое,6.0287
ba0b82be563b8c0,test,,4.1917
06e1bf31bca9cb9,test,,4.1006
87a9ae164d056f9,test,Управление командой,6.4608
194ba7197a5c6bd,control,Преподавание и обучение,4.7589
6456a4cc9b389bf,test,,4.7266
22e4a57941355c1,control,,6.7399
a08066a0094ec62,test,,4.997
27502c09ff3d42c,control,,4.9129
bf57d5c0ba910c1,control,,4.576
56b455ed02836f2,control,Преподавание и обучение,6.4267
7290f9b793da407,test,Преподавание и обучение,6.5422
a2cbdecc075dae5,control,Аналитика и исследования,4.9603
9bbb731ff569caf,test,,5.371
c396dbaf8358a65,test,,3.6522
84a6bfb935106d3,test,Дизайн,4.5643
416788e8501d5fc,control,Преподавание и обучение,4.9531
9e96e5b80e7b94f,control,Разработка и инженерия,3.9414
3d6916ff67a099f,control,Преподавание и обучение,4.388
e8ba88aa765a0b8,control,,3.1851
8509a6a9784acca,test,Преподавание и обучение,6.7965
4e1636eae97f6a3,test,,5.1121
4d31c69e57c44cf,control,,5.4992
f9d17ea32ac9c05,control,Преподавание и обучение,4.9287
c9f72922c21e270,test,,4.9215
d19c6dbb2f77967,test,,5.5712
7a0badc4454c4fe,control,,5.7051
944fef0f8ad91e0,test,,6.1544
10e08982031c0cd,test,,3.3306
2e67ef306a089b8,test,Дизайн,4.0209
e7f28d337043b9c,control,,5.0834
788fd2d296907c7,control,,2.8347
52d96653c88b693,control,,3.3387
e9fdb1d000647ac,control,,5.9962
b5780a9633d8495,control,,6.2125
f9bac7c7689f5b9,test,,4.5359
f865de16e2daad7,test,Маркетинг и реклама,3.6157
0dfa5094ec1543b,control,Управление командой,5.0132
2724fd078c5248c,control,,5.065
d85148bb72819b1,control,Преподавание и обучение,4.8838
f33e6b4cb5eccf6,control,,2.9095
9db32cef91ddfdc,control,,5.5678
c30a018a7f30177,test,Преподавание и обучение,2.4699
caae7018e798f92,control,,4.8289
b6f4a26b825bcf1,control,,5.5088
e2c412ad65711e4,control,,5.6242
e8f313608f83d60,control,,4.6373
766201e02ee84c2,control,,4.3182
82ecf29a5404aa2,test,,4.6843
bbfba1b2dde5a56,control,,5.0661
f63258c6b2a9838,test,,7.5777
1d28e8831bb11ea,control,,4.6585
d9279136109029f,control,Разработка и инженерия,7.3306
3fede23ce834eae,test,Преподавание и обучение,4.494
40c5075c21f04f8,test,Преподавание и обучение,5.8142
c7fda84583e439b,control,,3.9493
edede722013920d,test,Бизнес и предпринимательство,4.4582
bb01c6ee2a0ad77,test,Преподавание и обучение,4.6704
6319bbf16d64209,control,,5.145
9403fcf99d5a7f3,test,Маркетинг и реклама,5.2374
54573c6395ca6d7,test,,5.984
dbd2276a7eeff9e,test,,6.1312
5bc94248f2fe11f,control,,5.5732
20a3336ddfe998f,control,Управление командой,4.5966
feb1864727dcba0,control,Преподавание и обучение,4.719
b5e19aafb6dc426,test,,5.9892
60986f392473b1e,test,,4.8819
285d7b7a887efce,test,,6.9128
747d817bcdf6f9c,control,Преподавание и обучение,4.6019
98ff6ebf35a421b,control,Преподавание и обучение,4.7821
ba297b8c041a6d0,test,,5.4249
b018ad727f4604e,test,,5.004
301a0dbd70eac5a,test,Преподавание и обучение,6.4521
96c4c63c49cc351,test,Другое,7.027
266ff7603d972e8,test,,5.275
214b28358735bda,control,,4.524
f4bf2d980241d5d,test,,7.0733
e33a01e9c554d6b,control,,3.5397
d549fdf98c5bc06,test,,5.4164
ff60ca957d11ab5,test,,5.3231
3fa19ada0d68770,test,,5.5062
4a1fe72e8077173,control,Преподавание и обучение,4.38
50e31223197b69d,test,,7.8183
a98b96fad85827c,test,,7.2736
4584cf56eaa4969,test,Аналитика и исследования,5.3936
405638fa421f2fe,control,,5.4371
c6020b4cab4b59a,control,Преподавание и обучение,5.9087
5223c15c9d67c99,control,,6.8056
fd92846cec15fdc,test,,4.6203
084baf59226326c,control,,6.9797
2a1ca819d67f655,test,,7.139
69880708e23a729,test,,4.7112
d258ae15471dc93,control,,7.7271
1e194aa69986421,control,Преподавание и обучение,4.4342
548cdefc3d25b84,test,,5.8461
ed531d8145f7eff,test,Преподавание и обучение,5.025
b4fae88f5e39420,test,Преподавание и обучение,6.179
ab12932283e08a1,control,Маркетинг и реклама,4.0706
a4d613874d8140f,test,,3.9076
1f6f033b6b587d6,control,,4.6078
009222c031f2263,control,,6.0528
6a993530189869e,control,Дизайн,4.4375
fbf8ad9141e55ed,control,,3.097
657fb848fe9a986,control,,4.4458
cb0faece673f66a,test,,4.794
a4adc1f5a3bc4c1,test,,5.5417
af325f4f0f504eb,control,,3.6676
26eab797b165d73,control,,6.0041
af9b8c2045fd50c,test,Преподавание и обучение,3.5782
af1d831fe9ecc83,control,Преподавание и обучение,3.7467
eb61500519febbc,control,,6.69
5732aa9e98b9a80,test,,5.6521
42ee1f3e363b1e9,test,Преподавание и обучение,7.6732
c3e0e51708ce67b,control,,6.0766
9d5424588224e1b,control,,3.4942
d9edf823e65c568,control,,3.3954
4bfda3979ad739a,control,,6.5811
3c444c7211dde29,control,,3.6271
cddf997f85c7a00,test,Преподавание и обучение,4.8351
f3e286a9ce48a5a,control,,6.3956
136438285e78992,control,Управление командой,3.4241
3ebdfa3032221c7,control,Преподавание и обучение,2.1593
7e7030a36f4ede6,test,,4.4199
ebcf0a451eecea0,control,,2.9816
3cee386225b8320,test,,6.1967
85a8fe086cb7601,test,,5.4919
5aa4c1d3cd135ea,control,Преподавание и обучение,5.7933
cd4759f04bb8690,test,,6.0863
961575548621f72,control,,4.9868
206012721dd31cd,test,Преподавание и обучение,5.0197
d33a449347e0b81,test,,4.2325
0c83e8a5021d23c,control,,5.7308
83340e4540d095f,test,,2.899
d8431352690347f,control,Преподавание и обучение,5.5128
8f747311a94db50,test,Дизайн,4.2937
480634f6202924a,control,,3.4722
79b1d779d94d708,test,,4.656
bd0e3b350229a90,control,,5.4197
485559628018fef,control,,5.2096
17bec1af5523b9f,test,,5.5837
4c3b432f0e08101,control,,4.6243
bba08d45e6a6137,test,,4.6789
ce514372d9a7f7d,control,,7.1993
55b4503b580c932,control,Преподавание и обучение,5.4638
b18200ae29b2df2,test,,4.5268
656531399e39e61,test,Преподавание и обучение,5.8275
0e2a2fd5460fcc5,control,,3.3192
69e45544cc7bf92,control,Преподавание и обучение,3.2291
ed08cb9ea13259a,test,,4.3486
6adfe7be07f2876,control,Преподавание и обучение,4.5201
269e19591edf5dc,control,,3.7581
8bdf719da6c975a,test,,4.2637
4627243ddba3958,control,Преподавание и обучение,4.7952
e4fcee57f900ac3,control,,5.8387
7929cc0af5fea9b,control,,3.7536
322f6bb5b0f4ec2,test,Преподавание и обучение,5.4405
9f5d487c8c9e62d,control,,5.2609
dda3bcd93e56a46,control,,5.2891
787c3672476c3b5,control,,3.5997
f816dbe5a6010a0,control,,5.4111
60b3d8478e1ee2e,test,,4.1488
e6f698dce2c59f6,control,Преподавание и обучение,5.5051
c2eda59532c5437,test,,5.0634
1c25c404af741d8,control,Преподавание и обучение,6.6886
15ba95a5ecdaab9,control,,4.2662
65b5a76256a44f1,control,,4.6425
614c87108d33822,control,Преподавание и обучение,5.1825
6ff93930fde8b69,control,,4.8469
9edf5c783f40b5a,control,,6.348
9f854a13ca3d096,test,,3.298
1bddc7edfe4ea4a,test,,3.571
823c63022b56ce3,test,Преподавание и обучение,7.4975
26e601139330658,test,Преподавание и обучение,5.4022
0b5e4fafdfb8351,control,,2.8782
73c5b101e074095,control,Преподавание и обучение,5.514
256139274f4a53f,control,Преподавание и обучение,2.9012
0ee50fdbd6b926a,test,,4.7866
c3a6f1e5749a0cf,control,,3.4873
6781187423deb65,test,Преподавание и обучение,4.4045
f4f178ccefb024d,control,Преподавание и обучение,5.2448
798363002af07f3,control,,5.2058
ec56f493f8f71c2,control,,4.6841
611424a282a896f,control,Другое,3.4835
2d8e5bc509e124a,control,,7.2178
7de6455e5d007ea,control,Преподавание и обучение,4.1296
a25f3515bcf8e52,control,,4.395
c563fd58f608360,test,,5.1867
d79574f3452539c,control,,4.5479
c01952cba790bbe,test,,5.5984
fbc2f62a5e2523e,test,,4.1113
3368bb2a5f7ca38,test,,6.1541
266816b077cdc8e,test,,6.2874
d0ddfeefdcdda1d,test,Разработка и инженерия,4.2763
3d9fa0124dd8f7c,test,Управление продуктом,5.2121
62a9b71f5384dae,test,,5.2191
eb9e780d2bfc79a,control,Маркетинг и реклама,5.0638
a80eb5a7d5c6c6f,test,,3.7897
0ef1a106d6d139b,test,,5.8916
c38d043b9233158,test,,6.0737
1d832d6738bdcb7,control,,4.3336
114861f3f622c5d,test,,5.1258
cd1ffeee972adb4,test,,6.1759
f170feb9a283ba6,control,,6.1585
49befd2c96c9ebe,test,,4.6469
6df501d67ad5cfb,test,,5.1021
1e9fe8f4b8bc053,control,,4.3802
3361dc0a82151b2,control,,5.3731
f605469836f126e,test,,5.5731
0159e82458681a7,control,,4.0984
6472a2a131aade6,control,,5.7206
1315196167529bf,control,,5.7921
c4aad3709f102ef,test,,7.2059
e3ce413652dc3e3,control,,3.6763
0f25b0d66b2aba0,test,,4.3977
c2242dc15feb29d,control,,5.5952
68598bff6c8567f,test,,5.3863
cfc18c13c7f70f5,control,,5.713
f474e8f5c304e59,control,,4.2113
1ae62bfa75faf72,control,Дизайн,3.4662
a4fc276110ba603,control,,4.2468
60b0bf5c352e860,test,,5.1551
99d3b0aa7c0f24a,control,,6.0645
5b4063a1d7af682,test,,5.1729
040a2d542f2d4c5,control,Разработка и инженерия,5.0555
d0340bb3969ff53,control,,5.8928
45e5b17e050ae10,control,Преподавание и обучение,5.612
8650be490642b5c,test,Преподавание и обучение,5.4052
dfdebcd8f20270a,test,,6.2708
6760ba6d3ff2218,control,,6.0791
c872c7f61927a2f,control,Преподавание и обучение,4.9468
6ad6a00513dcf95,test,,4.9085
ebab7cbd354deee,control,,5.6423
63e886a02571e61,test,,5.3667
b7f20c5591c515c,test,,6.0617
81a62aa6ba6c980,control,,6.1323
cd7ba9fdee68e83,control,,6.4117
47f25bc405cac65,control,,5.2554
4a8c10a5914838c,test,,5.694
5315a81ff19dc0e,control,Преподавание и обучение,5.6741
9738fd9a8b64077,control,Преподавание и обучение,6.2814
e23bc98cb9600cc,test,,3.6663
933b51e6edd6c26,control,Преподавание и обучение,4.5612
b9d8bcf14c24566,test,,6.0444
0444ec3e4ff9f2c,test,,5.4292
2c868cc9a75ebc4,test,,4.8404
e0041036a3b3af2,test,Преподавание и обучение,7.261
b0315519d77161b,control,,5.5585
9686548a8e29b1e,control,Преподавание и обучение,4.0821
3354992e5d77e2b,control,,6.9516
e74ad0105230f98,test,,3.8404
48d41250558d8c2,control,,6.0617
fc930501270136a,test,Разработка и инженерия,4.5158
693190635369e00,control,Преподавание и обучение,5.8007
4599b65721e6677,test,,5.6076
46766de6cf3d12d,control,,7.456
d4f4bed81b0a9aa,test,Преподавание и обучение,5.533
b0204a0f2b80a32,test,,6.4647
1c07017511f8b3b,control,,4.5995
026f62416c18c78,test,,5.4488
242a7c03bc29e3f,test,,6.8868
a33bc1448aa1565,test,,5.6627
ba64562b206a933,control,Преподавание и обучение,5.0062
3ba13859f67516e,control,,4.4587
563bfdcd8671585,test,,4.2262
040deeaf1f74644,test,,2.6592
de86e96dfdecad9,control,,6.0784
ede09a17cae16d3,control,Преподавание и обучение,4.0361
327566046336937,test,Преподавание и обучение,5.2449
00be7046903f43b,control,Дизайн,4.1376
9c318cd063ec44d,test,,6.8314
7010cebe4f0d066,test,Разработка и инженерия,4.7193
1506a14b715fba4,control,,6.6814
5a0aa0688cf8f8d,test,,4.5428
a90141e0c377798,control,,4.1633
a42fa888f7bc298,control,,5.6794
d2e29172081ab80,test,,4.0396
4470735ac418286,test,Преподавание и обучение,5.2741
11ecb599f435b50,control,,4.5055
a2e7807144f426b,test,,4.4316
148f415cef8420a,control,,3.8019
c7ac007cc7606a3,control,,3.6715
5da5888c5804790,test,,4.3001
3179c6ea4f23464,test,,5.8719
48b6d5b7f0ddaaf,control,Преподавание и обучение,4.8702
e6f785cc7a6df1d,test,,5.2974
5bf33f544ed35d0,control,Другое,3.7013
a88ff35c2e0aa7d,test,,4.7388
cfb6b997dcfcd9c,control,Преподавание и обучение,5.9894
f4157258e6f3c40,control,,4.2156
f0d4538a7b0917a,test,,4.7343
7f62ec7caa14f03,control,,6.6525
62e394925d57588,control,Преподавание и обучение,4.8466
63e42ddaefd3c25,control,,5.0938
5d6983df54bf852,control,,6.0137
1e0e385c3166495,test,,5.6198
d37d96def0920f8,control,,4.2462
88b907856a4738b,control,Преподавание и обучение,7.0964
2f910d456a7bbf7,control,,5.542
d1f83646dbf25da,control,Преподавание и обучение,3.47
585fe02f157562a,test,Бизнес и предпринимательство,3.2883
a42250f61835a62,control,,5.0138
77b193e6bc259a4,test,,4.9998
667370323fa3d09,control,,5.1024
554975bdfa781b8,control,Преподавание и обучение,4.458
f02fb410047a108,control,Управление командой,3.709
3ec8913cdea9370,control,,7.4538
85cd6b6166f3071,test,,3.9284
3b5e34fe0d9811b,test,,7.4407
49dcce58a1a83ba,control,,4.7474
f80de4dfc648865,test,Преподавание и обучение,7.1321
9c9652ff5758901,test,Преподавание и обучение,7.2049
06bae77f639fbe0,test,,5.7338
d11e2f774f819b1,control,,5.6206
2683e5b0c7ac67f,test,,3.9738
4cc80f03be15c40,control,Преподавание и обучение,3.3601
f05146cd6ff52a2,test,Преподавание и обучение,8.7837
08f63950c29c3a5,control,,5.19
a2469ba7f597321,control,,5.5819
df3f2ed29147a68,test,Финансы и консалтинг,4.7066
d8749758b7b5d79,test,Другое,5.3911
cafe3a8bf7e102a,control,Бизнес и предпринимательство,5.7072
387eb3a11f9e253,test,,5.0705
f8b7fc511b8822c,test,,5.2026
fc877c01a2db57e,test,Преподавание и обучение,5.7158
cbafe6658660f37,test,Разработка и инженерия,3.4235
9d0b6264566aad8,test,,5.695
1fa3266582c4efe,control,,4.0259
aec6c4d7d21c534,test,,6.3795
6688568a8c97a40,control,,5.8579
e4f8134e330ce9d,control,Управление продуктом,5.6648
22d38b73ad8c0ee,test,Преподавание и обучение,5.4907
ca48e0ba5e44994,test,,8.2324
81540df84027e95,control,,5.7089
be16b1b53543af4,control,,4.5767
870a77fc04b64d1,test,Преподавание и обучение,4.8561
26a06a39c9ff491,test,,3.0662
1401725677d9978,test,,6.1354
66d78eb0ed12291,test,,6.4663
11774f215f3e474,test,,6.3194
d072834646a3923,test,Преподавание и обучение,3.0509
ea54f995ae6037f,control,Преподавание и обучение,3.8
38cf2ab2e6a4db8,control,,6.2627
4104bb192905ca4,control,,4.7259
6bced7887a39d86,test,,3.5597
30bb9478ce95914,control,Аналитика и исследования,4.1536
6a144420b20da7c,control,,7.6139
3194b8bb2f21799,test,,6.0854
bc6d2b091bd63a5,control,,5.7507
73006c7f5f50065,test,,3.858
54ce4d081e2a118,test,,6.1155
0c0176b327c466c,control,,4.8723
2f33f9bf08fbaa8,test,,7.0391
e64652c57b9af38,test,,6.001
c1624bf70c56acc,control,,3.1748
3faa3617f243b6a,test,Преподавание и обучение,4.7783
7fe93e1683fabf0,control,Преподавание и обучение,6.3798
8dea2bb38e31b6b,control,,3.9716
6ac4f79bad7a410,test,,4.2796
6f34cf07272945e,control,,5.3429
d29723ace27b4c7,test,Преподавание и обучение,4.531
8d0c5fc15a2230c,control,Преподавание и обучение,5.5431
1c266d395560052,control,,3.6257
aa5c611910af617,control,,5.6086
25f9084badd73e1,test,,5.2549
d8145882642426b,control,,3.8226
edb49c919d7c1fa,test,,4.8021
346743b8adcfed4,control,Другое,2.5396
7972093f5d7b068,test,,5.2075
f1e236a22a0a6b8,test,Преподавание и обучение,5.6341
13ff969a68ce4a4,control,,5.0789
408877f3159581d,control,,4.4832
175baa0e841e4fe,control,,3.4857
9fa5c6a683e533d,control,Разработка и инженерия,4.5889
ddc600f9388655d,test,,4.3827
28313adada3a796,control,Другое,4.0284
c1bedea2e02daf7,control,Преподавание и обучение,3.2119
65f0e1f5deac663,test,,5.1492
ac064204612bcee,control,Преподавание и обучение,4.0214
269428348e94b4f,control,,4.6281
f2c845d23c6f56a,control,,4.8646
972f014dcc23195,control,,4.0842
c47f803ceff05ae,control,Преподавание и обучение,3.0427
0fd7333d3db13f2,test,Преподавание и обучение,5.5759
79dabe7cd6ec31d,control,Другое,5.5375
45fdcb6c570315d,test,,7.0345
58e6405134869a1,test,,4.8697
c765a2ec1db3b98,test,Преподавание и обучение,4.4293
6a573a12a0ba755,control,Преподавание и обучение,4.7823
7766df0a59cbb8c,control,Управление продуктом,5.5441
2ef016950c44b2c,control,,4.0018
d5b66f0c8606524,test,,5.9121
98869c0651a94b1,control,Маркетинг и реклама,5.5353
4f7ec7c23fac125,test,,7.4004
044936738b345a0,control,,4.4007
554062d6fc0f6df,test,Преподавание и обучение,3.7738
795aa853259e55d,test,Разработка и инженерия,7.1982
f71674555db18cd,test,Преподавание и обучение,7.6388
80aa1cfeaa2a249,control,,3.863
24b280461465062,test,,5.6437
bdcff2893a875c0,test,,4.9283
9a6ccd6f0338807,control,,6.9876
c598c08f27411d5,control,,5.1866
c8878980d6a8a54,control,Преподавание и обучение,4.8849
551c26727b2e9b0,test,,4.7516
f834bd31e4cc14a,control,,4.663
26c9c57ce216ca9,control,,4.5369
a7a5176e6199ce3,control,Преподавание и обучение,5.0582
a5a1378ef6fa778,test,,5.591
974777b9d607d6e,test,,4.9337
3686fafb25ad290,test,,4.3017
c1695b3436153cb,control,Редактура и копирайтинг,6.9827
1bdfa11478d8422,test,,5.7749
7b8c6e649c82bad,control,,4.0892
6dd29fdf8857350,control,Дизайн,5.1223
6d40d7cb073cae8,control,,3.6781
1cfa80231f4cd0b,test,,6.5685
a6ca4510561f0bf,test,,4.6835
52d08114ff9c659,control,,5.0706
35c9fc22e52018c,control,,2.7601
2072ab5e70e614d,control,,2.8062
f0a3a6bf2d8317b,control,,4.567
8d888b4195cacf2,test,,5.0448
74505c025f3cd5c,control,Преподавание и обучение,4.4894
bd9d3a9dd0e3172,test,,6.6978
d5f00569756bcf5,test,Преподавание и обучение,7.0765
21c05c03a898e9d,test,Преподавание и обучение,6.2269
676eb7f193f848e,control,,4.3171
c8f05895371dda0,test,Преподавание и обучение,5.8373
30d21f687fcf213,test,Маркетинг и реклама,4.0802
363181824cede9b,control,Преподавание и обучение,4.99
83a8830cd5364fe,test,,5.3585
f48e1d914c243db,test,,6.8372
c6e499ae28c3e60,test,,6.1272
3073728dfed0989,test,Преподавание и обучение,5.5967
62e8ac66c9d7f01,test,Преподавание и обучение,4.2953
328ca8e17a74c60,test,,5.88
a080a0280eb0e73,control,,5.1574
6b493a0ca7d3729,test,,5.5349
33ab36c2edbca4a,control,,5.0352
5ad8dfcaf5bc634,test,,5.6743
0371af9f4554ac2,test,Преподавание и обучение,5.2768
08081dcb41dc5b4,test,,5.0111
66f4d63262b637c,control,,5.7225
7e5b3b72b6839b9,test,,4.0889
16b5fbfd5ac6409,test,,4.9758
6647c7adc34ecd3,test,,6.017
cefc35711bf0fcb,test,Другое,3.7856
4f7f4b3b95fbebd,control,Преподавание и обучение,5.7546
028a118cae07ab6,control,,6.4214
0c9bf682e5b5a5d,control,,4.0025
72bf3ba917b4a75,control,Преподавание и обучение,6.1217
3500f9c3685e941,control,,4.6915
efffc8906663912,control,,5.9483
fad4c04141684eb,control,,7.1157
8c79ed8e995eb77,test,,4.7942
3cb03f3e49d72f5,control,Преподавание и обучение,5.6915
dd4a107e68912e7,control,Преподавание и обучение,3.5366
9b3528e6d3abb6f,test,,4.0185
67b56a8a031f853,control,Преподавание и обучение,5.8419
b8f15f586793df2,test,Преподавание и обучение,4.6247
d108d7ab0bfb76c,control,,5.1636
97c76e44bc58866,test,,6.2305
74703eb2ac07123,test,Преподавание и обучение,4.9511
323a4829fc96b55,control,Преподавание и обучение,4.9254
8473b3aa6c91dc1,test,,6.9674
597526388b17a3c,control,,7.5711
5e2577f42c1af79,test,,3.7825
98ca7f35eecdcff,test,,6.3631
a6a6dd356958e86,test,,3.6182
8c418adbb56f5a0,test,Другое,5.6894
63ab01d2412baee,control,,3.9202
8a3a0f73ab8b7c5,control,,4.6043
889cf7eb25bd10d,test,,5.939
5d943c9c801bc2c,control,,3.4535
9cf5b5c317635c6,test,,4.7145
4d8f98ef102ce98,test,Другое,7.1261
9591909385f8da9,test,,5.948
5da6bc47bef5f11,test,,4.5699
05b8b3c8500f45b,control,Преподавание и обучение,2.9211
7adafbcc40ab514,control,,2.8843
11a2012ee192671,test,,6.2806
5fcc2ec568c3f05,control,,5.0008
b08ac6ab5d9301f,control,,6.2676
e2a9defdf02de73,test,,3.3027
d99161ab212f38b,test,,6.1929
e63ed0325945fd2,test,,6.5996
14247a46b1c432f,control,,5.5862
346843a588a69fa,test,,4.8096
e8cb5d452bb100c,test,,6.6023
ba5936ee1006d61,control,Преподавание и обучение,5.783
c4dd5c608d3e33e,test,,6.0638
b3caa0ffae55bdb,test,Управление продуктом,7.1025
4f05c0e2d93fa0f,control,,5.5926
debac737ba25164,control,,5.0438
bb09a0c33bbfa07,test,,5.2698
4c9bed9fcd88e20,test,,5.5295
46ba8fbed390a04,test,Преподавание и обучение,5.2236
2fab435abb734d4,control,,6.0297
ee879bcc815fd6c,control,,5.1409
9d4957f70061e60,control,Преподавание и обучение,3.8497
facce153903c4ab,test,,5.9962
d08307e10c711a5,test,,4.9779
8dd3901984eb768,control,,5.3103
a252e6f32429612,test,Преподавание и обучение,5.154
def88c5da8dbabe,test,,6.1834
496a8a9cff26b7e,control,Преподавание и обучение,7.7347
a319b2fc2e7da30,test,,6.4424
4a84deba9e2486d,test,,5.0909
48eca2c74112b8c,test,,4.0711
74e05980145d0a3,test,,3.8002
4c596a2f44bfb52,test,,4.9191
042eccc21c4c969,test,,5.1774
6bad719169e8e9b,test,Разработка и инженерия,6.3758
c3b13cdcbd7cfc4,test,,4.8993
c20348590eaeeb4,test,,5.8157
002fa59f958554e,control,,5.0805
da17200552c36c4,control,Преподавание и обучение,7.2207
f49256f86fa36fc,test,,4.7632
cd85fc38b70ff83,test,Разработка и инженерия,5.3671
3894f0158be28f6,test,Преподавание и обучение,6.1869
668c0671647cfaf,control,,3.9455
9df7c3047f2c42a,control,,3.909
39061c81b4db552,test,Разработка и инженерия,4.7488
3fa199db0fe3f69,test,Разработка и инженерия,2.5329
4f7e78d0928f80b,test,Преподавание и обучение,3.9518
c68d7e8c18fc9aa,control,,3.2465
0742dc27a342133,test,,6.2545
d178655106eb71f,test,,6.9463
946dc28e2a95da3,test,,5.285
d20c28df3340e59,test,,7.4189
375eb7cdcf159db,control,,6.091
6e2a6aa4d5c9d54,control,Преподавание и обучение,6.2835
099e3182331ce9f,test,Другое,4.4745
2a7eeeaa6403edc,test,,6.5133
7cf5003e8f78c10,control,,5.6177
46c94c06d7d8699,test,,5.4375
d801c32fed0ee8d,control,,6.1873
ffc61eef95ab5d9,test,Преподавание и обучение,6.0585
bac51dd64936d61,test,Преподавание и обучение,4.9485
c2327c35812f6f4,control,Другое,4.5844
36109d4b17fd814,control,Преподавание и обучение,0.7692
ab0da3386c44e0e,test,,6.1768
69cd2e8ad1a3863,control,Преподавание и обучение,2.9868
93ec2e5cdbb7408,control,,3.4507
74cd625e4bde90b,control,,5.4489
b6c8ce3112fc57b,test,,5.0863
c0c04f1d095a297,control,,4.8512
064318e74528069,test,,3.6113
13ed126d4a73d99,control,,4.0587
1ef55aa3cfb1734,control,,5.1178
020c2a979876943,test,,4.8788
8fbaae77e60a83f,test,Другое,5.6502
ae475615207ed0e,control,Разработка и инженерия,4.3469
9f41f05f7edadda,test,Преподавание и обучение,5.4605
1dcf59541eace6e,control,Бизнес и предпринимательство,7.0354
e36963d9f7c6a60,control,,6.7873
6edce9eb59ce474,control,,6.4634
e5dd50b746b38ab,control,,4.8171
83af5be337e69f8,test,Бизнес и предпринимательство,6.3303
d0e606fbe9f0323,test,,7.2284
7893a386ffc994e,control,,4.3614
27b6b62165e3861,control,,6.4644
daa48cbb8dbc467,control,,4.0561
516151dc4063a49,control,Дизайн,5.1513
fb6dc4398fbfe02,control,,4.251
39e1ce35f83cb80,control,,5.534
c3135217fdd456a,control,Преподавание и обучение,3.5089
74e2dcbfa8b0ca6,control,,4.6775
35c8b3979718785,test,,6.565
d608cfd858f5aae,control,Маркетинг и реклама,5.4327
f094d0554f65c38,test,,5.7848
a40b497a474321b,control,Преподавание и обучение,3.5517
2239424b3e4c74b,test,Разработка и инженерия,6.5283
58ab3ff302bfb67,control,Преподавание и обучение,4.4243
646f1dfb1360377,test,Управление командой,5.3949
13acca95e98e7f8,control,,5.1811
3432f14f231f18c,test,,7.0115
7c2003b98f8d292,test,,5.8111
b029615921fa060,control,,4.7113
05dd3484dfb503a,control,Преподавание и обучение,6.4659
64b7ff6bab6af7e,test,Преподавание и обучение,4.288
dedd457120f53d3,control,,5.3403
cc679e88554e402,test,,5.3469
90739132dc311be,control,Другое,5.058
d7895faab600a65,test,,4.5567
950cb9978d80a33,test,,3.5994
521b26080ef5316,control,Преподавание и обучение,5.2305
b443932d716a60e,test,,6.9044
51f9aea6788784d,test,,7.667
92040af6b81b3bb,test,Преподавание и обучение,5.6391
1bb053f38de69aa,test,,3.9867
ea9d611484277e8,test,,6.1631
1ecb5cc28aa20ca,control,Преподавание и обучение,5.4325
32ab3ac205fd976,test,Преподавание и обучение,4.8448
81e862eabc62a31,test,,3.0438
c4d3c4de52b44ee,test,,4.4033
958feb0577ed42d,test,Преподавание и обучение,4.9452
a9795e9b4d5f6a2,test,,6.0156
37c7c473cfe7ccc,test,,5.1007
afda9434d83164b,control,Преподавание и обучение,5.6169
447d753a65382c5,test,Преподавание и обучение,4.4368
c6fb0484d890b3f,test,,4.4525
82e8749f06e9d2f,control,,5.118
0564de781c8abd8,control,,4.4927
5a6d6f2d14534c9,test,,7.9634
9e395b66b52770e,test,,3.9946
9aa542813d4ba68,test,,4.6137
9503775a6345b0a,control,Преподавание и обучение,5.6078
a32f38106ae105c,test,,6.6673
0b90ad677c61f4a,control,,6.9487
e2665c8f6e242ad,test,,4.5783
1c78f03df445d3e,test,,3.8973
460dc0c82d6ddb8,control,Разработка и инженерия,5.2773
75a21b25430e2cf,control,,5.6921
e120d24b7a4918f,control,Другое,4.4627
dc00732fef1c2e4,test,Преподавание и обучение,2.9597
f26e7a0b187f84d,test,,4.4793
5ffd84f67d7b7ea,control,,5.6576
6daebee51df0a20,test,,6.0545
86e7b572c9378cb,control,,6.0114
a9a5e07a5d67f85,test,,1.4726
8c87cf23247d73a,control,Преподавание и обучение,4.8883
093deed94aefa54,control,Преподавание и обучение,5.4511
de6e485f5b99399,test,,6.5902
52847623556f685,control,,2.9438
0f5cc61e908cbb9,control,Преподавание и обучение,5.1436
33d18a633f92046,test,,5.3956
74a2cbed0bb93ed,test,,5.2379
56ffef05f3806db,control,Преподавание и обучение,6.195
2103140d9394b2f,control,,7.2325
6d7881ac64569bb,test,,6.7932
455b5950e57528d,test,Преподавание и обучение,5.4778
dde3621d9d13e58,control,Преподавание и обучение,4.6754
bb3bec1854d219a,test,,4.2574
c53b7ccae750564,control,Бизнес и предпринимательство,5.3412
b53137a2415ab77,control,,5.652
9915d1f3098adb2,test,Преподавание и обучение,5.5
e80501bc938f0d3,test,,4.6415
5146ba18127a2ab,test,,5.0595
305e25191be50fe,control,,6.7673
ad87ae5dddba322,control,Преподавание и обучение,5.62
f4d0ddf1e021aea,control,,5.6907
343e4f5b190ebcc,control,,6.1927
ceff6f4c54f53ff,control,,4.228
2dcd4adfcd8df0f,test,,4.7473
fbdd84b8ea636bf,test,,3.9022
c3ee9eefdb57b9d,test,,4.4631
62744eab2efb584,control,,5.2505
daa71b39455717c,control,,4.1078
828fb58a8f78896,control,,4.6423
71fb303f5f90863,test,,6.1315
33a7c57cfa22302,test,Преподавание и обучение,7.2898
52abc2a36746d19,control,Другое,3.4119
b07b7fb9e62c957,test,,2.4985
c4ea0c42c476af9,test,,5.4054
3feb2b7ed13cd8e,test,Маркетинг и реклама,5.2574
8cec8db0b35f50c,test,,8.0695
be23a5399893549,control,Преподавание и обучение,6.2149
2d40ae538dcac72,test,,5.3931
be4b8f1cae878f1,control,,4.4202
c66bf2035bef564,control,,6.0889
486a2e134671d4e,test,,3.8772
8e09560f98a7aab,control,,5.455
31c586b57c5ab7b,control,Другое,3.1382
0cfbb8c6d8bce3d,control,,3.4049
e4ee8fdb76c8b9a,test,,4.1524
1c0a073a2a7e3b7,test,Преподавание и обучение,3.821
ff1833298bfc60a,control,,4.4309
6ca03c5b45a7450,test,,4.9935
2d928100a311617,test,Аналитика и исследования,3.4123
65764bab58e223b,control,Преподавание и обучение,5.6402
58f0c73ffa52ea8,control,,4.7255
acb60e1dae9e210,test,Разработка и инженерия,4.5354
c024b9b16e31bdd,test,,4.344
33ff91c6b2cfabc,control,,5.9201
d93a5fbfc43b014,control,,3.8833
b37e67e409ab3f4,test,,3.152
ccfce8659ae4d16,control,,4.4255
e3c5df7d33914c9,test,,4.5213
67d42ec7d299116,test,,6.9244
16fbb69308a30f5,test,,4.3043
9ce49c35bfd2e86,control,,4.2384
7c383374ddf5bd1,test,Преподавание и обучение,5.3819
227f2a5019d7a7f,control,Преподавание и обучение,4.5695
150bcefac405cdf,test,Преподавание и обучение,2.6871
83d86eac2fa638b,test,,5.2825
709eb6a59b07838,control,,4.4529
230a1df1362d7ef,test,,5.9276
2e871d72ae22d1b,control,,6.1518
6c9d1233d4af8de,test,Другое,6.6
fe5b511b1e82a94,test,,5.1785
57ac1759cfbb8c5,test,,5.6017
9f9c771eae78a1f,test,Преподавание и обучение,5.7795
a654751617bda09,test,Преподавание и обучение,6.7008
a44bde11dbf3c46,control,Преподавание и обучение,4.7331
7f1e03b818616b3,control,,4.5011
35c20418b389663,test,Финансы и консалтинг,5.2544
b3581e7d1b05375,test,,6.3257
e97594b897569df,test,,6.0571
b638f3d0d789002,control,Другое,5.8734
db5d5fb4de9d602,control,,3.7645
4d90adbaa6735f0,control,Преподавание и обучение,4.3058
5e7e63615c378d3,test,Преподавание и обучение,6.5337
b0c7433b865c4cb,test,,3.5242
7d1d8ad41511055,control,,5.4873
44dbea46f9065bc,test,Преподавание и обучение,4.5094
c90639684ef3949,control,,5.297
b6dbbd3d36bafc8,control,Преподавание и обучение,4.8098
467b739468c4d3a,control,,6.6233
0486598f5caadf2,test,,5.6843
648aa46ec3d3b41,test,,5.922
cd19ae17bbcc169,test,,5.5698
7d38a5cdb98435f,test,,4.6653
7a3e5f308ac1d35,control,Управление командой,7.5629
d11db329f939f75,control,,6.5181
9f2a10f3e6bd135,test,,2.9646
4045fb6094260cb,test,Бизнес и предпринимательство,5.6753
74a63db82518b42,control,,3.2838
98345b3a3efbbe2,control,,4.4785
51393e01b845614,control,Преподавание и обучение,4.6385
8f2b706de1f3ff8,test,,4.2349
a7461ad748d3914,test,,5.4573
9cb47d3449be972,control,,3.6225
ad0d8b584b3cf8a,control,,4.9544
6b28d2bbd3c8a01,control,,6.517
c3ce50c103fa895,control,Преподавание и обучение,4.1578
d464e308d657320,test,Другое,5.0319
b34bfccaaaa6059,control,Преподавание и обучение,5.2335
2d7ef842866b4f8,test,Преподавание и обучение,3.0798
af14090cdb3419a,control,,7.4924
d02d3f495759d03,test,,4.6015
50fbcdb0bb7009f,test,,4.9689
898abfe425023d9,control,,5.579
7dea06c68313f96,test,,5.2952
e13278be005ca72,test,,4.9675
e914e692821dfe0,test,Преподавание и обучение,5.5696
1fc87bd783560b8,control,,4.3344
e48047f49c4d915,test,Преподавание и обучение,6.8659
68182d19c10cc1c,control,,4.8496
be19bb316d78ddb,test,Преподавание и обучение,5.2961
fdbe44492d11b7a,test,,3.822
8476a107607f123,test,,7.1117
c37f4bbcada4602,test,Преподавание и обучение,5.898
90d4ddea6baf75b,test,Преподавание и обучение,5.0659
ab8472082fb8808,control,,5.6534
e6efaccaaa51e94,control,,6.1396
96a5df5d23c6fec,control,,5.149
5e2f65ae830cc9a,control,,4.5813
df97035ecce0c95,control,,6.2931
c740629e27c9b4c,control,,3.9345
9df6c3fdd433e4e,test,,3.5814
77a8579fb257d73,test,,6.7783
65835be048d81d2,test,,6.3402
a21d8e9d09f1331,control,,4.0345
e539a7b28bb5974,control,Преподавание и обучение,6.1492
b755da796fc6a1b,test,,8.3695
b65be07ad29860c,test,,2.7924
1b1f26c31a2ca34,control,,5.0952
f0e341f659a9857,test,,5.0993
f37cc922a93dccd,control,Преподавание и обучение,5.7034
73188ec0f7c1a1d,control,,4.8616
ba02e1cce60152a,test,Преподавание и обучение,4.7308
80c280354be57e1,control,Преподавание и обучение,6.965
9037272e47721f6,control,Управление продуктом,4.6564
cfb02f063cb9830,control,,5.7641
f8382fe4051730f,control,,5.4202
d9fc30381911143,control,Преподавание и обучение,4.6404
78631e0ba3a0f30,test,Преподавание и обучение,4.6108
ee3b93ec873f182,test,,2.1027
c4e4cbf5a2b3231,test,,7.3724
d3f47ec63d2eb81,test,,6.2321
c44cc70fac45f0a,test,,2.4212
210b1819610c8a3,test,,2.5985
e616bb3b607c7ae,control,Преподавание и обучение,3.9483
4d3afd147e1b141,test,,4.3004
7d4021886230d67,test,,1.764
079ca5191689438,test,Преподавание и обучение,5.1856
ba9d0d4b784a2ce,test,Преподавание и обучение,3.6894
1593c74e2dcb056,test,Преподавание и обучение,5.8027
1ab1c93fcd42426,test,,6.1637
7e06ed13f21beb4,control,,3.0727
5142e7e9537b998,control,,4.7762
f92878d420b6857,control,,5.6128
a9147c23e9b01a0,test,Преподавание и обучение,3.6859
ed4ca7e54d5ea03,control,Преподавание и обучение,5.4575
2cc76f83d14ec92,control,,4.2252
a960fca34517f81,test,,3.367
623f7dd29eeed49,control,,2.6024
588e00673a286ac,test,Другое,4.7403
507fed306d90d29,control,,4.396
c610d8ec6fec952,control,,5.8361
3ec8a1e5609c8e2,control,,4.9587
b1d063690a543ac,test,Преподавание и обучение,6.4339
a4cddce5f96cf40,control,Разработка и инженерия,5.6263
1183d1ae6bb8c50,control,Разработка и инженерия,4.6759
968516c9f0db98f,control,Преподавание и обучение,2.8976
80c86fbcd88462e,test,,5.6171
77f1b794c9f964a,test,,4.713
28e969232038456,test,,6.6368
21c0fcc160b28a8,test,Редактура и копирайтинг,3.5821
767d9fb7aa3db1e,test,,6.4118
ab56e4c67db90c8,test,Преподавание и обучение,4.0564
a3b568f7e6e5ce1,test,,5.2657
1067c15f8f2aa83,control,,3.4189
777aacdee00a5c4,test,,5.0331
9b12dd092d43405,test,,5.3052
d97536a8fe5d34c,control,Разработка и инженерия,4.5503
2fccec5d00aa3bb,control,,3.2342
3af87f8c5ba105b,control,,4.7037
4f1952e714c7a70,test,,7.459
e893f1c0b646827,test,,5.2576
bd97a2d601656cb,control,Преподавание и обучение,4.9738
3a8e799329d737a,test,Преподавание и обучение,5.5025
a28a9273b65d6f1,control,Преподавание и обучение,5.99
fbb904e5fea4d32,test,Преподавание и обучение,4.9194
2d189c7bcaa24ee,test,,4.4444
eb1dcabd42b1149,test,Преподавание и обучение,5.6248
4ca99d179e766ad,control,,4.2928
cb21e811afcaf17,control,,3.6654
1da9cd8b0b08825,test,,5.5197
cbdf1e31fab7cac,test,,4.3471
57bd64afa3d6675,test,Преподавание и обучение,5.2327
ef9f54f9a6e2093,test,,4.7827
f5ffcc104f742b6,test,Преподавание и обучение,3.39
d9a0fa623822e88,control,Преподавание и обучение,3.0418
7b4c4402811c4a7,control,,4.7396
4a84331f2d0ee3c,control,,5.4675
b9fb89aff4c3f6d,control,,4.6176
b10ef19b07beac8,test,Преподавание и обучение,8.0259
bd0f35e68067dbb,control,Преподавание и обучение,5.0589
1f1f6eaf78d29ab,test,,3.8758
32951af6a753e49,control,Преподавание и обучение,5.1734
8235d4108077a29,control,,6.0868
d4ff4e284775605,control,,3.583
bfb1f5f8a638e46,test,,6.3412
01fcadd6a975823,control,Другое,3.5244
bbbef9abfaa09f0,test,Управление продуктом,4.6425
ed13444ca6011c5,test,,4.9448
f5305d40d3c7e80,control,,4.1583
618fdd883c583ad,control,Преподавание и обучение,3.7077
c4579dcca43cb8c,control,,5.8291
b7ec2f31a37d3eb,control,Преподавание и обучение,4.9607
4135f0649ea15ac,test,,5.1055
f9972485cbaefbe,control,,4.6271
08f7cc484fa3c43,control,,4.0824
7cb157fe37019e9,test,Преподавание и обучение,6.3573
ab83f42fce38805,test,,4.3992
6b8de668833499d,control,,5.4915
4c8db3e1d89e66b,test,,4.7889
eb2f0bf80e875c5,control,Преподавание и обучение,2.9515
f3999e23c6e5d56,test,,2.407
26bc6851d830abc,control,Другое,5.5867
dc1dade5cedc9cf,control,,6.3966
6c0741f4a9eac23,control,Управление продуктом,4.2734
cd76d024615df58,test,,3.7288
ee0d89b1158c8e5,control,,4.7146
7a31702509683ec,control,Дизайн,3.9019
5a13d731a0892cf,test,,6.1557
64b46a4bc3d83ad,control,Преподавание и обучение,6.5388
3b09d20821d6b48,control,,5.2764
c7d5dc26faffdf9,test,,5.6298
28234bcef1143bf,control,,6.7614
d520cd111d06b58,control,,4.0793
71e937b35dfa241,control,Преподавание и обучение,2.6552
a947d7874bc9f34,control,,4.0278
a9bc2a2746c52b4,control,Преподавание и обучение,4.5428
4bccb7c97d65b9e,test,,4.7213
4cab355d4ecf00a,control,,7.4831
9723c05092e9e65,control,,4.9082
83810c27e96d59c,control,,4.1421
6b474b39d407b1c,control,Преподавание и обучение,2.3294
accdd9ea78dfa95,test,,4.9118
4e9d699af491cfe,control,,5.1051
0d81499edbabbaf,control,,4.4595
a3065d51de8ef95,test,Преподавание и обучение,4.9569
85f1388270444dc,test,,5.7719
937a4f4d6b49411,test,,3.84
b4bbc4a26820b3d,test,Преподавание и обучение,5.9597
465fabeda158aea,control,Преподавание и обучение,4.0925
3fa2e6008f24e62,control,,5.0449
71040e1e88c6f93,test,,3.6101
e8a47cf5cd5737d,control,Преподавание и обучение,4.5841
7b2e4d25c878532,control,Дизайн,4.5406
a0572fcf8845627,control,,5.0641
4a50c357cf818f0,test,,3.85
f6de37ef2880ec8,control,,6.1095
8c24b7f9d18a60d,test,,3.0537
4c8ca84e52d879a,test,,5.3783
a343f5334897c77,test,,5.4347
b948781734096d4,test,,6.7977
b1d204c596745aa,test,Управление командой,5.5244
8f145183fe725b0,control,,5.2076
589f8723e10774e,test,,5.8345
a5cc91c4308b03b,test,Преподавание и обучение,7.262
3352fc58989d150,test,,5.116
9482a81a0f30e4e,test,Преподавание и обучение,5.0701
145e7a0be088e1e,test,,5.8119
f7f637b5e57c737,test,,6.3784
53f32530a7212c5,control,,3.929
9c2b6c393d6c889,control,,4.425
bcc62b75b174af6,test,,4.1673
5f1e0a337617cfa,test,Преподавание и обучение,4.4762
6c62dc1c6d4c4bd,control,,2.5374
80024f1a3390a25,control,,5.8669
f15a0ac2bcfb80d,control,Преподавание и обучение,4.523
1697fb4ea45fa6b,test,Преподавание и обучение,1.1733
eb6b2b1c66c057d,test,Преподавание и обучение,5.1706
589cadb07fa484e,test,,5.7296
2f85c5dede7b1dd,test,Преподавание и обучение,6.3776
3755f24b2661460,test,Преподавание и обучение,5.2902
7cecd80611c41a7,test,Преподавание и обучение,6.4739
0954352927e4762,test,,6.0122
16ad25e16bb5a71,control,,4.8736
0855a628c1a82fc,control,,5.1886
027b7f46f22e1c6,test,,5.2331
25796fb47e38867,test,,3.7293
d6666990248a178,control,,4.7034
2e86bf6663028a3,control,,3.2851
1d4cb563021b4ff,control,,6.0084
a4172dd7e429d64,control,,3.0456
42d4dfcdc7a2629,control,,6.7918
0331ae63f46d8c3,control,Преподавание и обучение,4.4974
f5bcaae083fc14d,control,Преподавание и обучение,5.1973
386d6399fee8a76,test,,4.6606
2e4ea4556aa6e11,control,Преподавание и обучение,5.1044
84192b1f5c385e3,control,,4.6649
71998511932a735,test,Преподавание и обучение,5.0664
cd247ff51e934a1,control,Преподавание и обучение,3.8593
89b2466b2346429,control,,7.2036
db968131ce2e023,test,Преподавание и обучение,6.0696
5afd520afec234e,control,,5.8364
5fa11f7e334242f,test,,4.6906
d04aed8631f4ff6,control,Преподавание и обучение,5.978
c3c5096345d42b5,control,,3.0625
229a69ce96f0afe,test,,6.0487
943f96c93bedd53,test,,5.9156
c254dfc9d55e409,test,,4.7173
b37658faba81cce,control,Маркетинг и реклама,5.3017
640783a4776a979,control,Преподавание и обучение,4.4283
13d021049d1af1e,control,Преподавание и обучение,3.7796
c25753bd18685e1,control,,4.3066
e0460cb0c72ff5f,test,,3.1731
24501413afd3605,test,Преподавание и обучение,4.6097
50ae6aa51f8bd96,test,Преподавание и обучение,6.3602
779587ecaa0a89c,test,Преподавание и обучение,4.8959
758dfec1fb95afe,control,,4.4966
3a7f7ed6be2ab74,control,,5.6608
2ddfa44ed294ee4,test,Преподавание и обучение,6.0931
ead0ee8b35d0c76,control,Преподавание и обучение,6.1923
aa499ab3eca98a0,control,,6.2898
a5eb1a742401199,control,,3.617
c8426df0c7f9865,control,Преподавание и обучение,7.7124
5e3e269a597a450,control,Другое,4.0999
6e935c9edb4d7d2,test,,6.1206
1d3afd041abf55d,test,Другое,4.7642
805a331b73d2a42,test,Другое,4.1209
4754063c8bcb3f3,test,,6.4385
1858631620c13b3,control,,5.6579
efd3f246957e595,control,Преподавание и обучение,4.2521
dafcf78c60eb43b,test,,5.0257
99e510686b6acd5,control,,3.3232
dac9bd83e8989f5,control,Другое,6.3854
890f40efb02e910,control,Преподавание и обучение,4.4632
fe2be7d2340a33d,test,Управление командой,4.9071
ac920408aba18d2,control,Преподавание и обучение,5.9956
013e153b20166c8,control,,3.8826
9adc14b59541b93,test,,3.9009
aee6c6eb9404d22,test,Преподавание и обучение,5.3975
1c43e29f7ef5538,control,Преподавание и обучение,4.5757
db0159ee4eb10e6,test,Преподавание и обучение,4.9747
c1d3fc268fd2150,control,Другое,5.6193
05da5e4cc6298ab,control,Преподавание и обучение,6.2906
5f96fc519009e51,control,,5.2734
c08766b7ce78412,test,,5.2361
d1e88b187762a23,test,Преподавание и обучение,6.8831
4163dc76f31e628,control,,3.2987
8b17359ca6a3cef,test,,6.7063
d4117c4d2760ca3,test,Редактура и копирайтинг,2.4571
22a503e78e64b6a,test,,3.9371
3213a962fc72c79,test,,4.336
6e891fccf2cb051,test,,4.6758
abeffe9eb9d061c,test,,4.6968
c90f50387876fe9,test,,6.5392
57b51459f358f57,control,,2.9382
c4424fccb4345db,control,,5.496
63a525949c7ee3c,test,,4.948
809d57740bc6e1b,test,Преподавание и обучение,5.1989
31425066998e505,test,Другое,6.9558
e3dfcf62b63e89e,test,,3.6426
20c32a591096e9a,test,,4.5334
ac0c4bfebce0384,test,,7.789
83e75492d86b241,control,,5.6084
6355fb8b663f8a3,control,,5.9907
e599ecc90622fb0,test,,5.0673
7a767031f787f77,test,,7.7969
9990961c4bbfd6e,test,,5.3383
857d3ac9481d4ae,test,,4.4426
b378c3ac4577931,control,,3.1432
bff9d0a6973c3af,test,,6.6829
27f9136e9fb1780,control,,6.9767
7d55e08bb4b183e,control,,4.7183
533dc9090d95d38,control,,1.9596
78e96a028057acd,control,,4.9916
65e33eeeb03ae2e,control,,4.2554
cd7453754252abd,control,Преподавание и обучение,4.2714
3c9ff3fc8342d10,test,Преподавание и обучение,4.0953
e73a27e0855596a,control,,3.4684
41603c3fb6fd847,test,,4.3618
7a6b5412728d33c,control,,5.6589
089cad9197a52e7,test,,6.076
ede6328f0d11fe0,control,,2.9951
4739aa532a117d2,control,,3.5542
694ee72d57d4e09,test,Преподавание и обучение,3.4767
7a59541eb2809eb,control,,6.8244
a7bb637395ff0e1,control,Преподавание и обучение,4.9168
720aa9c5aee6615,control,,4.9702
1c86ea9bd574327,control,,4.2147
f0cb3411bd619a1,test,Преподавание и обучение,4.5922
767f125bce7f146,test,,4.921
2053dc8ef195efb,control,,5.3705
1526ea6671423b6,control,Редактура и копирайтинг,5.4137
97377f69930dd7f,test,Преподавание и обучение,6.4799
5c9d31e1d9a3d54,control,,4.8191
7374df4a81c3a31,control,,6.6808
bdca8d64326a85f,control,,4.8915
dc6df4708168efd,control,,4.1803
97d5f040081f9b5,test,Преподавание и обучение,7.701
f0458b7f08f417f,test,Преподавание и обучение,6.2015
ad796e9d002428d,test,,6.0392
54ddc6baba21cce,test,,5.1385
120b4f7b7becd5e,control,Преподавание и обучение,4.4017
fa8a1a762f25da2,control,,3.4292
080496612e8a287,control,,3.53
b13ea4df52b2321,test,,3.5911
f68b2e2603a9e21,test,,4.5583
fdff9740921143c,control,Преподавание и обучение,4.2221
22613ed67a7ffe0,control,Преподавание и обучение,5.5747
85eb1151f361f24,control,,4.9312
785760d3ce6f25d,test,,6.9064
a90267a6fd1c629,control,Преподавание и обучение,6.7866
db2516c18e3ab50,test,,6.286
c3be4d1b97b5025,test,,5.8244
641b11137cee201,test,,5.8283
dced418f83e3861,control,Преподавание и обучение,4.5791
2be2f1340ccb5ca,control,,4.2998
afb46177b25692c,test,Преподавание и обучение,5.3965
72d27e7d1e8ae6c,test,Преподавание и обучение,4.2426
c99a6f416d9e249,control,,4.3416
370668cfcdd21a2,test,Преподавание и обучение,5.5569
1c048f4ef4c4d01,control,,3.2005
648666f3428cfa5,test,,5.7249
708753a3a089083,control,Преподавание и обучение,6.1563
f71fd81bd524d95,test,,6.5769
e6aff09c86453a4,control,Преподавание и обучение,5.5967
ce443c78ad2fbd0,control,,5.8299
cb480f4bd339d0c,test,,6.3649
db122c78fc628fc,control,Преподавание и обучение,5.3905
251445fe8d58e0b,control,Преподавание и обучение,6.1301
67097eb58d3e11a,test,Преподавание и обучение,4.9849
bf5cda492f83c73,control,,6.3933
75036f5e8a65fd4,test,Дизайн,4.4872
e3f502926680026,control,,3.1967
6dbad16b7092e4f,test,,3.8137
39f4ecd17fda05a,test,Преподавание и обучение,4.2806
a1ceca237729221,test,Преподавание и обучение,6.1437
188e4a787ba8402,control,Другое,6.0949
784137b926934d8,test,Преподавание и обучение,5.9561
e9d1f2eca1a77dd,control,,3.2879
34f4a3118111b0b,control,Преподавание и обучение,3.2393
d22143011da5bad,test,,6.3998
2442bf1d2378516,test,,3.555
95307a72ef1cbed,control,,5.5323
dba025a93f44064,test,,5.0199
daea7c2dd0f598a,test,Преподавание и обучение,6.6736
60a5374137d8ba9,control,Разработка и инженерия,5.2542
dc1bb6c01c9c114,control,,5.5734
4de51b23ffe0f01,control,Другое,4.1527
6dc475c351e9473,test,Преподавание и обучение,5.574
64e5ff9629c6974,test,,4.5826
b054fa9773f408e,test,Другое,4.3791
90991a1eb8f98d1,test,,6.7988
4f2e629a4b41239,control,,5.2685
6b46f0b91d84673,test,,6.791
f2b2664b00bf542,control,,5.2574
2c6e5a55988159d,control,Преподавание и обучение,6.1596
d1358346e77a8e9,control,,6.8907
bd9008a9829f619,test,,5.529
ad4fc4848d9f10d,test,,7.4149
28e1543b93f5121,control,,6.5748
72236f8e04e1633,test,Преподавание и обучение,3.4812
0bca9a806e8e590,test,,6.0349
b555615e1fee8fc,control,Преподавание и обучение,3.483
29b00e6b6c33acf,test,,7.2683
ba1c46e58bc41a5,control,,5.4308
0d90a4baf7c2800,control,Разработка и инженерия,6.3647
7145430b285561c,test,,6.3598
8a5468a4591a233,control,,5.9442
7fe4f9ff253386a,control,Преподавание и обучение,5.3969
5388c580c7c4417,test,,4.7955
38d5373189711a0,control,,5.3401
32a268464074b09,control,Преподавание и обучение,5.4443
aeab34210e50d5f,control,,7.0452
84e379647e9d05f,test,,4.6341
79eeffdcb768740,control,Бизнес и предпринимательство,2.1248
661cc42ed326465,test,Преподавание и обучение,5.4566
4de95f70a57cee2,control,Другое,4.083
6f9d04f1e3e3d39,test,,4.1602
7e6fdc98e0f5cae,control,Управление продуктом,6.9403
4754f0fe9a16590,control,Другое,4.4291
3c73f50f67278ef,test,,6.3317
fd03aa0311bff1c,test,Преподавание и обучение,5.994
4421fa607162e15,control,,3.3179
352ff66ce211cf4,control,,5.0871
1ca9d766ff83b1f,control,,2.9742
5a083bfdbaeef7c,test,,3.5949
2d9cdc3e2f5b969,test,Преподавание и обучение,4.4756
d8a2febe9cb4be5,control,,5.6851
988bc5682e6c6f1,test,,6.1841
348920afc396e6c,control,,6.613
85d59629d185f16,test,,5.2458
c3567e4ceafea7c,test,,3.1472
e80510cfa99b28c,control,,3.7649
a51d875447db1a0,test,,2.9464
88c6768dbcae8d1,test,,7.0406
5c95bf844324429,control,,5.0731
601db90233553c5,control,,5.6905
271093bde23c5ec,test,,1.9546
7054b6a648c021e,test,Другое,6.2146
aedd6c31fe271a2,control,Другое,4.843
dcaa2ff8aa645e8,test,,5.0427
3d8177b972e002b,test,Другое,3.5429
6973f7ef755b602,test,,2.9345
16c9994c8eb2540,control,,5.3394
95ce8192a9849b3,test,,4.823
39815e01a3f967b,control,Преподавание и обучение,5.7563
87e1d417a78aafc,control,,4.0637
a4c49431cc95c01,test,,5.2911
3f46fc3e3a12b2e,test,,4.3403
f59e129f37b558b,control,,5.0927
7660174f408615e,test,Преподавание и обучение,5.5228
698b506bcbf09d6,test,,5.4458
03264b925661ed3,control,,4.6418
f6d2d1056edf73c,control,,4.8335
afba71d7ee44b5c,control,,4.3305
8913a1312337657,test,,6.0352
004d9bb4cfa885a,test,Преподавание и обучение,6.746
b4bcf575e0693e4,test,,4.1358
b7a2fe0d5dc9f6d,test,,4.1216
e1bb79eeb15d4d5,test,,6.0866
21f918a7563ac56,test,Разработка и инженерия,3.8655
3f486965724faf0,test,,4.589
5573dc446b343db,test,,5.5158
87041516d8aab7c,test,,3.8215
41601588c4a0e3e,control,,4.6939
1059a8b0890b9ae,test,,5.3685
e4724a7621dbd2f,control,Преподавание и обучение,4.887
7b2824136e80990,control,,4.9585
7a5ed6be123b430,test,Преподавание и обучение,5.4954
08c0baa184576d2,test,Преподавание и обучение,5.0063
0de1fe2f075da4b,test,,4.5345
3d15c965742a992,control,Бизнес и предпринимательство,5.8964
109268a60e85e44,test,,2.7968
4841d250a7a6ff9,control,,5.4317
e588af727f1baa1,control,Управление командой,4.0885
9e7dddb2ddaadb4,control,,4.3763
84f86a18e90a4f3,test,,7.5536
b3a2facfed9ca61,control,Преподавание и обучение,6.248
edbb35cf18cca43,control,,5.9648
c77280f54bf44d8,test,,4.2666
3f3bf908861c2e8,control,,6.1455
8424f1079c7655f,control,,6.2991
703025c1c98106d,control,Другое,5.4305
19122f54be90763,test,Преподавание и обучение,5.8734
1197915ff9b3468,test,Разработка и инженерия,5.2012
8e8ca28969728a6,test,,4.0297
e5df82942845f0a,control,,3.6561
5e94c062f1d7b4e,test,,7.1017
8f8b417e9713880,control,,4.9488
14dcc69f3c07034,control,Преподавание и обучение,5.7683
95b7d33e8f4e1ed,control,,4.629
e60e319141f204b,test,,5.5792
5b34d4ff9df0eb6,control,,3.6915
bcdd8444e406aee,test,Дизайн,5.4524
e2c3e233e0985a3,test,,4.7555
1e731f29887d276,control,,5.3066
35da122b117df0f,control,Преподавание и обучение,6.903
ef646c2b76ccdb5,control,,5.0269
a82b0702d322c51,control,,6.5794
7093323694d5d6a,control,,6.9621
7eaad6ce160353b,control,,5.3096
19411b262e5ec5c,test,Преподавание и обучение,5.4139
622817bcf38e734,control,,5.8408
9c2cced2ab642e8,control,Преподавание и обучение,4.654
1574fc5d64cd152,test,,4.3842
3fff0ce7148471b,test,Разработка и инженерия,4.0821
ad275128ab6cffc,test,Дизайн,5.7011
3304456dcace7f6,test,,5.3353
7c0017bbd8704fe,control,,4.4532
fc7227de1ee3ad3,control,Управление продуктом,5.2896
e005725781d165b,control,Преподавание и обучение,6.5993
86abc59899ea661,control,,6.25
5be228fcda3e6a4,control,Преподавание и обучение,5.3841
55803e15b1606a5,test,,5.3271
7759990ac865161,test,,5.0338
029a33f12dae366,control,,6.7231
2260676453d0c90,control,,5.123
fa9e93d8a188cf6,test,,4.277
2a02881f2a38f1e,test,,3.315
693198795fd918e,test,,3.561
5f8e2e43f68c7ee,control,Аналитика и исследования,5.9357
f8d72f3783420e3,control,,4.1724
4040bdc68e6cb24,test,,5.7858
3b740ff743388a2,test,,5.9682
6a2308e847864ef,control,,3.0541
a768b73f4d9e430,test,,5.7916
2b6c1de1c626fb4,control,Преподавание и обучение,5.6899
f95a7e79dc8ae91,control,Преподавание и обучение,3.8998
24cd7d9a2fa0801,control,,4.3569
679f764c1de2c19,test,Разработка и инженерия,3.6237
11131a53a71d5f3,test,Другое,3.8533
5c9e715e3d0d6c1,test,Дизайн,4.3141
598eee9d84bb1d3,control,,4.0262
262cd55394089ad,control,,3.1128
febe5ab5dbb387b,test,Преподавание и обучение,5.3984
a1b967196f5d613,control,,6.5713
ede883a0864761d,control,Преподавание и обучение,6.2435
9f8d580bee12300,test,Преподавание и обучение,7.6102
9795da18fdfacb8,test,Другое,4.7825
eea4dda8f3cd2bc,control,Дизайн,7.4056
342b05d24f47d1d,test,Разработка и инженерия,6.0043
34b00ef16182d3f,test,,5.4676
fe73afbefb7bc89,control,,4.9659
0ed69dc30414aeb,control,,5.5648
bdaf78a7be8df66,control,,4.1762
d2666cd1915c595,test,,5.0335
e9b366e71666d81,test,,3.9675
ccffe42b226605e,test,,3.1603
5c47a607ca4a483,test,Преподавание и обучение,6.086
678d923f96018f4,test,,6.7954
96bad7f9ad0fdb7,test,,4.0919
da0459a7951f839,test,,5.9781
a6590b820643da1,control,,5.349
e6c06d738a91f1c,control,,6.3697
a4b1cf5ad8fe580,control,Другое,4.7187
fdb77a02fad6f80,control,Дизайн,5.4
1b31c40197e9326,test,,5.9295
93bda976a1570a3,control,,5.8288
a919f36e867ba77,control,,3.9995
d4861fce59be311,test,,4.5715
6d891a2accd9e35,test,,6.5342
b89e4316cfa3112,test,,5.6408
d28926d7c44349e,control,Преподавание и обучение,6.3184
91900a9b837d3b4,test,Преподавание и обучение,5.6943
6d23b9194d45b01,control,,4.671
daa3782acf5da04,control,Преподавание и обучение,5.1754
9e66b66c1c3eee5,test,,5.899
a8c699858baf858,control,Бизнес и предпринимательство,4.3682
edd8723a01afd98,test,,4.3938
85fb12a6181a93a,test,,6.214
45bb3510529656b,test,Преподавание и обучение,6.7013
b245164f13f5b50,test,Другое,5.2442
5f0e0d06a6abd32,control,,5.0794
20437692500e8d3,control,Преподавание и обучение,5.4621
9a23bd1be796584,control,Преподавание и обучение,5.1681
1dd5d8beda1511f,test,,6.8033
993d974e4736417,test,,3.5503
d632e22542a85c1,test,,6.6359
0de03c92651f35d,test,Преподавание и обучение,4.9926
4b3ae5aedfe5bb2,test,,4.5836
04310817a5cba6d,control,,5.6555
b62ea7e06271dc0,test,Бизнес и предпринимательство,3.6628
99b3374a2d583c3,control,,7.1132
f90efab3a90202f,control,,5.0215
b84c18a2840ad88,test,Другое,5.0746
f8fc256d35949e7,test,Преподавание и обучение,5.9425
5705e74f7f8e7f1,control,,5.1704
a0967f3c6ac75b1,control,,4.8196
e5d0bff8b08e9cc,test,Преподавание и обучение,5.5595
689d32edb5c3d71,test,,7.1033
622c6880d686eb7,control,Преподавание и обучение,5.6687
7b1c27af33ff414,control,Преподавание и обучение,4.2184
b5f08bc154de9ba,control,Преподавание и обучение,5.9677
7a925651c431c02,control,Преподавание и обучение,4.4657
69a1c61905a3264,test,,4.0384
23a0e0a7eda88fe,test,,5.3692
7cd412fe393cf19,control,,4.9596
a850bcd75413a7c,test,,6.7696
2551f397e10c70f,test,,4.0557
15cb839a9a7311d,test,,3.8986
0163cb3772a98cc,test,,7.7687
1edee1dd86c9c6c,control,Преподавание и обучение,5.0972
3affb14fb7c39f6,test,,7.3374
3602b6a9cecf1be,control,,3.8073
41eb5d91e3fbec3,control,,4.8093
159512dfa3f5994,test,,4.4733
9847fa0a6b21134,control,Преподавание и обучение,4.5296
13a0b73f47ba44e,test,,3.9397
9564c896137858c,control,,5.2653
b074b965a826700,test,Преподавание и обучение,6.1728
4f326a371e60d65,control,Преподавание и обучение,5.0548
cc810c5a8a7a90c,test,,6.0473
b1492064abe64b1,test,Бизнес и предпринимательство,5.0151
a24278f8477bd9e,test,,4.492
2f585bccd7ebb90,control,Преподавание и обучение,4.7285
6ef9cf6f16658bf,test,Преподавание и обучение,5.407
67a507d37b57bb2,test,Преподавание и обучение,5.1374
14950206e84631a,test,,5.87
84d3afcafd804b3,test,,5.206
163485a7b4875e0,control,,4.6021
bddd96e86b5c71c,control,,4.9238
0e14f71f3fcc601,control,,4.109
e1b1e4f8ca2e638,control,,5.6762
a18e18378ccd2df,test,,6.0221
38ba95ec74595a6,test,Преподавание и обучение,6.3613
894ee930e48e85f,test,Преподавание и обучение,4.0165
c6f682d385d3cda,test,,3.2484
a4bc530dfa2fb56,test,,4.0757
c697de2332a932b,test,,4.6063
75d6a6d0f0938e4,control,,3.4974
7c91636c8408196,control,,5.1978
170adf4e992be9c,control,Разработка и инженерия,6.6034
082898969a20a62,control,,4.0339
0cdc5d434a77edd,test,,4.5648
0642edcb5e6c721,control,Преподавание и обучение,4.9041
9679644d882f408,control,Преподавание и обучение,5.1384
8392ee7f6bd536a,control,Другое,4.0352
c14cc9eb2b6e475,test,Другое,6.2462
0df37d446def992,control,Преподавание и обучение,4.283
5252a43d3adc887,control,Преподавание и обучение,6.6582
50e5085683872a1,control,,5.3187
833addf3a6a518a,control,,4.5942
f0d15e6108e2fa1,control,Преподавание и обучение,3.8582
9389c9332e06349,control,,5.1816
1b4b1107e71db4c,test,Редактура и копирайтинг,4.3106
9f277fdf9135066,test,,4.9597
1a0bde7c0b0a295,test,Преподавание и обучение,4.5661
32d68acd8d104d3,test,,5.8427
6e51415b3d7608c,test,Разработка и инженерия,5.7492
6b3dd0dee6f4bae,test,Преподавание и обучение,6.5813
dd790c97ea18a0f,control,,6.0077
59dc6d21427c462,control,Преподавание и обучение,3.6119
bc63af7f852f180,test,,2.9396
942e81f6f8ecc04,control,,4.5545
03ec39bda9f3e38,control,Дизайн,5.0037
8f73f972d78c62e,control,Другое,5.6302
007e5d04398062b,test,,5.3074
e6f8f279d925896,control,,7.0258
ab10c6b100b25aa,control,Преподавание и обучение,4.8041
211d89bc64fcd51,control,,4.6016
7439fcf400748ab,test,Разработка и инженерия,6.6923
857fa9604c4f590,test,,3.6733
5cc70ea8e1faed7,test,,6.4715
7720d234a718e27,control,,3.9335
559b5331771ffbe,control,,2.5863
56ef52d04041aef,control,Преподавание и обучение,3.3212
62f2854747eb7ce,test,,6.4557
ad839874f200f10,test,,4.9684
cb44b84e4c22441,test,Преподавание и обучение,5.4073
460408308031a62,control,Другое,6.6154
2ed5b5a50534166,test,,4.8876
8cdab8f34229f8e,test,,5.5665
a2e69fe30ecad4d,control,Управление командой,6.1989
2cf352e82b17141,test,,5.4308
220729b23508ebf,test,,6.0949
dfc7d1969066252,test,Преподавание и обучение,3.6973
b6bbd4d7df4ce1b,control,Разработка и инженерия,6.3692
09d6319bb79cc3e,control,,5.9451
c36eef5501d08e0,control,,4.2824
b2abe458fbb2eda,control,,4.4539
edadef2533f76f1,control,,3.9683
972385d8e5e4f26,test,Преподавание и обучение,5.4043
b47d46dce60221f,control,Преподавание и обучение,6.2023
5851e3c2963a69b,test,Преподавание и обучение,5.1094
437182d781edda5,test,,5.6784
ac5c900068515fb,test,Дизайн,5.0904
7af39a7d2e6c1d8,control,Преподавание и обучение,4.1522
f5b4e3c3bbe13a7,test,,5.0678
26d4a2b73d0375c,test,,5.2282
edf3e63cdd734bd,test,,7.2126
83f857a39865509,control,,3.4395
1fea5d02c9862d4,test,,5.4151
2be4de41e0f1361,control,,4.8319
62472480b851a93,control,,5.9492
d5dc716791beca1,test,,5.7908
4fae45a7521ef31,control,Преподавание и обучение,7.0777
7c378d821c530e6,control,Преподавание и обучение,4.0715
8568c4a740211e0,control,Дизайн,6.07
d82f407a5e56b08,control,,3.4485
d8f95ea25537e6a,control,,3.9926
6551fb89e72480e,test,,4.9544
279e1277c3ff6d4,test,,6.1863
d37a630ae8bfc58,control,,6.1488
d59e4d4fceefd90,control,,5.291
80bd334f8d7802b,test,,5.8518
79ff899cab81d90,control,,6.1485
1d96e0efd96f5e1,test,,3.0146
73671ebcb62cc5e,test,,4.5785
e438f298c115f77,control,,4.8312
a8c005fd27eb948,control,,6.7301
930a6f5e78d887a,test,,5.5527
9d41b66131cc674,test,,5.9258
533234669825501,test,,4.1623
a5535a9461a472a,test,,6.3306
dc3c56a4ea5e439,test,,6.2334
e13a0817d95f0ce,test,Разработка и инженерия,5.7584
a230ddf987403e2,test,Преподавание и обучение,4.1194
81dbe15908dd098,test,,4.6044
e5a0f7122025655,test,Преподавание и обучение,4.7423
c85043be4629ca7,test,Преподавание и обучение,5.7944
7c4994907e0919d,control,,5.6213
595ba31f9ff3e0a,control,,4.0681
bf388062c59eaa2,control,,4.3711
96f62128b5a998a,test,Преподавание и обучение,4.6544
2c9bc29d43d3779,control,,7.2819
4868abee06978bd,test,Преподавание и обучение,5.452
edc5950aaf83179,test,,3.3361
44e995eaa6fc74b,test,,3.7062
1a70d17c03544d2,test,,5.149
ce643750fd4654e,test,Разработка и инженерия,5.5046
b016de19178983b,test,,5.7026
dd9efc89965b281,control,Другое,4.9857
c36e649639ed04f,test,Преподавание и обучение,6.0684
e439ea3d3c34dc4,control,,6.1283
68526a47dd0bd7f,control,,4.6247
07851cf69e0c750,control,Другое,4.1471
5f7cd56a26c9ea6,control,,4.6254
a9c86ea3d63203c,control,,5.1838
46995b5a7cdda8c,control,Преподавание и обучение,6.3145
7f21bb19df103d3,control,,4.2027
347648437fc22f8,test,,5.3399
98673f768622c52,control,,3.0292
2cf75fb5b71dd20,test,,5.0879
97d7d607d60ac01,control,,4.0855
f9c38f075ab0b26,test,,5.7524
590a9a442f395e7,control,Преподавание и обучение,6.163
a291b4c3af0a8be,control,,3.9352
84019f84970547d,test,,6.7058
a1507341791fe65,control,,1.627
084bcd1ddf762ee,test,Дизайн,4.7361
4584f33e4b766ad,control,,5.2903
1d4a5b5316bec99,test,Преподавание и обучение,5.0696
2a3dac262011b4c,control,Преподавание и обучение,4.7917
ed4a5c406f63707,control,,6.8103
3aae66709a89feb,test,,9.7911
ed0be872eae9635,test,,5.1155
789af03f05fa8ec,test,,4.1183
5a5330216f23cc6,control,,5.3162
c784f98e200c1e2,test,,4.4487
c1096364b730d1f,control,,5.2519
1cc19b5cef68ba4,test,Маркетинг и реклама,5.0141
0477cffc12cd404,control,,3.8912
16929a39daa25f2,control,,6.0984
034ac0b3e43dd9d,test,,4.0432
7817a1f2a5adf94,test,Управление продуктом,5.215
6ae11020f4ad787,test,,2.5064
e1e546ccf94db3d,control,,4.9621
71f2f02e30c2e42,control,Преподавание и обучение,5.1679
a48b2602ef08ea6,control,,6.1728
54f865b985a119d,control,,4.997
7376c90d9739809,control,,6.0213
c3eeb54728add68,control,,5.1946
23204cf2df1384d,control,,5.493
4f169652af766dd,test,,5.1431
42e09c21dda56b7,control,,5.7002
12b68ed9c2125c6,control,,6.4974
deb5f0e2c4c4e9e,test,,6.0114
5a5f0e8556a27c5,test,Преподавание и обучение,5.4688
99b2cd92bae35c8,test,,6.0913
89e3f8a9f2eb591,test,Другое,5.4586
d6ec6ba00e30ffd,test,,5.137
74a4d5fc79fb197,test,,6.6055
effa90aa9fd0be7,test,Преподавание и обучение,3.9107
731ab584d848361,test,,5.6276
c1cc95a02de96dc,control,,5.3879
eae4f8732b69ec7,test,,5.7227
a68e23fe65927f9,control,Аналитика и исследования,6.7108
1973ab2660b5c63,control,,3.7324
0613e45ac9941cc,test,Другое,3.8476
83bbd4ee6e7b4af,control,,4.8716
464aab7d5ee7fdd,test,Преподавание и обучение,3.9505
c6bed1989cd8ef9,control,,5.9572
6c81f487738c469,test,,4.9765
8a0d81794ec5c59,test,,4.1143
73249f142618cb9,control,,5.2427
7275a94c10e8f6d,control,,6.078
7e1f2c3d7435fdb,test,,5.2737
d0e6b60f02226a2,test,,6.2383
174468a0fe687e0,test,Преподавание и обучение,5.8908
f5f9662eb5b1d2f,control,,5.4185
94f1f8b382b92fb,test,,6.7439
0ee87a792ab452f,control,,3.3669
4547e3a6cab99a3,test,,6.2295
6ec15c8edecf2d2,control,,3.3576
bce22157152fb09,test,Преподавание и обучение,6.1464
dbcf6dbcccd9b93,control,Разработка и инженерия,5.1271
e0470dac5c758c5,test,,5.2594
696c941ae5b6da4,control,Преподавание и обучение,3.9118
80aafc90aad3e73,control,,6.9977
5cebe5d5cc57b7b,control,,5.7485
3e17023e74f9774,test,Преподавание и обучение,7.3824
e109b2d906ad349,control,,7.1896
6c9e38f43c3a847,test,,5.5102
5826d7a026127ad,test,,5.5802
c75c885776cfe19,test,,4.7441
d020a85d11494e9,control,,4.9319
74c972f7643876c,test,Преподавание и обучение,5.2395
7bebb7dcb1e759d,control,,4.7002
b185c2e6d1b862d,test,,7.8733
adf48ee05da8889,control,Преподавание и обучение,5.7924
671b5944c41c5e1,control,,6.1066
874f6dbf08aee6f,control,Дизайн,4.8032
c7c163141c58bde,test,,8.9026
065d5f6e23a10e3,control,,6.9728
e04ea97ac29c993,control,Разработка и инженерия,6.4838
e783dda89bd4642,control,,7.0419
1425a3a0ca30f1c,control,,3.0073
67076cd10194e8f,test,Преподавание и обучение,6.8016
e295fad8473c6bc,control,,4.716
fa84a496aa4a5fe,test,Преподавание и обучение,6.1176
913742da4436b25,test,,5.9726
5a3f8fdb455314e,control,,4.0243
53d79d9c3e58e1d,control,,5.8105
edda87e3395ac7e,control,,4.56
68081659c0921a7,control,Преподавание и обучение,5.1397
bd66213dea2957e,test,Преподавание и обучение,4.134
092b21b36909337,test,,6.5241
88dac616bb7f513,test,,5.8081
08cb8bee51c3bde,test,,6.1731
c6293ea5af21111,control,,5.0862
6235528a49f0469,control,,5.6727
257640176c03979,test,Управление продуктом,6.6265
5322da60f93187f,test,Преподавание и обучение,5.7442
cf07f5c83f6fd0e,test,,5.3528
66b001330da4b5a,control,Преподавание и обучение,4.9961
7f93c2f7b88e5ed,control,Преподавание и обучение,6.1477
022b8ae47c6cd08,test,,2.1215
85574d692836c31,control,,3.3743
ce3819188ccc2b3,test,,4.5455
e04e0d76e79b193,test,,4.0289
62a6e254653d29f,test,,6.6968
ab12fda19dce3d5,test,,5.9228
6a6b58012182eda,test,,6.4976
8b2807c5916c43f,test,Преподавание и обучение,5.9352
d282d78e7f50cd9,control,,2.6968
4d1b5a2dde72f72,control,,5.2135
5e793fce01f73e9,test,,2.7187
c30441ebd71d7eb,control,,5.3225
16e2747b7728fe3,control,,7.2399
c6b7c54f20b2182,test,Преподавание и обучение,4.6129
2dbb0d4f3605a22,test,,4.7162
62d66fb0186dec2,test,Управление командой,5.7951
090413ff1a15065,test,Другое,5.0549
0d0fa01d3bd99d4,control,Преподавание и обучение,3.6592
7730d9bb42164b3,control,Преподавание и обучение,4.2238
6bb1eb4bef0c8f0,test,,4.3869
901ac758013ed0e,test,Управление командой,3.782
a2bc10809d042ff,test,,2.9045
b42fbd11fba36d7,control,,3.5854
541182cdd5175c5,test,,7.2136
ece59acfef89fec,control,,5.8484
2d9889bc95f2ee6,test,Поддержка и сервис,5.6212
9366ea9007f737b,test,Преподавание и обучение,6.4175
f280c2491a37c90,test,Преподавание и обучение,5.0308
6b754373a3ae288,test,,4.6297
812bda5d8fb0ee5,control,,5.5826
5f127127f3f35b8,control,,4.0796
e0e95ac299a1e03,test,,4.9947
472236e73f2c59a,control,Преподавание и обучение,4.6148
4fe23a1b4adbd3e,test,,4.1373
601c1eaab76acc0,control,,5.0803
017dc3ce14f32e3,test,,4.5108
791eb823ec1c689,test,Преподавание и обучение,5.2234
5f20a97c1314ec8,control,,5.0604
37b558f962f579f,test,,4.1872
aaafa353c32d751,test,,6.0326
7a5cd1e5730fdd3,control,,6.2212
2ece0ff7d8d4eee,control,Преподавание и обучение,5.3679
8619cb3d26b8135,control,Преподавание и обучение,4.4572
3ba5222f93317ca,test,,6.5405
638a6162fd01f38,control,Преподавание и обучение,5.1049
f43f69148cce38c,control,Преподавание и обучение,5.9881
18688c914d1b7f8,test,,4.4255
8e3691ea7976bc3,test,,5.5592
4258076c843e0a6,control,,5.259
e9400f37b8d5783,control,,5.9279
946e8e971718700,test,,5.164
f66d028f4420ae0,control,,5.6752
d4b3cc5ff00ca21,control,Преподавание и обучение,4.575
36c9d6ad0e79380,control,Преподавание и обучение,4.008
4f8a54f89631837,control,,4.0412
cf22872f2e748a3,test,,5.4752
47c7249aa473455,control,,6.3733
9a7c43a5e61f65a,control,,4.8225
6aa28af595e6903,test,,5.3494
20092dcf050de41,control,,8.8331
02382f47db91633,test,Преподавание и обучение,4.7413
e11f35b86139ced,test,Преподавание и обучение,7.3712
b2763adabe7ae83,control,,5.1099
54f0b482578d594,control,,5.701
cb1ccda60636b9b,test,,4.8508
57a9de3991123a8,test,,4.8587
ee0e25485f13a38,test,,4.9288
bf407979ef84a49,test,,5.707
1c1e4d0a8147866,test,,5.7883
9da80bb69121b11,test,,4.7835
057a05d514e6da2,test,Преподавание и обучение,3.2453
1d0e2d68785fbdf,control,,6.4345
02e3a48338f8f06,control,,6.9393
6c571e0bb7f118a,test,,5.364
ace2bd691124bbb,test,,4.7699
d49829cddc1aa7b,control,Преподавание и обучение,5.5564
69e3c0b0420de1e,control,,5.9133
96ce622773e77d3,control,,4.7262
9c66c24cb3d8114,test,,6.1101
678efff7d6529bc,control,,6.1555
5f3b27e7e7d7174,control,,6.2763
9ca193ddaf9fbd5,test,,4.8016
ef8418180fc5139,control,,6.7979
12f8cdbce6e40e5,test,,3.8873
55daea446760894,test,,5.3879
8c380bca1176dd4,control,,4.1075
c3b069dc00c4cd2,control,Преподавание и обучение,5.5785
0fe6b8a8ccd5c77,control,,5.7173
a6069fe1e5a5ef4,control,Преподавание и обучение,3.3354
d956255c9a6bd4a,control,,5.1221
e1d6e206f1615e9,test,,5.076
5d40f0a4a13157a,test,,3.1857
18a8a7bd0c11002,test,,5.1215
f4b1372d62502c2,test,,5.3733
1cf9b4137b84a83,control,,3.4803
cc04595c172f82c,test,,5.8497
5dcdd413506d6a2,control,,4.858
e4b91ecafb49616,control,,7.266
bda59cb92ef4bd7,control,Финансы и консалтинг,4.1465
bd6fc1b5bbe14eb,control,Преподавание и обучение,4.0492
c8516109cc24dee,test,,5.6938
6f458ca498ac18e,control,,5.0152
7bafec98e32b9ea,test,Разработка и инженерия,6.0946
c9391c15f88b393,test,,5.7772
4c39ec2b22dedc7,test,,5.1151
0e41632c9e7cb87,control,,5.1232
a9bf75021748f8a,control,,6.1544
f7125f0eef4d89c,control,Преподавание и обучение,5.9461
73529a2350f1786,control,Преподавание и обучение,4.9382
5db18c311dc83cd,test,,3.781
9d1599811f5667a,test,,5.6528
bdb06777211888f,control,Преподавание и обучение,5.1076
1d0ebd5f90de7b3,test,,5.8863
07ab4e73b877b6e,control,Преподавание и обучение,4.2039
f2236e466a3728a,control,,6.8593
b98244d8ee8e26c,test,,5.5965
5b3454fb374fc80,control,Другое,4.8369
5e62a1acb5924bd,control,,5.6081
86865ed688935fc,control,,6.4766
3bfd0f1f9d023a5,control,,4.8781
64766e8a6a85390,control,,5.5378
611b7ffccdedbf2,test,Преподавание и обучение,4.7263
4c980ce34d35d97,control,,7.087
c84d2aaeb39f937,test,Преподавание и обучение,6.5808
5da54ad0f8184a2,control,Преподавание и обучение,6.4503
8a85ac1645e63c4,test,,5.4231
39fc3264c5bb992,control,,3.9523
1cd3b2004c9ec36,control,Преподавание и обучение,3.5507
1dd4ea51889b65b,test,Другое,7.0383
5b2f10a937e1027,control,Разработка и инженерия,5.3769
f84cd87678b7495,test,,4.5458
999a0fd829e6f62,test,Преподавание и обучение,5.5405
6826a879f520350,control,,6.3914
b2f1c3bfb372620,test,,5.57
715a5b2681975e2,test,,5.9652
7edf27ac8bc4915,test,,5.387
35d2c4895c1732a,control,,4.5772
7af9cba295b8cfd,control,,3.7149
a181c88cfee7298,control,,6.1915
b1ee87f6eeba2f7,control,Другое,6.0466
228b3d025b00fae,control,,5.9969
6bdda3b54a6809b,control,,5.5365
e63d1c67fa994de,control,,6.5437
a756e96cf0a3a05,control,,3.7528
1207abefd3714a4,control,,5.954
7b56579a780302b,test,Преподавание и обучение,5.8842
80f0bf9597e4a8e,control,,5.647
2acabb143607684,test,,3.9449
993fc0de15924e7,control,,4.3363
f7647508e648e3c,test,,5.3642
d0da4241c169a9e,test,,6.1047
321049dd1078add,control,,6.0044
f663bd7567e4362,test,,5.0278
0ece059de3d3803,test,,6.5559
892a9b6475e6675,test,,4.3394
395f4acec8afa44,test,,4.5216
b526d8c920af98a,control,Преподавание и обучение,4.0771
89a344d01fe3e92,control,,3.2327
e291a3742d55dcb,test,,4.4759
323fe261f47a790,control,,6.1268
ef843c1800f56a1,control,Преподавание и обучение,6.0284
ce8ddce376f4742,test,Другое,3.1936
9bd2b814d5ed250,control,,4.5634
22d9ce92d0f0366,test,Преподавание и обучение,5.0545
7388d8f1056ffb3,test,,4.9382
a40825151902bfd,control,,4.7048
a89ac0b7cc15956,test,,3.7545
84ba4431457ed79,control,Преподавание и обучение,5.6491
e20123e54fc06c2,test,Преподавание и обучение,5.9225
666e5aca37598f1,control,,4.3511
587a727734c947d,test,,4.526
95a03de37c94d88,test,Преподавание и обучение,4.8852
0d8272f1ab6c859,test,,5.4501
01737ef3904abc3,test,,5.484
bada1d0cc6a570b,control,,3.94
ac671b0f862f820,control,Другое,3.464
0619755106af179,test,,5.0494
05ba96ce7acbc3f,test,Разработка и инженерия,5.786
6435a21fdcfc771,control,,5.6481
fdc4653a4a7e177,control,,6.9182
16aaac582a2df23,control,,6.22
626f53623545de9,control,,6.2565
2e02236534fc19f,test,,4.2184
0f0d52c724e39be,control,,4.9805
45da32445e43feb,test,Преподавание и обучение,5.1395
31d3d76cf8d2bdd,test,,6.5316
c39893b27b65dc4,control,Преподавание и обучение,5.3843
36b82c506a2cdfe,test,,5.869
11cad4163dccff6,test,,4.922
9eba47fb8cc05a3,test,,5.5548
ea2f95f4dd0d7be,control,Маркетинг и реклама,6.1006
21a0aeeb64a6f8d,control,Дизайн,3.9585
0821d686435efea,control,Другое,5.2381
981849f658d49b1,control,Преподавание и обучение,5.1659
0551cade21fb718,test,,6.6467
9a47bf116fe49b9,control,Преподавание и обучение,5.3881
5575210fcdcdd3a,control,,3.5063
ba8dd4139edbe8a,control,Другое,2.872
76aab96251d7cfe,test,Преподавание и обучение,4.2747
1bec9c3efaf48f5,test,Преподавание и обучение,3.824
2c7b9e766ddd8b3,control,,6.0857
ba6266717a9f22c,test,,7.5354
cf85a47618b2375,test,,3.3131
f8967584e4b4a9a,test,Другое,4.449
c8644dc66089aeb,control,,3.6794
44e35db491c7136,test,Другое,2.8533
deddea84b2ea801,control,Преподавание и обучение,3.4529
d4829da9b35ff09,test,,4.1268
f6df5f721d6b3d3,test,,4.2744
a55b8aca8560a2e,control,Преподавание и обучение,5.185
bd002931a4f1a0b,test,,4.3956
f41db75ed920908,control,,5.0316
a636f2fbe6a7a56,control,Другое,4.476
546abd5c3bb6b35,control,,1.4095
c3897b7e8bcff84,test,,6.9225
9061b9c3d8484ce,control,,4.1367
91e688e7d4f1547,control,,4.2356
185497b79dce358,control,,6.286
6fec689b4d1cf1f,test,,4.7526
4388453655fd03d,test,,6.5157
e9c413ea8798871,test,,5.9236
8a6021119d3ded0,test,,6.2695
a9251f621b2c168,control,Преподавание и обучение,4.764
6d88f4e29c7825a,control,Преподавание и обучение,5.6315
d15bcf49829d694,control,,5.0618
7383077abd16e69,test,,6.951
ead48955ac1d3d2,control,,5.2775
cb65ab474bac9c5,test,Другое,3.7079
f23c3fa2c3027b6,test,,5.3601
4d4ff56c38c93d1,control,Разработка и инженерия,3.4177
b0ea6f905a4b4ee,test,Управление продуктом,6.8095
2307c013012ecd0,control,,4.4135
8164218a3f95739,control,,3.75
215e13693a4abdd,control,,4.4294
8dbcb2ef6817a64,control,,3.95
52bca8cb4804a94,test,,5.5237
7a306a5ed0a164b,control,Преподавание и обучение,4.6071
ab5e1de8d803850,test,,5.0469
d86184e822364e3,test,,6.3366
8f7960ef1662679,control,,5.1802
97650156d1713f3,test,Преподавание и обучение,4.9064
3c3f3c8cec03242,test,,4.5758
29ed4029b6366a6,control,,5.2864
11b5bb02f79b084,test,,4.593
6d8368151f2d817,control,,5.6969
2dc96abe37a0155,control,,5.2512
eecb917c1b0fa6a,control,Преподавание и обучение,4.1157
e519a21e94b8719,control,,4.9614
0fe5f4d2b4c2f00,control,,6.1426
72419ed30484ae1,test,,5.8609
c352e825b43f2f3,control,,4.3664
d1d7c330c9ad627,control,,6.0679
2d61fba79f97eff,test,,7.1235
d5bbade5057a6a4,control,,2.809
bed7f3084d14620,test,,4.8184
8c38460ca33dcab,test,,4.9349
b1d9092e92e18d7,test,,4.3712
3c2d1092a8d6cbb,control,Преподавание и обучение,4.9001
89836b655a93570,control,,3.823
624078474ee3c7b,test,,5.8625
eb256326594d46d,control,,5.4726
b02215790cfc57d,control,,4.1244
0834f2b10f718bc,test,Другое,5.0109
7e389b1d57e812e,control,,5.1205
5ad9fd14486bb72,test,,6.165
b0f4d7e1f0c79aa,test,Преподавание и обучение,7.4082
b8e8cb06d671070,test,,5.7614
b74c145deb97bb3,test,Преподавание и обучение,5.6519
1a38025ae97c5c8,test,,4.3071
a723ec123be4b33,test,,4.1054
eb36e0379e840e6,test,,6.8924
737c800f9a59a11,test,,6.997
93eb7806b2d8ae2,control,,5.0433
b108dcca738ec2f,control,,4.6969
55b979f0a99956a,test,Преподавание и обучение,4.6002
b9ec6a2697f0203,control,Разработка и инженерия,4.8394
a18b228fa001ac2,test,Преподавание и обучение,5.1367
d8ac7ba65f9d2cb,test,,5.801
2ad671cfc355041,control,,5.8027
0f32d81ae883ceb,control,Другое,3.2844
1b0ce4beece1ef1,control,Другое,4.786
4c85d3268b748f2,control,Разработка и инженерия,5.284
45ca9cf4647fbb8,test,,5.3088
3a42666cdf1a70f,control,Другое,4.3149
8ce11e6b218d936,test,Преподавание и обучение,2.9886
f32917b44140aa5,test,,4.7501
49476c9da817a94,test,,2.8012
3505ada37739714,control,Преподавание и обучение,2.7556
a5ba341fde4a535,test,Преподавание и обучение,4.0048
ca3ee4a1be9d815,test,,5.3317
d389c38a4bef41e,test,,4.0222
e69020f80ef8d49,test,,4.5691
83d9b8b7d673b63,test,,5.2805
edc539a269dc4e2,test,Преподавание и обучение,6.1793
d29cb2c08f88097,test,Преподавание и обучение,5.9447
51657a5b941b52f,test,,4.0153
e9c609ba96ae5cd,control,,5.8828
73b799d86c87ff4,control,,6.4639
dc1eea3c92a4dae,test,,4.34
d4a31a5307d44b5,control,,6.0504
31f614023651dd3,control,,6.2439
201f3c20692301e,test,,5.5733
99f3aa0f8f24980,control,,2.1545
d018b4c04cd6b37,test,,6.1035
148880415fb74e8,control,,5.6208
3a36e6333a928da,test,,6.1074
0fa9c51f97f47d3,test,Преподавание и обучение,6.0606
e265bb0cbf36c9e,control,,4.8491
4891db40f44ad0b,test,,5.7494
1c36cd66c4f897b,control,,6.1552
1b68cb17a8eb758,test,,5.4279
b5a1c41f4da682a,control,Преподавание и обучение,7.0697
670a01531a353c2,test,,5.5599
4b78365d8130db4,control,,3.1298
08f0e25760a4263,test,,6.829
121abcd66d4d431,test,,5.9904
7355e7f54aa1346,test,Преподавание и обучение,4.3406
70c907822944b71,test,,5.7632
c5a168fd1c90f72,test,,6.0884
9d2a05e04a37361,test,,7.0638
d79838bfbd1b402,test,Преподавание и обучение,3.8471
578c445134af96e,control,,5.7658
ad0fc7dcd14c0e0,control,,6.4593
acf6433b5235fa3,test,Преподавание и обучение,3.5037
614d4e0d6c69634,control,,4.5755
9ccbe6dab8f15a0,control,Преподавание и обучение,6.6487
c9bf62c04b140c4,test,,4.1858
da4093c7a0f0a73,control,Дизайн,5.9946
cbb256d34fbaac7,control,,3.8336
a8372505927fd49,test,,5.5246
9aa528e38531ed7,test,,6.8628
80c9954e574bfa5,control,,6.0938
2649019ce337732,control,,5.8431
24d96d97cba179a,control,Управление командой,2.928
bd583428d9b724d,test,,4.309
3203e10dd44a67b,test,Преподавание и обучение,5.8539
234508056053005,control,,6.0596
10a2531e2435d14,control,Управление командой,3.975
d09066833368ce6,control,,4.2835
7ecf2e5c0b8d9b6,control,Преподавание и обучение,4.7458
0c580c77b6eebc7,test,,6.3014
30f0a623950f8c7,control,,4.7897
580265998d85570,test,Преподавание и обучение,4.4965
cf14d3fb22f046e,test,Преподавание и обучение,5.6267
34056228902eda2,test,Преподавание и обучение,4.5512
3f89034b8df4a75,control,,4.4762
a8544627f41e6d4,control,,3.7717
85026400e96dda5,control,Управление командой,4.5149
2ce5b69e9bc4a55,test,,5.4616
cefa770d6d6f262,test,,6.2175
221215c2897083f,control,Управление продуктом,6.2055
29d3d0c64f80cb6,test,,6.2782
cfe6008e44cf92c,test,,5.1592
d75fb6ba27a6a81,control,,5.0415
18a374cf8cb5c68,control,,5.9081
62723595bc89148,control,,6.1671
cc1d4cb3eb95359,test,Другое,6.3505
be8ecba66d11875,test,Разработка и инженерия,6.1712
93ff88a834920cb,test,,4.1366
637fc1ab3f71bd4,control,,4.4752
125e7a4254074cd,test,,6.3729
48cf644783bcf07,test,,3.2941
56c0fdb2fe21900,test,,7.9213
1bfbdeb85c9a433,test,Преподавание и обучение,4.8317
90da8874112d619,test,,4.6614
d6034c67e05d2f8,control,,4.5176
48f80c7dc0ea82f,test,Разработка и инженерия,6.5888
8ddf4eef3d489cb,test,,6.0004
c41ddb235ee677f,control,,4.0355
93e4b4318484516,test,Преподавание и обучение,5.9971
2f3bbaede4a80bd,test,,6.1709
c064ad48d271ded,control,,4.1477
7df3cfa5ef47ff0,test,,5.5318
b9ead8470dcac0b,control,Преподавание и обучение,3.9797
622d4211e08d2c4,control,,6.4473
7270486bc73762d,control,Преподавание и обучение,5.9313
05c10cef38fd781,test,,3.5284
2e7541bad3c3912,test,,6.0312
efabdbfcc5f591d,control,,3.2451
8a7b28506446cfe,test,Другое,7.1758
1d03f77dde48ab7,test,,4.8625
7e57eb6074c2a2e,test,,6.3246
944e765b530bfe0,control,,5.9565
c983bbfee45574a,control,,4.831
e74fff85f81ee60,control,,3.9916
e51ebf3e7e56a69,test,,6.4553
43c2ec72664a6c8,control,,5.9553
d0b4ed885476e79,test,,7.2324
f93b67f5bdb41aa,control,Преподавание и обучение,5.4339
86c5a73e22b8542,control,,4.1142
773276197889337,control,Бизнес и предпринимательство,6.3701
d6c0a209590908d,test,,5.4998
fdc20198ccccb5a,control,Преподавание и обучение,4.1884
c60fd9738a335ca,test,,6.0415
66cfb50262f97f1,test,,5.9948
178e11383e4c41e,control,Преподавание и обучение,4.7833
6f5a0c31752350a,control,Управление командой,5.3469
2ce5da934c82a55,test,,4.1577
0815fc540d3bf3c,control,Преподавание и обучение,4.3766
9787fe32eba83e1,test,,6.6086
89d4f53aa1a5c9f,test,,7.3837
0ab37ade75302c3,test,,4.0603
2e5a47a555ad4ab,control,Разработка и инженерия,5.4969
8abebc64e0c4d69,control,Преподавание и обучение,6.7492
8f8a5221d4a010f,test,,4.8477
1b74c02fdc1b537,control,Разработка и инженерия,5.0474
948b110e787f171,control,Преподавание и обучение,3.7232
a8e9f566990397d,control,Преподавание и обучение,4.313
8b383763c3e2ffd,test,,5.6526
015a49dc685ddf5,control,,6.185
088763614fe692b,test,,5.379
3acc68968d19b6a,test,,7.0975
30385f0c3ba1b20,control,Преподавание и обучение,3.5032
1ef0eb6a8896fc9,test,Преподавание и обучение,5.777
66e6f7a4e81dc9d,test,Разработка и инженерия,7.0375
751377f76c175e3,test,,6.7805
6b1f445fc756bcc,control,,6.1142
23b7e82154e73b5,test,,6.1422
62843a8d7447b9a,test,Другое,5.6322
7d0fdbce94d88cb,control,Преподавание и обучение,5.1291
2c2153261438e69,test,Преподавание и обучение,4.1962
92950a89101c76a,test,,3.7101
ceb9f2cddece906,test,Другое,5.4167
73a7636894d7078,test,,5.9851
973db223f1b2ed6,test,Преподавание и обучение,4.765
223c2f6dea088c2,control,Преподавание и обучение,4.1774
b118f2613aebf72,control,,4.4112
e3447d8d1c1edb1,test,Преподавание и обучение,5.0079
aea2f128ff3fa17,test,,5.8303
99f6535ff77a597,control,,3.0872
19ac3d455c04d2f,control,,3.7605
a2dd360857887d3,control,,5.5579
b3a13d4ad2f2ac1,test,Преподавание и обучение,6.4058
53978a842c7874e,control,,5.5026
25348e793301167,control,,6.2533
c06f1e1a3c6facf,control,,4.3318
74524ee1418139b,test,,4.7018
2d598435e523cb6,test,Преподавание и обучение,5.7509
2712875baad968d,control,,5.1834
c995cee972a9494,control,Преподавание и обучение,5.3611
a19649f19e3d9c8,test,,6.0851
82cff2f377d8d45,test,,5.4766
92318328b4881fc,control,,6.6257
f7faf3ce6678e5e,test,,6.7231
7617a0d385d1a4b,test,,6.6878
64bb690d8479b01,control,,4.1029
1033ffb85a29a63,test,Преподавание и обучение,4.4137
c40ca24b397ce71,test,Преподавание и обучение,5.4338
ce6a3e07b38803f,control,,3.4327
aea95aa9a057eb1,test,Управление продуктом,6.1665
e0e3842c36f5989,test,Преподавание и обучение,6.88
60bb2ff9887a303,test,Преподавание и обучение,5.9748
861085d7fe954ca,control,Преподавание и обучение,5.7269
afed02f59d588a4,control,,7.4451
dbf7bd8a1be8ea9,test,,4.816
3413bc17c0849a4,control,,4.4339
275bc19f2873140,test,Преподавание и обучение,5.3694
185c71aed17bb31,control,Другое,4.2136
40b6732395680d8,test,,4.4923
08046fb8572b877,test,Преподавание и обучение,6.4133
67cd0ed3e82f2eb,test,Преподавание и обучение,5.4137
9616c5080c1c6c4,control,Управление командой,4.4946
9d99a3a340487fb,control,,4.7954
8378491f451f3c3,test,,4.6529
34a154d318b517e,control,,4.5254
368a5713cd653fb,control,,4.4079
e51c4ca2ae7fbc6,test,,5.3553
a4295581e714670,test,Преподавание и обучение,5.21
17a4c895e0bb31c,control,,6.0569
2508d7dae757d61,test,Финансы и консалтинг,4.9972
37a2d3e28592a66,test,Преподавание и обучение,6.1866
80bbf86c25fb198,test,,5.2807
054f124c6b1174d,control,,5.4017
990148eeb7e2331,test,,3.7774
28c9c79ed8b7420,test,Бизнес и предпринимательство,4.2208
443113703e07345,test,,5.8474
45e6d34787c3f1b,control,,5.2694
885554447766024,control,,4.4582
83d136d4e1d9c1f,test,Управление продуктом,2.0409
cfe82a530328344,control,,4.5321
5f8b482a10a3940,test,,4.6166
6beccdcd74190e8,control,,3.7123
f1554a74a88ccba,test,,7.3397
e5323e52ad885a7,test,Преподавание и обучение,6.6141
a6eba3f73669c4a,test,,7.0685
519c1fee2a69551,test,,4.5761
600d8bd6f1ce1ab,control,Преподавание и обучение,3.1407
620f7764f06a23f,test,,6.8744
b6956b3a1784dad,control,,5.0891
ce1456dcc19787d,control,,3.8347
87bc393b0e48ae0,test,,4.4533
483eedf44fab62e,test,,6.6453
4ec62906b3722fe,test,Дизайн,5.8682
61f1b8b4bbee0b2,test,Бизнес и предпринимательство,8.1176
82bfeb60e340788,test,,5.9145
9bcec8a53853d86,test,Преподавание и обучение,5.2979
cd6b23585eeac91,control,Преподавание и обучение,6.9301
0f72a65b98b7e63,test,,5.3424
9b09ce8187913dd,test,,4.1395
3343d94238c05a9,test,,4.7677
e7fb074394b2bc6,test,Преподавание и обучение,6.6785
a69e4934dc9a528,control,Преподавание и обучение,5.7557
36bfeefc4153f3a,test,,5.4504
a2225ba83eca72d,control,,5.0134
b598af75f0951d2,control,,5.716
77c1791de3740da,control,Преподавание и обучение,6.4199
b1cfd3e355d6b8a,test,,3.4958
9ae5af08289484f,test,Управление командой,5.0616
55d8b5be3ed4131,test,Маркетинг и реклама,5.2021
d0e24bb48d616c2,test,Преподавание и обучение,5.7084
af7c1394cbde4dc,control,,6.5333
0303c955de722a8,test,Преподавание и обучение,5.7684
f5ffc61913907dd,test,Преподавание и обучение,4.7276
44eccb3d13a8266,test,Преподавание и обучение,5.4185
58da8c1a4648269,test,,5.6122
ea289992b6d97b4,control,Преподавание и обучение,3.7479
ecdcadd15d57e78,test,Другое,4.3932
b7f9ab24b7ecf49,test,Преподавание и обучение,5.6911
4ea1ee7ed78fa82,control,,3.9843
b92b9c836b1d6e9,control,Другое,4.5562
11b2afba1c9b61c,test,Преподавание и обучение,6.5409
f22fd36313b63d9,test,,4.6871
a40bbd493c1b211,control,Преподавание и обучение,6.9817
980a30247fb2642,test,,5.0195
19cc607704cc64e,test,,4.3204
bef53782c051942,control,,4.8255
ca2e8ec5567968b,test,,5.4748
4f5a9869134d3b5,test,,3.6967
9aaf73a265c9657,test,Преподавание и обучение,5.2839
2dacbc7e9872992,control,Преподавание и обучение,3.5094
c8b42e779bb74c8,test,Преподавание и обучение,6.0565
350ce894360cd27,test,,7.335
513d28d4b4b8f2e,test,,5.519
289a53ebf1d14c9,test,Преподавание и обучение,4.7456
64ee6ea211e4493,test,,4.9248
3fa8c31397c1ae5,control,,6.5032
fd577986bb70ace,control,,3.9767
163faff77fb1bd2,control,,6.2685
7f244f036d7df23,control,Преподавание и обучение,7.9783
db4ec73e0d416b5,test,,5.1231
7dcf68b1b3fd72c,test,Дизайн,3.4617
122874044973c11,control,,3.565
6c6331bfd0fdeb4,control,,5.479
4cdc064d5d80497,test,,4.0189
de9c539c0be76ed,test,,7.5469
6cf6d9b14e85c34,test,,3.8102
7fcf9130086086a,control,,5.7217
ffebffb00596b24,test,,6.3187
2e606e3f32c9906,control,,4.8519
a6577de4c6edf9b,control,Бизнес и предпринимательство,4.0239
8bdb4adbb98a879,test,Преподавание и обучение,6.6312
4e8c3209c402d3c,test,Преподавание и обучение,5.147
898f6b93b2619d2,control,Преподавание и обучение,6.2216
e2b046c683b63c2,control,,4.6773
7b7a754e03f4c5f,test,Дизайн,5.2467
81b39bf2f24131d,control,,6.3171
03aad34515b12e5,control,,5.6022
690ef40996f4490,test,Разработка и инженерия,4.899
af229cf7fcebc33,control,,2.2257
5b898717bf82fca,control,,2.8794
3550fb31cff3e87,test,Преподавание и обучение,5.9118
4e010eb9fcff58c,control,,6.7607
65c781a31cc52e8,control,Другое,3.8374
923d045a214e3b0,control,,5.8088
0c54aa4d0c038ac,control,Преподавание и обучение,5.8279
437bdaa3df26002,control,Преподавание и обучение,4.5494
427a0d69e70bc72,control,,6.6762
0ca46998d448714,control,,6.7636
9f5ffcb75124e58,test,Преподавание и обучение,4.4467
cbfab049662a8bd,control,Разработка и инженерия,4.2325
79477a838d01a1d,test,,5.7699
833824ae17078c0,control,,6.7149
0848c93bd135bef,test,,5.4157
73d043083aa1767,control,,5.6187
39b9728271b5558,test,,5.0643
390f7ceaceff435,test,,4.7132
eda829cba958b07,control,,6.013
99f621fb93bacf9,test,,3.7407
4a19232a1ebe550,control,,5.0485
6d42d28df8dc5e2,test,Преподавание и обучение,4.2
f856c61f3d65d2f,test,,6.8163
0788f596d9cdc81,test,,6.1149
14ed0ec43acfae4,test,,4.2386
dbda1941f00426d,test,Финансы и консалтинг,3.7717
8ba21e2edbc907d,control,Другое,2.9847
bf6755c9732ea1e,test,Преподавание и обучение,5.5844
6edc0d856cc1841,control,Преподавание и обучение,5.7283
cbb843abe962120,control,Другое,5.4736
6fdd967232e5268,control,,3.9527
747bbc683ba3f46,test,,5.3428
8a0ec1a9707bf30,control,,6.9927
f8eaa2fb5e0d113,test,,5.6555
c4a7291f02ece20,control,,4.9215
990865f67924e3d,test,Преподавание и обучение,3.3841
a4c39f05951a1f1,control,,5.376
59f914a435075d4,test,,6.3387
e1aee8c3631ccbc,test,,3.4155
e8c4c9389ef7578,test,,5.3201
03e709d40910f1a,test,,5.6475
7a716fcb5448bd2,control,Финансы и консалтинг,6.6142
8a59e97b0f590ca,control,,4.6167
6921a079d294a3e,test,Другое,5.1429
42872bbd4e7eaf3,test,,2.8392
0d93eb616ad076b,control,,6.6626
f72d809ed2334ef,test,,5.7286
e2552558ee63f94,control,,3.08
3fc390075de461a,control,,4.3572
5eee1bea3ab26e3,control,,5.6778
310f14d32d6ad4d,control,Преподавание и обучение,5.664
cc19d2c0ea9694c,control,,4.5793
c9e653d723ca1ab,test,,6.3916
5eba561070c2231,test,,4.063
3600b318044b339,control,Редактура и копирайтинг,6.0223
d1ea78b08b89a36,control,,5.8876
c78a8819288d483,test,,3.4057
05b8563f0a138b2,test,Преподавание и обучение,5.677
02ee944c4f8bcce,control,,5.1162
2c0564e6b93f18b,test,,6.1585
2fdea1749280edd,control,,4.6337
a8828e67e499d44,test,,3.8762
90010f825ce0049,control,,5.6805
92fa06e73fff04e,control,,6.6788
c3b261458a04508,control,,3.2254
28d81a2b1c90f56,test,,4.4333
8bab4e2b5c0c409,test,,5.7896
7af5996e5b2def2,control,,0.9215
cb63efae97e9fab,control,Преподавание и обучение,4.9317
771cad1ebafdcb1,control,Преподавание и обучение,5.9454
337e065c8903b20,control,,7.0929
6797c88ae484079,test,Преподавание и обучение,7.4175
1344b40ceb8d0eb,test,Маркетинг и реклама,6.2775
399063e9f13d13e,control,,4.7271
6fb964b29e689fb,test,,5.1117
6e2b8259e5ca080,control,,7.3289
f63f605dcf46cbe,test,,5.9366
16fae88bb31dc2c,test,Преподавание и обучение,4.6036
4ed9659dc1408b8,control,,4.7347
9d857678306bbe7,control,Дизайн,7.3594
3a735850ba0ee62,control,Преподавание и обучение,4.8829
0a7ca987f80af6c,test,,7.056
4fe1416f253558a,test,Преподавание и обучение,5.6702
418a4b3f00417f8,control,Преподавание и обучение,5.3152
2f9c2c1b16134b2,test,Разработка и инженерия,7.949
809342bca51ead3,control,,5.3779
e2875c945f5f325,control,,5.2362
120ce66605c3637,control,,5.6024
38b6b70dbc33aca,control,,3.8652
863c31bced4965f,control,Преподавание и обучение,3.6253
3f46457778693dd,control,,4.9846
c1fed49457fc5f9,control,Преподавание и обучение,6.5037
03b2053dd355499,control,Другое,6.4458
e717f8d4dfd2b4c,control,,6.2255
514efcfc2d135fa,test,Преподавание и обучение,4.1147
a9f9ef339122285,control,,4.6086
b8f695793da12f1,test,,6.6321
d3d477293d0abea,test,,3.7805
e22589165e558c2,test,,5.8782
9d95bded4cdb4b5,control,,4.6002
3c725ce8f7833e5,control,Другое,5.3632
c95c2e8aadef0bd,test,,4.6331
00d60995ef22b9a,test,,4.9307
97f4afc0df4b1a1,test,,5.6823
802130f1da14f5a,test,Преподавание и обучение,3.8298
4f19cc0f8027547,control,Преподавание и обучение,4.2703
3314d04324a509a,test,Преподавание и обучение,3.8641
a5497b694994acb,control,,5.2757
376e17d6e35ae5b,control,Другое,4.1956
33ee485aceb983e,test,,3.2401
050b90c60fb95ae,control,,6.3471
72c540f73e8958c,control,,5.3993
e4db70d1bc4460e,control,,4.6155
95f4024186cabac,test,Другое,4.7094
27a70e504272a44,test,,5.0363
05cd2a5481354fa,control,Другое,4.1241
8848cd03bd6647d,test,,6.6644
9435d3d258402f6,test,,4.2109
c15def637746db1,test,Преподавание и обучение,7.1785
411429d7d8d0e9d,control,,6.5058
1a204a420f9ed31,test,,4.2382
641d40881f8de6c,test,,5.8201
d59a8642cc259ee,test,Преподавание и обучение,6.9238
fd01361bddd430d,control,,6.2484
a6d4d0a1f4f58f4,test,,5.5555
490f2271bbe2f1a,control,,3.4947
10e099b8cb52f8c,control,,4.8134
272d63f008c3a6c,test,,2.7288
a7de6602076d02c,test,,4.3125
386a86a7f25563b,test,,5.2628
afe3c3e85e56973,test,,6.8862
91cd85c55a1941e,control,Преподавание и обучение,4.6583
7b8ddfa3894e02e,test,,5.2655
f0c8d5c3e93aefb,test,,5.7707
0e89dffb3ce3c4d,test,Преподавание и обучение,4.1972
518363dec9d0fa7,control,Преподавание и обучение,5.7343
396cf931fe033d8,control,,5.1391
b8ce2ac64491f46,control,Бизнес и предпринимательство,5.9851
04287368516ee03,test,Другое,6.2551
7303b6eda3636cf,control,,3.3494
9ac2c12708b11d8,test,Преподавание и обучение,5.421
6359df68130693f,control,,4.1205
9185f01a299aca1,control,,6.3656
bac7b41afcddc84,control,Преподавание и обучение,3.9115
01cd5d19cd78402,test,,7.0583
09b7e23229da5a9,control,,4.8965
d2d4c0f0ff667c9,test,Преподавание и обучение,4.1416
879a6883ab0bf17,control,Преподавание и обучение,4.9589
c97f6da3758641a,control,Преподавание и обучение,4.5798
52be75fef01fddf,control,,5.6891
0e6e4639d5c2c2e,test,,4.0404
5342fed9331fa16,control,,6.671
802bcb4ecf78431,control,Преподавание и обучение,4.8537
e8290113d741489,control,Преподавание и обучение,5.1966
8b8730170b89248,test,,3.4098
6a1c1fe5aec9767,control,,4.0336
5e105151311d1a6,control,,4.5595
d86ea89bc4d3e63,test,Преподавание и обучение,5.2746
f4657802d7e36a1,test,Преподавание и обучение,4.4858
848eaec10c934a7,control,,4.9175
ec163d7f93fd2cc,test,,6.0751
150530c4257aede,control,,6.2129
03dd1f5ef3d7e64,test,,4.7578
8be5184c72ea3a9,control,Преподавание и обучение,2.3801
f406f546f43607b,control,,4.4278
d5674a92129a62a,test,,4.9201
c8ac1fd22ccd8d8,control,,4.8589
491161004e18389,control,Дизайн,3.6458
cbb918e3c11144a,control,Управление командой,4.7278
e37beabb0769e9b,test,Преподавание и обучение,3.5394
91c177c978779fd,test,,5.5454
525b65b32113e19,control,Преподавание и обучение,2.8076
49ebe4df6d780e7,control,,5.6539
56f91f70e3d9505,control,,4.8034
37e03a8fbbe3d30,test,Преподавание и обучение,5.1871
cdc12de59ef3fdd,control,,6.3952
697fc052ea22624,test,Преподавание и обучение,5.4575
d9d5f5453aea179,test,,4.8035
4080416cc603c08,control,,6.2039
d65678d6202bb29,control,,4.9781
3cd7669141c2266,control,Другое,4.2353
bb22b59e4a00925,control,,4.6088
4a1daef53712d00,test,Преподавание и обучение,6.067
ef7ec8fb64ea08c,test,,5.6969
3cf8ff74e2e7307,test,Преподавание и обучение,6.6973
62ce48e0424f22d,test,Дизайн,3.4315
92d4fc08892074d,control,,3.5371
45cbabdda0e9062,control,,3.1441
f9fae2c6abde5ff,test,,5.2542
a8761a6b4766bf5,test,Преподавание и обучение,5.7058
a4ff5bbcae8c5c3,control,,4.5281
2e96dcd6ef14b43,control,Маркетинг и реклама,6.9497
7c8136badfac1da,control,Преподавание и обучение,4.078
7a1aababe37eb95,test,,5.902
b0de22af852bcef,test,,6.2396
e625ccd460fb9b3,control,Преподавание и обучение,6.2809
2031b16c1986101,test,,3.4775
e85a48e7c70d77a,control,,4.4904
462386c06851c5d,control,Преподавание и обучение,4.0265
c9580137a691eb9,test,,6.0687
3109084323a0c44,test,,3.2348
5e4a8e59aead24b,test,,4.5099
44e076d93996cfd,control,,4.4466
2de3e484aa8dbd9,test,,6.3682
41cd076b4f6d464,test,,6.0461
3c068593eb8341a,control,,5.7591
8b28c6e7cff9577,control,,5.6786
0ab96604e97e682,test,,6.2857
49a18d940172950,control,,5.1354
9ae8af0ccf0bc3b,test,,4.8373
01edac517931d7d,test,,4.2947
5c1e88f94d9ef64,control,,6.0773
a2c5432f176d772,test,,3.5235
666848cba18d4f6,control,,4.2235
d61d1f7b0797ef7,control,Другое,3.634
d39b62085977e4d,control,Преподавание и обучение,3.3277
304dd5fc01d9183,test,,6.5577
090e5a7ad92340e,test,,5.5562
1071fdbaf3e9c07,test,,4.6472
69a0bdc441e685a,control,Маркетинг и реклама,5.3201
84195a19bcbe3d0,control,Преподавание и обучение,3.9431
fe8fa339a753137,control,,6.2561
b33de10cf99ee06,test,,5.0016
416f27adc057482,control,,3.5699
abd784d8fe99277,test,Преподавание и обучение,5.6948
894bee8fb87cc1b,test,,5.1674
25e0aff3e06e49e,control,,4.7665
9448a37e7a483d1,control,Преподавание и обучение,6.1437
ae7eb1e6e5badef,control,,5.0929
046fe5fd3ae3f74,test,,5.1417
221f178207da046,control,,5.3518
8605051cdba37d1,control,,3.512
5ca0c2a6f9016ac,control,,2.8227
afdddc14551faaa,test,Другое,2.7766
5fe207b42cb47c9,test,,6.2279
1dd84d3a9d997f9,test,Преподавание и обучение,6.2075
6e01bc5ae8caeae,test,,5.0344
7627d3892aacdaf,test,,5.8769
c3b8944b5d5e7d8,control,Разработка и инженерия,5.3326
7e31c247857e9e5,test,,4.0787
007dae6751d1ab7,control,Другое,7.5766
4e8a56774821801,test,Другое,4.2502
e8a4c57b6a3a30e,test,Другое,5.0882
ffd95dfdac1bb92,control,,4.6366
bb59fe9eb6b03d5,test,,5.5724
f87616e75dd9ca3,test,,5.5559
0666f32780690dc,control,Другое,6.2889
97feb1201d4cb4c,test,,5.8557
ebb36a83eb1cf5c,control,Преподавание и обучение,4.2794
15e776664729760,control,,3.4496
4654a11664429ab,control,Преподавание и обучение,6.0167
b48a64421526527,control,,4.8269
db0afef6a1bea56,control,Управление продуктом,3.2783
19fcfa737e5193b,control,,3.9234
2b4297769b951a6,control,,4.8584
5d79fc1329ebf46,control,,4.1045
6b77ba5c5d919c0,control,Преподавание и обучение,4.4314
927037c927202f9,control,,4.8505
dd494541fc9fb80,test,Преподавание и обучение,5.8043
df4c3f9496656c6,test,Преподавание и обучение,4.2252
956dc6bd0c08570,control,,1.4642
91d9778d905b148,control,Преподавание и обучение,4.125
666e9ce481ae17d,control,Преподавание и обучение,9.5428
6fb0da1ab4f7f21,test,,6.7636
cb0051ba9c1a3de,test,,3.4722
2339b90aead83aa,control,,6.4209
48f5db8326e3f4e,control,,4.0577
85e4c4e546684fd,control,Преподавание и обучение,5.651
764fb530852727a,test,,5.843
24f03d27bf0c6d3,test,Преподавание и обучение,2.6898
b842f8819188c02,test,,6.8067
be419666bb2004a,test,,4.4943
40311cd5d5cd3d6,control,,7.1255
30d2dd111b6f1a1,test,,3.6432
84f41c969f3de64,test,,7.0894
74c66b774ae6a7f,control,,6.5999
4c24061d674ab8b,control,Разработка и инженерия,5.0109
aaf57fc525eaa7f,test,,3.7228
eca4a401dbc8a82,test,,5.092
beb69beca6b5b78,test,,6.5698
b01f90314120a2e,test,Преподавание и обучение,6.1566
350e3a6aad8c768,test,Преподавание и обучение,5.7911
628ded270322d93,control,,3.3475
527537d77f44176,control,,5.6967
311978472ab57c3,test,,6.5906
882722ad7c8f801,test,,5.5374
3e210da0e3f08d2,control,,5.2687
e37790c15ae0720,test,,4.302
77585e1196041fd,test,,4.0105
0d8d3408790f8f4,control,Преподавание и обучение,4.5237
2937fd5b077257b,test,Дизайн,4.721
0751f19d5793522,test,,5.1324
9f8548263d25dd8,control,,2.284
dd0208cc1f040da,control,,2.395
1dbc0017763fbd9,test,,7.8294
45b25445cbcfd55,test,Преподавание и обучение,4.756
53de0d3d890a2ec,test,Преподавание и обучение,3.4863
a9c7203ee04cfc3,test,Другое,5.0959
8e8cbc783b4e06b,control,,4.1808
aed3a7d469729ef,test,,5.2897
269040596f130d6,control,Преподавание и обучение,4.5554
5c059500eccb1a6,control,,5.095
7b3c82cd9137445,test,,6.9772
d2a34c3f9f1e7c3,control,,4.9729
2c5cf5f132f2e3e,control,Бизнес и предпринимательство,3.9625
89641fd49b846c2,test,Преподавание и обучение,7.9671
d176a5f5591afd9,test,Аналитика и исследования,6.0611
0ea828babae2fd1,test,Другое,5.8165
feb6236281b1e22,test,,6.7604
68e2e61a25a37d8,test,Преподавание и обучение,4.5561
ac3cc169f63162e,test,Преподавание и обучение,5.7075
5165cb1dd8c00e0,test,Преподавание и обучение,6.8106
e2ce325e59b4243,control,,3.0616
2b0192f66af33d7,test,Преподавание и обучение,5.159
3575c3dc2705308,control,Преподавание и обучение,4.6394
4de63ee899a1a50,control,,7.1952
963770d685544c0,test,,5.4018
a7a43a3e44ed202,test,,6.2393
e5f962413443e63,control,,4.5925
f457463d09fe866,test,,5.9215
76376c178ebe5bd,test,Преподавание и обучение,3.2903
c7011953d02a477,test,,6.5694
8e6d7f3f959d11c,test,Преподавание и обучение,5.5623
4722ddb8ca6feac,control,,5.024
e69ab47af858c27,control,,5.2475
9b4d24b88cf15c6,control,,4.6878
93096c291fe95fe,test,,5.2445
0f8d2870b9b4e6e,control,,5.3204
fe41d95286c049d,test,,6.8425
f88cb083ef27411,test,Преподавание и обучение,6.3462
625b39348616fbe,control,,3.4738
81aaf98d5165918,test,Преподавание и обучение,6.2564
c1b90e33f25fce0,test,,5.1524
d1ea2a0f137ad7c,test,,3.3424
11e477b92fd4bdc,test,Другое,4.3566
6c9ae046506a81e,control,,6.2411
b39132c627f37a6,test,,5.9406
63fb52db8402cf3,test,,6.2165
ff8d298d198603b,control,Управление продуктом,6.3137
85d53b3aa1ad80e,test,,3.0086
cd65b14582255b8,test,,6.353
c0e06f27cb29453,test,Преподавание и обучение,6.6716
f93c290bfa4e16f,control,,2.7387
e5cdf61878b8b30,control,,6.8299
cced50a05c39adb,control,,5.2482
76f770de0eb7a0b,control,Разработка и инженерия,4.3419
7a22a6fd9f91d03,control,,3.5777
43b0580d20efe91,control,,4.7612
8dfaa72bbedb673,test,,5.6557
74697b4157cdd70,test,Преподавание и обучение,6.3802
03ab52d294fcaf1,control,,6.0193
4b6098e5cf808d8,test,,4.831
e5edc02a2159f44,control,Преподавание и обучение,4.1002
488eb44ac3147b7,control,,3.9726
29bcd4e219db212,control,Аналитика и исследования,6.2697
f92cb8ac45ff103,control,,6.1088
00604b74b26e536,test,,5.8832
4fb29116b5d54aa,test,,5.5684
34fd53c949c1697,control,,6.6601
9378999ad8e2320,control,,4.8036
9c69171d767d00c,test,,5.7992
125a43e4f91aba0,test,,4.1253
96c91697762c328,control,,5.0886
750daa39f24b89b,control,,4.324
5ab8844e74c6562,test,,6.8209
e1582f35a126d83,test,Преподавание и обучение,4.6349
5b7ef9fca0c1d1f,test,,4.8871
31f5875bd26b60d,test,Преподавание и обучение,5.6343
ff0398cde054fbf,test,,3.7982
4aa04dfdbcd31fe,control,,4.3246
40a89aee32cdb3a,test,Преподавание и обучение,6.0355
e814677a9aee4c4,test,,4.7376
a2f306058f38b8b,control,Преподавание и обучение,4.5264
0aacacc3585f03e,control,,4.9427
5f1b86543f29a02,test,Преподавание и обучение,4.078
42074aab3d08ad3,test,,3.135
353a5646175f40a,control,,4.9661
91bd6f1994874ba,control,,4.3768
58eb217da6b75ca,control,,6.5074
2c5f6b7a690257c,control,Преподавание и обучение,5.2824
896c52191be845d,control,,4.1797
99f7a5e45eb691b,test,Другое,4.1921
5615c598cc17e97,test,,1.5193
efb09d6110ee533,control,,4.074
c677a9c6c3ffa62,test,Преподавание и обучение,4.5903
dde13c1ae2f3a8a,test,,6.9524
b6c8fbba3abfaff,test,,5.7634
66de9297178b87c,control,Преподавание и обучение,3.837
2959c9cf85bfc80,control,,4.917
cd993088b740fb3,control,,6.1181
ddc32483b7d7663,control,,3.9143
585f95059da8c1a,control,,5.0044
ccb8a933ab97593,control,Преподавание и обучение,5.3057
15e399c63667c75,control,,6.627
df006791eac57d4,test,,3.6802
dddd7204ee1914d,control,,5.6972
e9a35988d6c0852,test,,5.9743
14a340757c4b08e,test,,5.6315
f86e8b1e8af0215,test,,3.6768
2b264d4fc8292d5,control,,4.994
81945ee800f264f,control,,4.1739
fdcd00d467f3ba5,control,Преподавание и обучение,4.8788
17ab77cd226e13c,test,,4.6131
8076fa3c2e263fd,control,Преподавание и обучение,6.436
8bef855cebadf04,test,Преподавание и обучение,2.8916
fa4262d35bf784d,test,,4.2873
f7acadc0f1776ee,control,,4.1266
2ac35056c2d7027,control,,5.6875
8e2ee9e4b4ae851,control,,4.0533
5d9fc5d7e143f1c,test,Преподавание и обучение,5.8599
ad8c5351c755458,control,Преподавание и обучение,6.2512
552415dad727cec,test,,4.37
f06093e099d278f,test,,8.093
143c28675b625af,control,,5.008
64a6d224886f93f,test,,5.5267
53a730ecaa3155e,test,,4.54
48c7b9aac32864d,control,,3.3906
736f2e8b6a7aef4,control,Преподавание и обучение,4.6456
a292e1d997a1798,control,,5.448
fa0bb62ef9fb34b,control,,6.3942
f54d8413ef78179,test,,2.831
910dbb41089a197,control,,6.9209
659af8041c43860,test,,5.2512
8966d69ffb86524,control,,4.9934
65e2f76d5ece4fb,control,Преподавание и обучение,6.0655
a1fa00ae77f4704,control,,5.1602
0ae7e668d784cf3,control,Преподавание и обучение,4.7947
f9f450db54bd708,test,Управление продуктом,6.0582
a4f40e332a045a5,test,,4.851
043fb85f8368eca,control,,5.3753
0f3bf6e4600655d,test,Преподавание и обучение,3.9991
06b15ba32e394f2,control,,4.3278
c62460a62d47f49,test,,5.8296
4880e12ab753493,control,,5.793
d5426c5618662c0,control,,6.0307
b0969809c285a78,control,Другое,5.5842
0a630dc3c44097b,control,,5.7655
5a6a7cbafc9bad8,control,,5.0792
b072d16bf1c2a10,test,,4.6123
e21cc55023f71d4,control,,4.8795
27cea3b6f641b89,control,Преподавание и обучение,6.9967
44bc3a70d6c331e,test,Преподавание и обучение,3.4752
18353f183e29f0e,control,,6.0254
404a2350ba27e03,test,Преподавание и обучение,5.203
d23e133444ee6d5,test,,4.023
7887140f118ab9d,test,,5.6205
6e4874fdef435c7,control,,5.807
b5d3bdf59d90b19,test,,5.9806
edc17be319e1fe9,control,Преподавание и обучение,6.4995
0e22ea27c75d84a,test,Преподавание и обучение,4.5323
42abe822677c22a,control,Преподавание и обучение,4.8105
29f7000f4ef7738,control,Преподавание и обучение,4.9267
ac45f7731f4cb2f,control,Преподавание и обучение,4.689
faba6ba7049abf7,control,,5.9099
c3bbcdf727e70cd,test,,6.405
92748b99c1c923e,test,Разработка и инженерия,5.9209
f6c42bea73ecfe8,control,,4.5658
810f6b1d1ed458c,control,Дизайн,7.008
463b57124a3b99d,test,Преподавание и обучение,4.4608
ddda40a38035948,test,,3.361
1cd2f7ec120dbda,control,,4.3374
5efef9b8c59e083,test,,8.0516
eb3dde4626173d5,test,,6.5716
cfa77fa3f998694,control,,5.625
af3194996d43646,test,,6.0842
a2b8ad72002e452,control,,6.8959
99b124292a36be3,test,,7.2384
bf735fe4829fe50,control,,4.7155
90c1a2f20d52563,test,Преподавание и обучение,3.0957
d98f83453a97018,test,,3.8982
41761a82668c137,control,,7.7462
b6a25c187b7c19a,test,Маркетинг и реклама,4.4987
0fad9ce9ff87928,test,Другое,2.8268
ecc4fc23a7bf67d,control,,5.1775
369bd97162d4fe2,control,,5.9391
cee47770857463c,control,Преподавание и обучение,5.8801
bf8d55cbf86691d,test,,4.4976
83d89e5440bffeb,control,,4.9118
1022c86ad2d8b86,control,Редактура и копирайтинг,6.2008
1a8ebdf5ae03790,test,,4.6855
34714be682f6cb1,test,,4.6919
0a9a985a517e89f,test,,5.6977
9d2f30aca69847b,test,,5.0666
94a768dad8ddd60,test,,5.27
c47c0eced2447ec,control,,4.6387
5352a054600c25c,control,Управление командой,4.2922
073dd0cd9e7901a,control,Преподавание и обучение,5.7884
7b5e15f1c1d5d3b,test,,6.4213
98c752bc062a4b3,test,,4.7748
d04212974e8e391,control,,3.6919
77ef50aa56b12cc,control,Преподавание и обучение,5.8261
869293706976993,control,,5.2158
63ecf553d4ab0b6,test,Преподавание и обучение,6.1461
64ea62e3732d43e,control,Преподавание и обучение,5.6109
91c1788694afe9e,control,,6.742
ab89204af977bea,control,Преподавание и обучение,5.0853
a9b0eb5fbda8034,control,,5.5717
887c9f8f29c2967,test,,5.0009
69ead21f356e701,test,Преподавание и обучение,4.2062
f7be4ee2c3fe687,test,Преподавание и обучение,4.9057
1517d98b1ba2a6a,control,,3.8887
2fe5a3f2534cc57,control,,5.9524
570d1221421f51b,control,,4.1026
a123fa35bba845a,test,,4.9768
eb4e8ea1e5bc244,test,,5.4208
925d58d8f04e41f,control,,6.6011
0f17c03292af5b4,test,,4.1823
7410351fd3a5ab8,control,Преподавание и обучение,5.5929
c3368ba18c25b6d,control,,4.3414
532421963dabc48,control,Преподавание и обучение,4.8102
1874827d66d90ba,control,Управление командой,7.5738
43728a697f456d1,control,Преподавание и обучение,4.8996
ff6f2439573672b,test,Преподавание и обучение,4.4421
f0ae045b97cc7bf,control,Преподавание и обучение,4.9057
7a4a00b2f2258ea,control,Другое,6.0924
9e55b84f6884073,control,,3.9642
673dbd1639fe0cc,test,Управление командой,5.022
09d976196d654ff,control,Преподавание и обучение,5.0057
e5e90fdbd800cef,control,Преподавание и обучение,6.2051
fbcf304149537b8,control,Преподавание и обучение,5.193
320451d1fe07edd,test,Финансы и консалтинг,4.7363
09334c60eec2885,control,,4.8421
3a62f485299a003,test,,4.147
f0b8b3c76ae2740,test,,6.1662
f1fc7d429745ffb,control,Другое,5.2533
31d051b424fcb8a,test,Преподавание и обучение,6.5755
a57ad0d4f40e011,control,,6.3025
635bee49f4829ab,test,,3.8181
20f03b8637df608,control,,4.7557
3f00582594bf1df,test,,4.1659
b13c1b27f36881d,test,Разработка и инженерия,6.2671
636dc25098ae88e,control,,4.981
1394292bca87cad,test,,3.3297
635276397291a71,test,Преподавание и обучение,5.8776
0139c83d753e33c,control,Разработка и инженерия,3.5782
f5de06c163a23bc,control,,5.4322
d2f6ce6e4a8fa86,control,,4.9576
af15c2aff8de597,control,,4.8544
60234cb6f19bec2,test,,6.2021
e31034bf6506296,test,Преподавание и обучение,6.8366
4e4098a3dcb6a0e,control,,3.7859
a0941965ea168c1,test,,5.7835
068bd3553eb86bd,control,,6.2323
c03e85cb8580319,test,,7.2304
a6b08376c0cbf01,control,Управление продуктом,5.053
4cf5c98a0364fe4,test,,4.3109
d0f632e230ac010,test,,5.161
42e2ba156f775e9,control,,4.7974
0d9114c3559930b,control,,5.5605
a6fc85baf121b45,control,Преподавание и обучение,4.5644
dc4dff2cd25add7,control,,4.8341
153ab88baf81d2a,control,,5.0334
b9f1603e8123019,test,Преподавание и обучение,7.1739
52ecb42cd4b7865,test,Преподавание и обучение,4.5425
1a15ffd76e59c47,test,,1.6309
974afa84d04ba4a,test,,6.3722
55b1c26aab05f2a,test,,4.7185
a82119e5d1c10d8,test,Другое,3.4564
78fc0eb621e0844,control,,5.0941
1c00bfec0ccd163,control,,5.4802
153a81c525a634f,control,Преподавание и обучение,5.1153
26d2328e4a947b7,control,,4.678
8692fd4196b3b35,control,,4.709
be9ff8ad01af228,test,,3.9441
0794c7fa5ff4ddc,control,,2.8491
967b015980d7414,test,,5.9158
f09ada187264787,control,,4.4304
36702474f18581d,test,,4.6092
be3ba2e6484d3e2,test,,4.5499
05dca8fc91734e0,test,,6.1563
bb9daac21cb675b,control,,4.6831
534346fe4666075,control,,6.7754
079fbbdde487dc7,test,Разработка и инженерия,5.5309
f807ef7f142ceff,test,,3.7201
d7f7b48af919cf3,test,,4.6347
a11f3465683130f,control,,4.0005
74670d0b3b7fce1,test,,3.625
09176c6470c33eb,control,,5.8615
b58c71fcdc1b1ae,test,Преподавание и обучение,3.0878
3ee4067d5b4ee61,control,Преподавание и обучение,6.9375
2ecc9d48e7e04eb,control,,7.4036
699ea66b7d86c1c,control,Преподавание и обучение,5.1695
082a867e92835c2,control,,5.475
86f8f73d10edb55,test,Преподавание и обучение,3.7937
48244cbf29b6f18,test,,5.611
fd0061a7333540a,test,,3.5892
5ec5d0ebe46cfe1,test,Другое,4.6668
836ec84c80000bb,control,,7.8313
3875547644ce353,control,,6.2447
038a16b1b230875,control,,4.3646
e128961899121ff,test,Преподавание и обучение,5.1137
5f5cb92410ad77c,control,,7.0988
adaa183f21fb3f2,test,,4.6924
30b096fa128742b,control,,5.711
07a62a3408692e3,control,Преподавание и обучение,5.0168
b23a09f2283725e,control,,4.2936
f51bc5d29528854,control,,5.0208
7bf9890b8e400b1,control,Преподавание и обучение,4.9582
119ebeabcf61c59,control,Преподавание и обучение,4.5171
946ffe8164ba07f,control,Аналитика и исследования,5.9238
29494859ae24797,test,Другое,6.0649
d59a9bded35f08e,control,,6.2734
e2424c964bb529e,control,Преподавание и обучение,5.5765
56f10525fedeee2,control,,4.9893
469b0532777f53a,test,,6.1671
12be98c1f199165,test,,6.5308
0b33bba5e2a7fb4,control,,4.9555
c603638cc61f76e,control,,6.4146
49ac665881fed91,test,,4.5152
05b7bfe9888baaa,test,Другое,4.4651
f873682bf84b268,test,,4.9019
db08c54a8701d0e,test,,3.8201
d9095eed18431bf,test,Преподавание и обучение,3.1213
7d75fcfeda3632e,test,,5.4485
501a7bf7ef68aa5,test,,4.1344
a481da82c5f3620,control,Преподавание и обучение,3.5839
7206d163243bf6f,control,,5.7726
ad86060ba7625ee,control,,6.2227
18932ee55a8a114,control,Преподавание и обучение,4.2153
8fa1f6916137f66,test,,5.1944
9f2cd4c524129b4,test,,3.7157
ed6e8c9770c8203,test,,4.4694
2e93ed77c2924c8,test,,2.6649
466615022b24db3,control,,4.9749
24f78a0fcc7071f,control,,5.5373
88c06794b487134,control,,4.9718
4ab8e76506a3afe,control,,6.1589
a70e9c46c18fb7a,test,,5.8162
237368fe67e4b53,control,,5.6122
8cbecb135a1d988,test,,5.2784
5f03e4cebd28c2f,test,Другое,7.3433
0d289e0a92766e9,control,Преподавание и обучение,4.0084
62e2347a2a5442f,test,,5.1563
6e5f0dd2657f9e8,control,,3.6706
7b84d40800acc4e,control,,6.5577
37ffab68e6a21a1,control,,2.3393
b67b0322a9bb67f,control,,5.0066
ac6fad35b30dfac,control,Другое,5.0821
4c4dc4337b98809,control,,3.6303
5df80bdcc3473ca,control,Преподавание и обучение,5.2177
01720e58db1ced3,control,Преподавание и обучение,4.3719
d4a206dd918d86b,control,Управление продуктом,4.3168
5252ab2ac7249e1,control,,6.4056
1e50b8bad062d96,control,,5.2901
72e1eb29a6d721c,control,Преподавание и обучение,4.2571
b16fb7136c5a764,control,Преподавание и обучение,4.6719
9066dee9b8f0f0b,test,Дизайн,5.4845
5b31a6d7ce81b5a,test,Разработка и инженерия,6.1342
3d480f8ac5700d3,control,,6.6913
811614708e6cf2c,control,,5.6428
5a332bc81b66220,control,Маркетинг и реклама,6.2343
161d05706111cb1,control,,5.5283
ae8a3ebffffbd4d,test,Управление командой,4.3929
aa7007b2579c6b1,test,,4.9626
50c61e8a905ede3,control,,4.4496
133d6b0c2d1d1b3,control,,5.871
9c5855481a0c0b6,test,Преподавание и обучение,5.3464
af5cab667aff148,test,,5.1467
f10b9c8ca4c31ae,control,,4.5208
744dd274458109f,test,,4.5365
a4292854ed17caf,test,,3.9415
ea00375199dd5fc,control,,3.6449
9dd7f69eb582db8,test,Преподавание и обучение,5.424
9ff10fac3266384,test,,4.7911
9edbb14a5bdea94,test,Преподавание и обучение,5.3676
fe94379b9b5256d,control,,6.5916
a57e3d9f12537f4,control,,4.7423
618aa899f93dbce,test,,3.7471
a64f89d61805b82,test,,5.5381
cc7a2cb95002980,control,,4.8775
68bb41059e95c77,control,,6.6512
ed125f56f99ec95,control,,4.0996
f6e1619f6701d91,test,,5.9616
b7bbc45f108d288,control,,4.6335
4d824c6952d423e,control,Преподавание и обучение,3.7883
b3e75ba588569c9,control,Другое,3.3034
59e02f8861ee461,test,Преподавание и обучение,5.5868
732743dda450dd4,control,Преподавание и обучение,1.8407
42aab4f3d5024fa,test,,6.9709
891d2d1254f19b6,control,,3.5959
a4638886b240d5f,control,Преподавание и обучение,5.1139
d1fcaa8ab7efc5d,test,Другое,6.133
34e2ce520b4e23e,control,,4.4892
f3f27f2cff834c3,test,,5.4199
29f3f4a2383111d,control,,4.7486
a7cae4e18695fb6,test,,5.9401
e2db34bfa18d9d9,test,Преподавание и обучение,5.8964
12c7dbd8fb30026,control,,4.8061
0179a5666207ea2,control,Разработка и инженерия,3.9676
fd6c42420c1fae5,control,,3.1827
6e2cf97d534e238,test,Дизайн,3.172
563d6c09ad3a280,test,,3.1288
4b1bba8f246dbfe,control,,4.8759
894ad5462e662aa,test,Другое,3.5872
01f0f9821ae212a,test,,7.4706
f0c642eaf007af0,control,Другое,4.985
52e7504c8188332,control,,4.7377
6993bfabf4add76,control,Преподавание и обучение,5.6273
f1d6e29bec39e7f,test,Преподавание и обучение,6.1403
46d1e7e6767ebd5,test,,5.0833
3946b08f203addb,test,Другое,4.2508
42c9383fa959836,control,,3.5432
0c62f62ab444b8e,test,,6.1847
051c19ac5d6d946,control,Преподавание и обучение,5.1697
00e50f96d8e044d,test,,4.1017
8e1e16c565d4d8e,control,,5.5481
fc1465ec3291269,test,,4.2825
cf6b36c8f0ced6a,test,,5.0358
73dab6a359ccdb2,control,Другое,3.6312
fa878c76737959a,control,Преподавание и обучение,3.9966
cff6dc590f54eb3,test,,5.7969
5107fb7f6b2f313,test,Преподавание и обучение,3.4008
45833fba35a29fa,control,,6.0067
7dd0e28d6021bf7,control,,4.8346
4dbaeaccaad8187,control,,4.0668
16708c8cc3ce1ef,control,,5.1588
4a832037f63de03,test,Преподавание и обучение,5.3596
d670205c4baa363,test,Преподавание и обучение,5.7457
8c5297a3bf22924,control,,4.6566
fb1827ae82f3b57,control,,5.4195
bc3251d065cfc8d,control,,4.9871
6af512b6b6c17a1,test,,6.7272
b0766607b92bee6,test,,3.9384
6578899bd228b7a,control,Преподавание и обучение,5.0981
2dca54367217ba9,control,Преподавание и обучение,5.2395
568b0b4e3439f82,control,,4.4443
5ddc55d8bbf2c3a,test,,4.9078
662edf8958ef0fd,control,Преподавание и обучение,6.8196
7d1e88c83a9d611,control,Преподавание и обучение,6.5449
e36c351f650b563,control,,5.269
9ff066818df70a6,test,Другое,2.6925
27cacdbdfdbd5a6,test,,5.7407
12e9ab2badec29a,test,,5.2481
a5c114458d172d2,test,,4.1329
57fe801be6408d4,test,,6.9147
ccf877e27a1a421,test,Преподавание и обучение,6.2715
c2766448c8a6fbe,test,,4.8288
9037d92df0258b3,test,Преподавание и обучение,7.0233
79a89d18823f6f1,control,,3.0114
0e9b93754767bc0,test,,4.2031
3d82304f71850f7,control,,4.4647
ce6d586e091c949,test,,6.1071
41b0fe28f02d03d,control,,5.523
d5d79dedd2daa0f,test,Дизайн,7.1108
baa2b7be5f071cb,control,,7.7784
3355896de2c6fbf,control,Преподавание и обучение,5.4344
409fd15bd9aee36,test,Преподавание и обучение,4.578
7098d64b31bc155,control,,6.0822
dd7064340344db3,test,Преподавание и обучение,4.8886
8896dd30773ceae,control,,5.8414
781333ae6e22b56,test,,6.2813
9b1cfe42d8ecb3e,control,,5.1273
136ea67aef37169,test,,5.5487
c427701ea97a510,test,,7.1721
0bb1368005bae9d,test,Преподавание и обучение,5.2888
4644f2072e38b06,test,Управление командой,5.6593
7677e6ddbacd2e8,control,,3.6776
8d32f6b7ceeb6a5,control,,1.7416
f57f71598716773,control,Преподавание и обучение,5.4051
730a9b574b45b72,test,,5.7006
67c83fc30ec4e76,control,,4.9796
feb5f08d58a69cb,control,Бизнес и предпринимательство,6.3426
378a5e73eb73135,test,,4.0518
f0f01a82a619bbe,test,,5.596
5f357859911164b,control,,5.8621
752ca296069bd02,control,,3.8855
899453e14424706,test,Дизайн,5.5512
161b13baf515c02,test,Преподавание и обучение,4.6627
af88080851728d6,test,Преподавание и обучение,2.9964
547420b07a785fb,test,Преподавание и обучение,3.7146
3f8c65eadc30dd4,test,Преподавание и обучение,3.8557
18edc6dca54ccb5,test,,6.0001
48bb4e8e6373e02,control,Дизайн,7.3202
a29ad36d0efe752,test,,5.5736
21ccaceb419eb8e,test,,6.3253
8a9d1191f3bc417,control,,4.7901
ca4134f7db17d1a,test,,4.1789
2c0b5b10dc09adf,test,Преподавание и обучение,5.5314
7e1163f1af23550,control,,6.3285
7f5f47e0b2a6a9c,test,Преподавание и обучение,6.5791
2133f3678ddf4a5,control,,6.6518
91fd84177b367f8,control,,6.2839
45e37b7ca33ef5e,control,,5.1429
5ca543a44948369,test,Преподавание и обучение,3.2058
b97a66377283ba5,test,Преподавание и обучение,4.9286
efbe58e8d512f96,control,,5.8285
bbf8553b2fcacb0,test,,4.6761
58e4d744f23cc8e,test,,7.5387
3d5a4e832156838,control,,3.3329
ca3928fa050b36c,control,Преподавание и обучение,5.0866
e49ac10a991a897,test,,6.7355
30e98b440b0d4ac,control,Преподавание и обучение,3.9979
c11f4f55ff2659e,test,Поддержка и сервис,4.7408
79556d90fcdbaf0,control,,3.9139
d6cb11869b8ead9,test,Маркетинг и реклама,5.5346
a23c688a2e0fec4,control,Преподавание и обучение,5.8916
6d4a07ef6a76e65,control,,4.7194
7b4492ca7a0a5da,control,,5.3124
0ac49dd666ddea2,test,,8.0882
8061c7434d93cdc,test,,7.3269
514a6fad41d12cb,test,,6.4122
550e05281d88d81,test,Управление продуктом,2.3616
4c3a7794da21d41,control,Преподавание и обучение,5.5148
8c352da4267efba,control,,4.9274
7525cd1f08c339f,control,,6.4223
035f2ccaa71dc6a,control,,6.3029
5962e2aa2220d1d,test,,3.8739
95e0eb641fcb47d,test,Преподавание и обучение,4.2339
bbcec8e8a461de2,control,Преподавание и обучение,8.5621
b5529199c2278d8,control,,4.4281
c5b1fa01e3f6c92,control,,5.6292
9e087c8a2f01301,control,Другое,4.7723
b889062a2288afe,control,,5.0812
a74de57a65a56fd,control,,4.0684
40d6b257669ce97,test,Преподавание и обучение,5.1347
26d9f042213758d,test,,6.0046
72e3b22860096bb,test,Преподавание и обучение,3.9586
f2dedf1b82005e2,test,,6.7371
477b4d400ed27d1,test,Другое,4.4496
d54f61b7e786ef5,control,Преподавание и обучение,3.8154
1c4640a19225a14,control,Аналитика и исследования,7.0518
b73906d3562c540,test,,4.7416
31baada4f3abb17,control,,3.4776
53229c0e60ac0bd,control,,7.3066
4e62a2852613e23,control,,4.3651
7515f87716e3b0f,test,,4.9363
3c9c5f517aa706e,control,,4.3208
1186123b77e691b,control,,5.0796
e3e82468fc92a9a,control,Другое,2.8517
7678f0992c2c6ea,test,,4.216
8a3899c81926c9d,test,,5.3551
27e28f1bda0e49b,test,Преподавание и обучение,5.2143
6f5a54d14eadfad,control,,3.6662
80974af7cd3781f,test,,5.49
1427f85aef17dcf,test,,3.7997
d9388f58d1628f6,test,,4.7719
abe751cf8f99f76,test,,7.6507
2550a21b25afe6a,control,,5.2926
cdd05322ff8962b,test,,7.6588
50b1a3fbe758fdd,control,,6.06
b0dbf7bf06e6f92,control,Преподавание и обучение,6.3775
e23be82bca9248b,control,Дизайн,4.5976
fc0d01053a61646,control,,4.8949
fcc837e0277c42a,control,Преподавание и обучение,3.9639
d1fc8cba72e4a1e,control,Другое,5.6237
d6b436d0992ecb3,control,,6.0207
b2a913392cab698,control,Другое,5.6336
f85fccc29ce742f,test,Преподавание и обучение,6.0848
508ac41ca73a576,control,,4.8439
405fe7c86089014,control,,6.3551
ea352d7e65976ea,test,Преподавание и обучение,5.0007
6f20e0086315969,control,Другое,6.0833
8e094897fe725ec,control,,4.5683
3e5eb362725a411,control,,6.0707
01d578a46ad64c1,test,Преподавание и обучение,6.3423
951da4070468345,test,,8.0055
f73041021842df9,control,,4.9003
d875ba372e7b251,control,Преподавание и обучение,5.0979
5168412c97b80b1,control,,5.1196
afe194b66207ee7,test,,4.6305
5e80bca553cdf23,control,,4.5877
e7bd2388b4a3902,control,Управление командой,6.6276
0b57d9bb4cc3796,test,,7.0805
8a4601f06dc37c0,control,,6.5149
3ae04c6b0785c47,test,,6.3055
6156c316a096ebb,control,,4.1921
7d39a22c4398728,test,,4.5441
2288d6b493f7a2e,control,,3.8211
30cd5925292a8e6,control,Другое,2.5506
47c39ad9785dfa1,control,Другое,3.7961
965ab48ce052235,control,,4.6871
b01131fc1c2931f,test,,5.1765
b82a52d3b142f73,control,,4.1878
9267a12ff5a652f,control,,5.2264
4bd236bc4c61919,control,Преподавание и обучение,5.3476
b817d92b5d98f89,control,,4.956
499b996dd896789,control,Другое,5.9965
feef8c7099892dc,control,,6.3821
9e2d3b3da6e198f,test,,5.4534
f919c1ecff56887,control,Преподавание и обучение,4.2124
662a2204e641592,test,,4.546
7694ff05b1b3840,test,,3.6528
caab607e03e4e05,control,Аналитика и исследования,5.037
2176368cb5f1fcb,test,,6.945
54f3642b26237af,control,Разработка и инженерия,4.4158
8c74e4558097f5b,test,,3.0744
1971add1cc5a703,control,,5.717
212c490dc934a31,test,Другое,5.5524
ae49320272688a8,control,,3.6645
9630f04f7528bd5,test,Разработка и инженерия,5.0632
38fd2e053e318f0,test,Преподавание и обучение,4.8997
2dab57ebacac212,control,,4.0342
b7b11f977bd189f,test,Преподавание и обучение,4.6596
e1a7044ceca4c65,test,,3.6962
a4f6de8db723dbb,control,,6.2915
5896e582f001ad5,control,,4.8475
a99377f6257d1f3,test,,5.2791
84abb70bcc6594b,control,,5.825
d9dfbe67f77240b,control,,5.2706
9b5edf7566b34fb,test,Преподавание и обучение,6.4103
9ccd2003458504b,test,,3.52
7fb5a181ce06b0b,control,,5.4528
415830772953827,control,,5.2729
78050c7202ac176,control,,2.824
3afdd2e8a75eda2,test,,4.8635
29aad481d1d8d5b,control,Преподавание и обучение,4.6852
f24e6a72dea0ac2,control,,4.4087
3ab88217056d609,test,,4.9854
27d3e70355b534b,control,,4.7862
60bdef7aebeb681,test,,3.3205
8be6adc14a052da,control,Финансы и консалтинг,5.9108
0c0b24434dc789d,control,Аналитика и исследования,6.4937
aa2329d67074659,test,,6.5525
5b3c2b1b17f1b55,control,,5.5737
5f5cc40f2ffa9ef,test,Преподавание и обучение,5.6726
1b6fc9b7c548ba5,test,,5.9693
2698fd59f10f912,test,,4.8585
96fd41b4ae47e8e,test,Преподавание и обучение,3.5172
53dba30d8ae0049,test,Другое,3.9328
c7ac4bef30b19c4,control,Другое,5.8591
07f6a3c4238340f,test,Преподавание и обучение,5.8528
729090aeffd8897,control,,6.6356
731579eab36a809,control,,5.528
cad0ae3cce0923f,test,,4.0646
9222fbeab548a49,test,,4.7122
b4e310555ca0e67,test,,6.6326
8febd3f67868273,control,Преподавание и обучение,3.9689
07786d69e800bb9,control,,4.8867
44e0f2073349348,control,,5.2133
53f597d14eb61f5,test,,5.0512
aa7dfddb2f6f607,test,Разработка и инженерия,4.2116
2a075a839a12a80,test,,4.8702
c6d303206f097a3,test,Преподавание и обучение,6.9737
2d9d52f08cafee2,control,,3.406
8206220695a5b02,test,,5.4727
25d2df7baec13e5,test,,3.2156
a1ff46a3a6fcadd,control,,4.2373
dd71b3091702ae5,test,,5.1803
a88e78c5948ef9f,test,Финансы и консалтинг,5.6836
288918a3a520b90,test,Преподавание и обучение,6.1926
7a8fb6574350d54,control,Преподавание и обучение,4.5961
56d72ef474fd8f2,test,,4.8558
9ff18074481ea42,control,,4.2546
5dc325ffa5b1276,control,,6.2113
cd39a25501ad901,control,,4.9877
e4523115298e296,control,Управление командой,5.7004
37f94e6ae8c8782,test,Преподавание и обучение,3.0495
51d6577d43af190,control,,4.6829
70032aa145eca04,control,Преподавание и обучение,5.5837
0948e9c9ec26deb,control,,5.1191
800b5f2be708d8c,test,,4.1813
0285ba2010f0b7f,test,,5.6064
b5911e6eea338a7,test,,6.8634
6e4d8593d5d51ca,test,,4.3685
33f96f9fbebae49,test,,4.9328
c820215ea59ea38,control,Преподавание и обучение,5.9738
261ac140603c1eb,test,,6.7685
9ba2cd87df6b7fc,control,Другое,6.209
d8c6e14bbc90454,control,,5.6027
bbee31853bc71e4,control,Преподавание и обучение,5.7045
30664c152f93331,test,,5.106
927da778b52e4ca,control,,5.1296
cada22e5ba29df5,test,,4.3718
57fbc620d04a588,control,,5.4438
79967796d30058a,control,,4.7518
0914856deb919b6,test,,4.5166
236ee90f5b0b170,test,,4.5419
3d3e06d6ecf7f98,test,,6.1385
e83fbf15cd19462,control,,6.6418
64af2acf257f0e6,test,,6.3363
22dd044e1db7492,control,Управление продуктом,5.1586
7ae11b0341eabc6,test,,5.5279
683cecbaddba30b,control,Преподавание и обучение,4.7605
056be4630fa49ee,test,,5.8401
0cbd5f75106c6a5,control,,6.4141
97627fdb4ee3721,control,,2.8213
afed74b2d78816d,control,,5.251
4d89094f7de8b5a,test,,4.2571
719608e7feba824,test,Преподавание и обучение,5.8155
cd93ca7b2e97a44,test,,5.5795
26eb0b3de05c8bb,control,Преподавание и обучение,4.6399
00f6a07fdc89229,control,Разработка и инженерия,6.0811
a3a30917a38d060,test,,6.1285
759a9e379a1ff2c,test,,3.3251
c3419b1d654e6e0,control,Аналитика и исследования,4.472
8f387988d6b7136,test,,4.7303
f56af2b5634d904,test,,4.419
bb7219a0e4b172a,control,Другое,5.6146
90505bdc67bfe7b,control,,4.7865
2a425d90e09e32b,test,,4.1552
aa77c528ac4040e,test,Преподавание и обучение,5.6994
781ccb331bf15c7,control,,4.0712
7645c4e866a118f,test,,5.6634
e0317910104db7d,control,,6.5858
dfc86e90fd73fef,control,,5.578
6b3f677a2ebc211,test,,7.1347
c8a2c5b54de4985,control,Преподавание и обучение,7.0789
dc4878cd6cd54db,control,,4.5564
bef7add62e0bf61,control,Преподавание и обучение,6.2391
96841784a367341,control,,6.7926
89159c98c869e3c,test,,6.3024
40a4b59f8026f5c,control,,5.4876
a9c071fbee8449d,control,,6.6499
9e655304b5779fe,control,Преподавание и обучение,4.7651
07fa2de6b692466,control,,5.1352
b42d302c4735b5a,test,Преподавание и обучение,6.069
8ddc2f788f3a89b,control,,7.4671
fe97b8a10cac490,control,Преподавание и обучение,4.3991
50b96a13b70845b,control,,5.6552
7f7745706c9b991,test,Другое,4.8436
d821c24e40f9956,test,Преподавание и обучение,5.7276
69345e278a7cec7,test,,5.3649
e3cd716cae5f560,test,Разработка и инженерия,5.2343
238792a9fbbf4ae,control,Другое,4.207
6869bceb3b82263,control,,4.8809
73b3d6d976cd05d,test,,3.6928
4cc3b726e89a51d,control,Разработка и инженерия,4.095
dadb2b6e0320df5,control,Преподавание и обучение,3.7369
dbfcb1aaae87cfa,test,,4.582
44aa3e9278539c1,test,,7.3638
b12c636e322b71b,test,Преподавание и обучение,3.022
1351a2a3a679330,control,,4.5726
730423f4e87c9f5,test,,3.9054
166f7710a50e507,test,Преподавание и обучение,5.3792
85eddef816ad705,control,,3.393
bac1fe3ea1a674d,control,,5.8594
d318ed1fa8048ac,test,Преподавание и обучение,4.8346
b9d2ffb6966a765,control,,5.3826
3e6047ece2af4e5,test,Преподавание и обучение,5.249
cfb2d8b89ea535b,control,,4.6368
2f23028d474ad91,control,,4.3714
fa329857b637b2d,control,,5.9001
332ed5e532ee761,test,,5.5955
f61a81638c11f3e,control,,4.8657
7ae51c8ccb2e7ef,test,,5.6019
332e73d019d5800,control,,5.8502
e40923ef5bfdd2e,control,,6.4296
c36a5d7db74a282,control,Дизайн,4.889
e580496908c9c11,test,Преподавание и обучение,5.4702
c4aa46097b776f0,control,Преподавание и обучение,3.0672
3266456a117345d,test,,6.4017
44ab44d13f7d9d6,control,Управление командой,5.4716
ddcde1066621cf2,control,Управление командой,5.564
2545c3ac56b01c1,control,,4.2007
22a399464a02626,test,,5.3197
cc7c13b7d65ee7c,control,Преподавание и обучение,5.3986
214908efd2f5768,test,Преподавание и обучение,4.3055
373c11cb659d48d,control,,4.3867
20bb191804f3749,control,,5.7316
224982759384e50,control,Преподавание и обучение,5.6294
5d694d3ab455618,control,Управление командой,3.0213
4a283f3e83516c0,control,Преподавание и обучение,5.8798
a1555e7cf5ef468,control,,4.3347
d72e37b532ab28f,control,,1.3454
1974f4d09e83178,control,,5.3445
4ebc812a9343cd2,control,,6.7888
ebfadf86383f4c6,test,,6.7982
1480a2f648b214b,control,Другое,2.9048
739c70a03b70eca,test,,4.008
306836049cce6c7,test,Преподавание и обучение,5.9274
5ed5afe48ec5258,control,Преподавание и обучение,7.7016
6ed0daf15d91d9b,test,Преподавание и обучение,5.6833
af825ac849910d8,control,,5.2838
77077ae2ad8e4a2,test,,6.462
7566a6e73dc26da,test,Преподавание и обучение,3.719
0be29baed7696a4,control,Бизнес и предпринимательство,4.211
438fce829860a71,control,,4.8655
dbf23bc8961ca12,control,Преподавание и обучение,6.3272
01ad73687a1ce7a,test,Преподавание и обучение,5.0023
c4ccbad1b487a91,control,,4.8994
7dfe5bbdcb8b96a,test,,6.5087
f624d3c5e89fd89,control,,6.2247
ea2740a54c65bb5,control,Преподавание и обучение,6.4558
e6c72f6514bd029,test,,6.7799
75aa4226d3ec175,test,,5.0425
344c8cea8d0e4aa,test,,4.8079
23d3c2e05fb3dfe,control,,5.4405
ea789a60c17323b,control,,5.5101
eb394b847e94e8d,test,Редактура и копирайтинг,4.7593
d44591001fc7e53,control,,3.1416
3237b86adc473ac,control,,4.5748
8cdbbae1e044627,test,Преподавание и обучение,3.9363
fd01e9e5dfb23ef,test,Преподавание и обучение,7.3165
e92340b592b1391,control,,4.4635
b32984e8c70170d,test,,4.1224
0b5af8a1bdef6bb,test,,7.0421
d23583b1fd4219a,control,Управление командой,5.4858
005b0e5b9749a64,test,Преподавание и обучение,6.8455
6f4c4e03d55d198,test,,4.2995
3477d8e73ee4183,control,,4.9184
993e7af26cf0233,control,,4.1993
2d7fb38cde740b1,control,,5.5729
bd518c59cda327e,control,Маркетинг и реклама,5.4743
8bf3bcaeed5e6e5,control,Преподавание и обучение,3.8684
a5e32e26db1f24b,test,,5.3542
7fc857cb4992caa,control,,4.9569
06f9ba465ff3585,control,Управление командой,4.9443
3aa26f96f136f23,test,,5.4439
a557650d73da6ed,test,Преподавание и обучение,3.2844
922bc7dd276f5c8,control,,5.4589
f2512e5964aaca3,control,,4.6815
e44f87f6557e6b5,control,Преподавание и обучение,4.0255
4a21f85d61eec46,control,Разработка и инженерия,5.2197
fd2169be0b5383f,control,Аналитика и исследования,4.9808
ec55c10c717e0be,control,Преподавание и обучение,5.9435
655b51eb40e833c,test,Дизайн,3.9625
3dd09540988d56a,test,Преподавание и обучение,3.5463
0bd73d28bf14735,control,Разработка и инженерия,4.9594
cb4f2b409b687b7,control,,5.1219
896b7359e263eaf,test,,4.1035
fa1ed2722975a8a,control,,4.5082
47fa42b69684481,test,,4.9241
dad9bd3b627c07d,control,Преподавание и обучение,4.5808
7a2d1ab1a5bf49b,control,Преподавание и обучение,5.2298
8851c5224ad6232,test,,6.3222
2c60019804b99b8,control,Преподавание и обучение,4.0071
4d8a4d0d89f74ea,test,,4.7084
4732722a4e340e3,test,Преподавание и обучение,6.0702
41e0418cb8d528b,test,,5.2352
d5c5b1901ffccd5,control,,6.1188
135e2eaba3545ea,test,,2.3773
3443c01c290785e,control,,3.985
aacdc1fd4ef4142,test,,5.475
c579c39f473bfe0,control,Преподавание и обучение,6.2557
2d1ea994634f0cb,control,,4.5048
ca3b501e9226af9,test,,4.9358
fb2ebcf2f82aeea,test,Преподавание и обучение,5.7353
8698e68faa72851,control,,4.5183
cc1f4828d7f80e1,control,,3.8797
360fcee02bd0bfd,control,,4.9233
36cd3a932509e5b,test,Бизнес и предпринимательство,4.2581
6726d7177b17013,test,Преподавание и обучение,2.5887
c479f0959344b97,test,Преподавание и обучение,4.5029
80b7066be4e35ef,control,Преподавание и обучение,4.6055
754e757dfa2d754,control,,2.8855
67411a4d8375797,test,,4.6962
9e78042ab18c994,control,Другое,3.2164
14e441cc01b8ce7,control,,6.4958
50a584db31d5e6a,control,,6.4122
de21b188a1f23ea,control,Преподавание и обучение,5.9477
a4aac359c7326cf,test,,5.3027
43bc2e7cad9bf7c,control,,4.703
1565bd33862ab36,test,,3.0944
e41da9307610f58,test,Преподавание и обучение,5.8252
f1a14e5e10414be,test,Управление командой,5.5468
aaa124624bd542b,test,,4.963
b6be27e7cab6227,control,,5.3941
8b4c5be51401e26,test,Преподавание и обучение,6.9076
6a612507b7a0b9a,control,Преподавание и обучение,3.3127
8c73a1038364eb1,test,,3.4131
1fc98bfae0a4dd8,control,,4.2359
124fa33873765de,test,Преподавание и обучение,4.933
e50ad6a9948b35e,test,Преподавание и обучение,4.9281
98f27d3f22e8aee,control,,6.1827
c3454cc53848890,test,,4.8936
b770e1aff01af9f,control,,5.1488
70ec2f7d7772d26,test,Преподавание и обучение,4.6396
f86e9ff4b78be38,test,Преподавание и обучение,6.9863
37131e2f8733fc7,control,Преподавание и обучение,6.5922
d76b5809ad80b53,test,,4.2561
8843458d200d098,test,,4.0699
2b2737b40d592d2,control,,5.7856
31b4f50e83f01af,control,,4.5065
6cd7756c72875bc,control,,4.3519
6eb298dd7851987,control,,7.0376
f12af049f7d3da1,control,,7.0344
97d18e0dbe1ca17,test,,3.6095
932690de3cd6abb,test,Преподавание и обучение,4.4948
519805e4afcdfa3,test,Преподавание и обучение,4.8527
c58f6e6547d4bf8,control,,4.9711
398f69dc55a27db,test,,5.1474
04816f5bf9881b6,test,Преподавание и обучение,4.7074
47f1292ffa55063,control,,5.203
aac15d32ba98af9,test,,4.1652
15376e3b9fd408d,test,Маркетинг и реклама,4.6568
1bc0f3f1a0e6cab,control,Другое,3.3918
2eedc59fc00caaf,test,,4.6258
2e4e480d4c11a45,test,,4.3649
0b1f171fcb811fd,test,Другое,2.444
ccdcbd0715329af,test,Преподавание и обучение,7.9384
ccb00b3a21df76c,test,,3.754
05a338bb5f1affd,test,Преподавание и обучение,6.4791
c25b4008f661c36,test,,4.7778
418bbae3f05cfec,test,,4.4435
f02875e702b083d,test,,4.8084
16497f7a7e5d203,control,,5.159
aa994d14cfb96a0,control,,3.6326
3aef4a4ac208b0f,test,,4.4642
9d7e1da1fdb838f,control,,4.9697
7c7955438a25875,control,,4.1619
82239fe1cbdc190,test,Преподавание и обучение,3.549
3c374d007365239,control,Другое,4.0508
e914590899170be,test,Преподавание и обучение,5.0324
79a9a0a1ca0a673,control,,4.1973
a5e46e46ae428d6,test,Преподавание и обучение,5.6274
f20d53ca011266d,test,Преподавание и обучение,6.6591
251e3e39c65f447,control,,5.354
e9fe1dbce7745cf,test,,6.5844
b4cc433119f12dd,test,,3.4456
97c8c40687aec19,test,,5.1794
93992e467b2c474,control,,6.6064
8fbadc9168301cd,control,,4.4207
3e1b870500487de,control,Преподавание и обучение,5.6502
976540f29e8d4e0,control,Поддержка и сервис,5.0704
83147dc9740d3ac,control,,5.4979
31aa41cd7ce8aee,control,,3.3663
28107ac3eaea09e,control,,4.2816
0803e106f9475a3,test,,4.7662
2994d4c7e3fc8ef,test,,5.1317
d83fc129c3e9e12,test,,7.8702
576c836882b4c57,test,Другое,5.376
6275b74e0819c4f,test,,5.3644
0c6ab886aaf76c5,test,,4.8692
9eff051599c2faa,test,,4.5057
6fb86ac089fdeed,control,,3.9756
141c0dd69e383ca,control,Управление командой,5.8777
8708b0eb1886bce,test,,5.8038
08e6f42a7bd4ef5,test,Преподавание и обучение,5.469
7003fa2886a5b19,test,,5.9485
392f44fbd6db340,control,,4.4393
6804532410d0e61,control,,6.8795
7ec35949f228e02,control,Преподавание и обучение,3.4889
21dd4c6b010924e,test,,4.5959
fc1639fdebf1813,test,,5.397
2efd34a2fff8c1f,test,,5.8659
7c0b45cc39383d9,control,,3.6067
39ef29b234b00fb,control,Преподавание и обучение,8.1129
5621dcdfea4dc6e,test,,3.3233
ba5af203e40c1b2,test,,5.7072
885eeb4b813e780,control,,4.5306
ab29918436ed118,test,Преподавание и обучение,6.9821
834ce655a824de6,control,Другое,3.5351
3f9910df463f38e,test,,5.6591
3a21780aecb10f2,test,Преподавание и обучение,5.8099
f0ce0e5d2983057,test,Преподавание и обучение,4.2699
479268e1fb48cff,test,,5.9987
d5a374d980d8f7b,control,Преподавание и обучение,5.827
4f8688900331835,test,,3.7057
dae8203c8353ccf,test,Преподавание и обучение,5.196
be918f2a58fc0b7,control,,2.8387
22a235f779b2620,test,Другое,3.4965
05644b9a388a1f2,control,Разработка и инженерия,4.348
0dd40e3f61ecc2c,test,,4.6383
6f8914f0a357dfa,control,Управление продуктом,4.6957
252750d29514ef0,control,,5.1729
fb60e299ab2a1e7,control,,4.9686
91ea18f1dede850,test,,5.3687
079e3afc74c1887,control,,3.7709
403b05c19e0c896,control,,2.7893
48699bf1163faa5,test,,5.2268
6962aa06e44cdd8,test,,2.6267
ac3177b841d33ab,test,,4.483
6138503ec2ddd81,control,,5.7338
13a85b021ee5532,test,,6.5508
a40dbf7411e4c0b,test,,4.5329
cb4bffcd5216c55,test,,8.1657
4f63e0100c39d3d,test,Управление продуктом,6.1507
0f7bd05991ebb87,test,Другое,5.4102
7e6c5d3b018672f,test,,6.3292
13e432a77e9de0f,control,,6.3294
af3d12a2a15f8a1,test,,5.9126
0290415c6a3cf40,test,,6.3842
43ddc9210f67b69,test,Бизнес и предпринимательство,6.5857
9049521b2b4b8d6,test,,3.8117
7e332a164949f05,control,Редактура и копирайтинг,2.2174
787a17f13162a18,test,Другое,5.4805
f2a6d1e8b42c59f,test,,5.7552
1152b3fb7dfeeed,test,Преподавание и обучение,4.9555
a972eeb7920b4b8,test,,3.7135
af12eabffc150e5,control,Преподавание и обучение,4.7241
82de4c0e5ece696,control,Другое,3.9619
1c1a69a02e54060,control,Дизайн,4.0656
6c42aa5781ce3d8,control,Аналитика и исследования,5.8744
a3492daa28fe54a,control,Преподавание и обучение,6.9582
dfe9c2c229d74de,test,,5.3801
2827a82e61b2572,test,Другое,6.2843
25bd47a28967adc,control,Другое,5.2535
81a36bf038fc84b,control,Преподавание и обучение,6.5278
33bf0bcf57d744a,control,Преподавание и обучение,5.3876
dd7434cdcef891a,control,Преподавание и обучение,6.7245
3a6da392dbc6185,test,,6.7403
71ccc9f4fa1e075,test,Преподавание и обучение,4.4166
95cc6fe9f6128b0,control,Преподавание и обучение,3.5748
45b65c221c6f1f5,control,,4.6627
75789126199727f,control,,2.6461
02fa996a7367dab,control,Разработка и инженерия,5.1788
6019c078641911e,test,,4.8486
6985bec73c81e5b,test,,3.8585
545772861400bdc,test,,4.9144
07d10e6e33b0551,test,,5.1037
bd9875cad3d9df3,test,,7.0813
c6d0c4d64cc654b,test,,5.2623
e5273c83a78046f,control,,3.4984
f7a2fbf531e3897,test,,3.9271
cffd06f85e873db,control,,5.7731
7cfbd02828a1283,control,Преподавание и обучение,7.2193
80fafef63402e0f,test,,2.7509
6078b8d3529c289,control,,5.5178
9de0a925775d472,test,Преподавание и обучение,5.6372
d9d675cf37d1f3f,control,,5.0514
5d8b209acdb06c7,control,,5.4151
82a3d4e692c18e5,control,Преподавание и обучение,3.7165
7585befa3ba6b0f,control,,4.7238
de076176b0fc0e2,control,Управление командой,4.2173
ce2f5906bc289ff,test,,4.6224
596398767ede513,test,,4.2133
4006fc0ab4f2123,test,,3.6006
7a5a9ac348e798c,test,,6.6064
1d79efc7f406b21,test,,5.3251
83590693cf21f66,control,,4.3114
1b1eb42c3514d44,test,Преподавание и обучение,6.1907
3f4e2f0935ae6ed,control,Преподавание и обучение,5.3544
428418cdc0a3e27,test,,7.4692
e1aab95a7bf9668,control,Преподавание и обучение,5.7842
e8771f0e0d4cce0,control,,5.809
e18b44b8d86bd63,test,Другое,5.087
c607b60f625269c,control,Преподавание и обучение,5.2503
08e583c16c125ad,control,Преподавание и обучение,6.4311
df9b5bb6ea40dd0,test,Преподавание и обучение,4.8208
df4039072b9c31d,control,,7.072
3a462e7d7666ec2,control,,3.9104
05705e35a453a68,test,,4.191
bed37a047770178,test,Преподавание и обучение,6.4397
7aea2bcbc9622a3,control,Преподавание и обучение,5.5544
76bcb1f442257d7,control,,4.3299
3c81958b9afa864,test,,6.8787
85f269d0ed1c22a,control,Преподавание и обучение,4.9019
b63c7cd2f0e7da0,control,Преподавание и обучение,5.3914
4b2e02edc32f912,test,Преподавание и обучение,2.1891
65c157a738035a4,test,Преподавание и обучение,4.2773
83b11d5128823dd,control,,5.3719
167def45e3634b1,test,Преподавание и обучение,6.9667
b92ab55af03ab66,control,Преподавание и обучение,4.6052
5e18ff3c586330b,test,,6.4899
c6663fb05915bbc,test,Другое,3.8702
447f8da99c1686c,control,Другое,3.977
9b2a6a58b49aa04,test,,4.4374
7f62566dba9f564,test,,4.594
dae106e964f85f2,control,,5.1151
17dd56ea32bd2f3,test,,4.6033
1c6204dbcb5dcfb,test,,3.8697
e11de443696c723,test,,5.3449
be3925397959be7,control,,6.0177
75e40b82c5547b0,control,,6.1167
5ebeee05c3056a4,test,,4.9116
51b43eada845acc,test,,4.3815
db5422d02dc316b,test,,4.9394
4130726d5fe884c,test,Преподавание и обучение,5.4432
92dde30ca973295,control,Преподавание и обучение,2.9
d7be9e8e4a62c55,test,,5.5141
a17c966b11cbe8d,control,,4.1169
b22e92648746bfc,test,Другое,5.0964
718529cdb2fbece,control,,4.2879
b33d31fab40575a,control,,4.8922
432d055c1791877,control,,5.2163
2a11578f6cfb056,test,,7.1944
f94963705dff5c2,control,,6.332
ef20169fda5f659,control,,6.5823
3463ed0a0f9e0b6,control,Разработка и инженерия,5.0156
ad10607adef68d6,control,Преподавание и обучение,3.0551
93352bde9a8d734,control,,6.5079
71f0cbefe5644c0,control,,5.1624
1b3ea58a14d8ca2,test,Преподавание и обучение,7.1417
432e33d38ccd528,control,Преподавание и обучение,3.9866
fce57b1cabca49f,control,Преподавание и обучение,5.2588
1a69a56388fcb15,control,Преподавание и обучение,5.9874
e52cb8ab92d4c94,control,,4.9553
a8c3d1dbb52ebb6,control,Преподавание и обучение,6.4065
6969b033e0dc0a0,control,,3.7266
ac338f92aa4a18e,test,Преподавание и обучение,5.2506
a23697327623996,test,,5.4274
f490dd015f01ceb,test,,6.2918
a968d67d73afb80,test,,3.839
77e361fadd7b78e,test,,7.1218
73174f4e8e2b017,control,Другое,6.024
34b4184d892f798,test,Преподавание и обучение,4.4542
8a3dc9607131056,test,,6.5304
f4a8042a6109a72,control,,4.7697
62329d34d0af3f0,test,,6.325
f0dd0ddb8d860db,control,Преподавание и обучение,6.1221
b47ad5adda401fa,test,,5.0689
e351e647c79974d,control,Преподавание и обучение,4.8811
155e7e97b8ec311,test,Другое,6.6726
2f282063f8e9dff,test,Дизайн,4.8976
33d72fa3a540f2b,control,,4.8718
b8b0598a568a955,control,,6.7378
979358d9d46eaf5,control,Бизнес и предпринимательство,5.2537
0b01f7c093ff99a,test,Преподавание и обучение,5.738
51dca21c659fe64,test,Преподавание и обучение,3.2596
497461cfe840f2d,control,,5.7964
5ad9454632d0a63,test,,6.6096
9770587408fb9b8,control,,1.6739
3fab2747d5d5ca0,control,,2.8307
8ba2355f3e521a5,test,,7.0071
0fba7ee9ac9f885,test,Преподавание и обучение,4.6365
ee0d1d321fc62c9,control,,2.9763
bf5f63cdec414ab,test,,4.363
17cca2a499d06ff,control,,4.3774
7993557345e3173,test,,4.0353
548ef684ac5d261,control,,5.2859
2fd717667c6e086,test,,4.642
625399e7264f910,control,,5.2701
3555d7b7dda856d,test,Управление командой,5.5828
aa7d7d13943d91e,control,,3.7119
b81cbb330e08bc1,control,,5.2404
fad9552e983af62,control,Преподавание и обучение,3.8761
cf7841e1377251e,test,,2.9413
146b46253fd823b,control,,4.7575
532447e1ea2a4fd,test,,5.8711
8a1043d86ad1eba,control,,6.2303
fb4988bb714b52a,test,,5.6093
8f698933bdd9d33,test,,5.3453
6659f3946f1493a,control,Другое,7.7911
c5275f259910ef8,control,,5.0523
3141ed19a5b8341,control,,6.4885
cfc307b16aae92a,test,,5.01
b1ea421c31b76d4,control,,4.486
61cd8fa6df1809e,test,,2.551
4f7c2764ad0b898,control,,3.7336
f6fc0e53a2a5948,control,Редактура и копирайтинг,5.2055
341e18141c865dd,test,,6.6993
e06300e0e21d687,test,,5.3269
13f58427a6a8caa,test,,4.6565
54b8aa84d2eac63,test,Преподавание и обучение,6.5178
9bd923f2674ba45,test,,3.62
556d933c8f044d3,control,Финансы и консалтинг,5.3998
9664e306b7db807,control,,4.2827
c804afcc9eff55b,test,,5.8216
2a6d280a8fdc81d,control,Преподавание и обучение,5.6378
a1deb82610306c6,test,Преподавание и обучение,5.7323
0ad8f837467be8a,control,Преподавание и обучение,4.284
57b944a758bdc2c,control,Разработка и инженерия,5.0192
6efa22f8baf5c4c,control,,5.9635
3dcfab3664256d7,test,,5.0042
8ac3ab482d5b5e3,test,Преподавание и обучение,5.1617
e1f1a94a76e6a2c,test,Управление командой,4.0994
079821006a303cb,control,Преподавание и обучение,6.6873
260f310aec40c42,control,,2.9581
b1a7339adf902a4,test,,4.7558
54d959ff8eb9533,control,Преподавание и обучение,5.6888
9f45b539d61c6e3,control,,6.607
6718dbee74a203a,test,,4.8216
9a67a9ee4be0ab9,control,,3.6552
5322bb0e6c04f8e,test,Преподавание и обучение,6.9906
9eef32c9cf863f9,test,,5.4224
b5dcbdfa4790bfc,control,,2.8928
0308e931fdafa64,test,Другое,5.0021
3a40da8937a7af6,control,,5.3087
6a3e0f11cdad780,control,,4.5003
b1b83fcdd36f022,test,,3.9709
e69ea17e21b5524,control,Преподавание и обучение,4.5394
71cfe948624af8b,test,Преподавание и обучение,3.9201
5313d2334f7ab1b,test,,3.4692
8b314acc83e9185,control,,4.3052
f381638ec9c0f8b,test,,6.12
733a884b342cf06,test,,3.5207
074a61d99377ffa,test,,5.5545
6fe06f45ca6a17d,control,,6.5719
91912349ae2bcea,control,Редактура и копирайтинг,4.761
7067126ee7ec36e,control,,4.9792
829b1047f6c4a6b,test,,6.0458
a2674cd1d537bbd,control,Преподавание и обучение,7.029
eefb80fb8d88685,control,Преподавание и обучение,5.2819
325987cf6bf5407,control,Преподавание и обучение,4.4677
d3471e2be818017,test,Преподавание и обучение,7.2205
9c92fe7c6df91a5,test,,5.588
040a11f64dfafec,control,Маркетинг и реклама,4.9546
f953319c4a0b410,control,,4.2977
c53d6c38c74f7aa,test,,4.8752
4ba596306a17c39,test,Управление командой,5.1449
4362901d3883951,test,,4.9123
347f9d218a6af15,test,Преподавание и обучение,7.2274
01be9efcd1cc593,control,Преподавание и обучение,6.8576
9cba44ca32e1426,test,Другое,3.7277
601ae1726dc5023,test,,7.7737
b03bdf83e7ec0bd,test,,4.3803
1310bb438623bab,control,,4.9504
984d439d7400f9b,control,Преподавание и обучение,5.2149
cd3ee922436e792,control,Преподавание и обучение,3.3694
7c81b0378c556d0,test,Преподавание и обучение,4.7386
25d3c5e53566275,test,,6.9212
54e66cd213e027d,control,,6.8744
4b8a2454a99489e,control,,4.6855
9f3136bf40d6ab9,test,Преподавание и обучение,6.4412
f0646f975db4842,control,Преподавание и обучение,3.8196
f48f5d22b1559f5,control,,3.158
cdeb449ac4c41b0,test,,6.4679
b30e3bb94804ca2,control,,3.5084
cc56d880aeee571,test,,4.6531
155441176f4074f,control,Преподавание и обучение,4.1109
d0d34403910b0a1,control,,4.647
6f20c227fad5e2b,control,,4.1927
71de1c50472cf08,test,,3.146
167e7f7eec6e911,control,,5.7981
5233ae0bcb997b7,control,,5.1529
163d1bfca05fb4a,control,,6.1232
9d04841e0ea0c60,control,,6.9506
d407d3f0ef9a652,test,,5.2001
294f51bf865c102,control,,6.9535
2015665a4fc2f5e,control,Редактура и копирайтинг,5.3684
2d64f895926c890,control,,5.8122
d712fc1cea3ea4b,control,,5.9348
f385ee085f82b1b,control,,5.5071
9d03c6017b56e11,control,,4.0495
3be09a34e5613d4,test,,7.5289
6f665aab0e97d75,test,,5.9504
85969fbd06f3f44,control,,5.8317
ae2752d770ac770,test,,4.6328
32f37cd8dcdf86c,control,,3.4851
b0bf1537998a9b1,control,,5.834
27c67cb0b2803fa,control,,5.4284
2cdb4592565985b,control,Преподавание и обучение,6.2492
c6126969ef24459,control,Другое,4.2249
4b1c8f3202f2293,test,Преподавание и обучение,7.3504
67b8d7ddbddf147,control,,6.92
af1be7c755840de,test,,2.9081
8f98e52b9d621f1,test,Другое,7.0717
3901bf44cf61b0f,control,Бизнес и предпринимательство,5.2968
c4fd304564dcb8c,test,Преподавание и обучение,2.4905
9d7a305cb096b8e,control,,5.5878
1f303e346b118e4,test,,3.9214
1610573bf7a7374,control,,5.3746
acc1229b6171e23,test,Управление продуктом,4.5221
8a0636e9e8683c6,test,Другое,4.8767
21242894d319d1e,control,,4.4491
2a121021dc77ec7,control,,6.3484
43470a397ea9e68,control,Дизайн,5.2383
5475b3a33c6d463,test,,2.4824
f1cbb64c12f0ff1,control,,6.2999
822be33daf2b346,test,,5.747
a38c5af6de292cb,control,,7.1814
9c580e4d2540aa5,control,,5.4147
aee1f2d53b6b270,test,,6.2347
eed00f5389c97d7,control,Аналитика и исследования,2.3617
fcadf81836ba94b,test,,6.9835
bcbf7bd6b1ee89c,test,Другое,6.1575
87ce69aaffb5248,test,Преподавание и обучение,5.2739
d87f32fabc4ea69,control,,4.6625
b8ec5b9508d8baa,test,,5.9901
55ea75ec7a65e32,control,,5.2046
8345a4426d2ba4b,test,,5.5007
5a0da58d28c0f6f,test,,6.378
ce00995f5fba83f,control,Маркетинг и реклама,5.9671
460e734d8a2ab6f,control,Преподавание и обучение,4.0097
0ae5b0d043faacc,control,Преподавание и обучение,4.1598
b9fb9807f983b45,test,Преподавание и обучение,5.4861
e151b0bf381e0e1,test,,4.7918
17063e7c0684299,control,,6.9459
10d5b864c37f691,test,,6.6201
295c9127b228ff5,control,Преподавание и обучение,6.0586
48a873759e24fc4,test,,4.8385
f3689459a0803e4,test,,5.51
c1f100f420dd507,control,Преподавание и обучение,5.6053
5d6e0d41fce9013,test,,6.2031
033dbe5bb51d54e,test,,4.9772
11bd9c23238e404,test,,6.3285
4f4af1315a024cb,test,,5.7754
61d87cabc98b463,control,,3.3619
e5753da2789860b,control,,6.8041
3ed847837ea10ad,test,,5.3219
1c68da95bc7258b,test,,5.4235
74851da7448bd3f,control,Разработка и инженерия,4.0015
e6898d4f0a9b071,control,Разработка и инженерия,5.8819
3bff94c46d5a14b,test,,6.1182
30ac7a5cb613b16,control,,5.3551
bff9825506251dc,control,Преподавание и обучение,5.744
09cada5281dbb5a,test,,4.5149
88bc80a8153fd15,control,,3.805
67994a6c004da45,control,Другое,6.1016
fe18532d338293e,control,,5.5355
a4fd872a50e1385,control,,4.0839
711ecb9edec71c2,control,Преподавание и обучение,3.6142
2a0fdf2bc8ed298,control,,3.8637
602860469fda06b,test,,3.1835
c38bd56071d4aaa,control,,4.3906
e05143b5fcfd051,test,Преподавание и обучение,3.7645
fa82efe3b85f7a4,control,Преподавание и обучение,5.0098
8c18cb3803c47e8,control,Преподавание и обучение,3.9913
04b827770f882eb,test,,3.9925
111d014a7a5f810,test,,6.337
c0f12520296b5dc,test,Преподавание и обучение,6.4956
6d28d1fcd8d0355,test,,5.1799
8d49a864adf1591,control,,4.8831
3b9de29183ffb3c,control,,5.7413
489d1bff3a9fd0b,control,Преподавание и обучение,3.9293
564ac1805ff4bda,test,,4.5964
e4fe86876476a2f,control,,4.3184
de4e6657bb39442,test,Управление продуктом,5.8489
00ca755aa271064,test,,5.5151
a6b6bafc8f98dda,test,,4.2409
c58b540ecbc4ed6,control,,5.2882
c1ae108fd18bd4c,control,,5.6203
ace8288325c3293,control,Преподавание и обучение,4.477
9883a07c301f26d,control,Дизайн,5.6226
29e068eae909b1b,test,,5.2377
4ec0b2dd2fc320f,test,,4.1948
24181ad06ba4ed9,control,,4.6679
30bd83aef536be4,control,Преподавание и обучение,5.8378
c03d2f131973476,test,Другое,7.6158
a5e6b6ed3bd1d24,control,,7.0641
e83c62e2ff3e2dc,test,,3.4548
d00f9ab3006ac09,control,Разработка и инженерия,5.7388
3e00a529af8f38a,test,Преподавание и обучение,4.864
acc015e5881551c,control,,6.0559
4a676ab74580ea0,test,Преподавание и обучение,5.3731
73c6d0c451d571c,control,,2.867
e0942c01b0cebe7,control,,5.2106
5e7ee42d4cb544f,test,,3.6721
43937f87308d296,control,,7.5602
684160becb3a9ef,test,Дизайн,6.8849
7627afd3ae17d02,test,,3.1411
fc2505229947d36,test,Преподавание и обучение,5.1076
efe5ee6f7127abb,test,,4.0991
743eec86b3f71e1,control,Дизайн,5.9687
d67ecb418c359e4,control,Другое,5.849
5f7f78d646d33ac,control,Преподавание и обучение,4.0204
843ff9925db3a2d,control,Преподавание и обучение,5.4831
80643f5db4b9770,test,Маркетинг и реклама,5.458
cfb05e36e3ec9ea,test,Преподавание и обучение,4.2928
87228c9cf94bd7d,control,,4.8639
7fac0e692afc449,test,,7.4945
34ad7d97f04fc79,control,,4.5323
5a3f53bbab17c80,test,,5.3943
e02b79ec1c98883,control,Управление продуктом,3.365
b777cd77dbfff67,test,,5.2463
6b3aac0b5ed567a,test,Преподавание и обучение,5.3158
6e228bb9580978b,test,Преподавание и обучение,7.8351
8f1903baf58f697,control,,4.0583
e745bf5af711ef6,control,,4.4365
a388bf242b0a0d4,test,Маркетинг и реклама,4.9733
dc43dbeebf8c226,control,,6.5399
7214bf9bb890091,control,,5.5068
e61e55c92c9cb7f,test,,5.9014
cac3eda1260c6af,control,,4.6658
9d5aa806143959b,test,Преподавание и обучение,5.5174
8f85ccb8e89a53c,test,Разработка и инженерия,5.0123
cca6ebc405d873b,test,,8.1384
eabf4a9ce65e7df,control,,4.2364
38f0a3c70c8df73,control,,6.0565
dc455108a445c04,control,,5.9822
94b5864491a1428,control,,6.6867
518d7b36c30ea89,control,,2.6694
3cecac6a9bd9154,test,,5.1858
d1c13943bbfd3af,control,Преподавание и обучение,7.1483
5378ca016f8b455,control,,5.3068
6caf10bcec9ad12,control,,6.3276
f100fa1a0389854,control,Преподавание и обучение,3.9465
ff82c3e8045c2e4,test,,6.2475
8014e341a3d090b,control,,5.337
505b000315f3e1d,test,,4.1509
12250aa106a530a,test,Другое,5.3224
49a228f72c26c0a,test,,3.6082
31abdde118e6bca,test,Другое,6.7361
f4cf03942ccf7d9,test,Преподавание и обучение,7.3109
c29d1bf68a321d3,control,,6.7308
789246c2173eff2,test,Преподавание и обучение,3.503
620f0e34d69169c,control,Преподавание и обучение,3.8633
efbf450d84af559,control,,6.0634
238ad1801ee3f3c,test,,5.2519
37509312b207aaf,test,,5.4893
54ea392556a1a25,control,,3.5285
f9fef7c9f27bfd6,control,Преподавание и обучение,3.8866
57949a7bf97ffe9,control,,5.6549
4d4d045bab20769,control,Финансы и консалтинг,4.9812
8b3fcd3eed78978,test,,3.2676
e931de59dafc3ca,test,Преподавание и обучение,3.9454
05adc302bca90cd,control,,5.7998
3dc75d999459c99,control,,3.5427
0da42693c63f2b3,control,,5.2103
40eb5886ebaec40,control,,5.7692
c35fe94b3bdefba,control,,6.2066
a2ffde3b99c8212,control,Преподавание и обучение,7.3782
8a1e5d49269f303,control,,4.2728
9f0c134b930faa1,control,Преподавание и обучение,4.6859
07cf2be57153a5b,test,,6.5946
226e16e28da1ecb,test,,6.0798
a6e1b53b3d6e269,control,,4.9839
dc68eba9cbf136f,control,,4.9958
9a25cb1eab60a7e,test,,6.1696
ab534deb0d4641a,control,,5.3309
a9f9ca7e3df6e86,control,,5.7836
b30861a3546abd2,control,Редактура и копирайтинг,5.0235
756698f08e0fcad,control,Разработка и инженерия,3.7969
9638ac694238333,control,,1.9813
c0b962812d68ab7,control,Преподавание и обучение,4.4301
72cbb0adc842228,test,,5.3462
56b3c4b57d0c59f,control,Преподавание и обучение,4.1136
51432cc618fd09e,control,,4.6342
994a2e9a1284683,test,,3.5333
12ca75782e085e1,test,,6.0057
f4c4279799a57da,test,,4.9488
af46332c7cc4141,control,Преподавание и обучение,5.7585
f5d2844ae58b409,test,Преподавание и обучение,4.3679
431773ddabf14f6,control,,4.256
b9cde9889600bf7,control,,5.7958
823fe9ee31b7917,test,,4.095
cb51373e63f4063,test,,4.5526
4c150818ecb9cd1,control,Преподавание и обучение,4.3551
8fca8e43c7fda94,control,Преподавание и обучение,6.202
eb444d79a76dd3c,test,,4.8678
a2cbe017e22cba8,test,,4.7788
e06b257ea79a968,test,Бизнес и предпринимательство,3.1448
98f053448b324e5,control,Маркетинг и реклама,5.1916
eae419361403a3d,control,,6.9003
59be53721862652,test,,5.8669
27d5ae92c02b2fe,test,,4.6524
603b09c247d1319,test,Преподавание и обучение,7.2887
e5972810d548ce0,test,Преподавание и обучение,6.4343
cc766231f21c116,test,Преподавание и обучение,6.5839
428e5b1fecdc551,control,Преподавание и обучение,6.702
efcfdb6a61d0963,control,,6.0875
a2b5e456bb01059,test,,4.7006
fb2c2732aa47121,test,,5.5155
63ce3af3d4086ba,test,,3.6593
0bfab209ce0c908,test,Преподавание и обучение,6.0077
fcee4dfb53e7f53,test,,7.4463
d9eda9cd32debea,control,,4.1151
9a3fffe2acb26fb,control,Преподавание и обучение,4.485
ad19fc662e99180,control,,3.6525
7f8e52213cb6362,control,Преподавание и обучение,4.8198
453268d019a8389,test,,5.932
3622ccce29f7d4d,control,Преподавание и обучение,3.4258
6c346cd41885e1c,control,,4.2898
9cbf0764fcf8117,control,,5.5615
bdc4e139dff349d,test,Управление командой,4.4571
170134f3fc454f5,control,Преподавание и обучение,5.9835
074bc45dc2b02f2,test,,5.1023
4d58c012dcafdec,control,,3.5021
00cdc44425ad23b,test,,7.0781
a75a14591d43695,test,Управление командой,4.9919
f5ce8f70234c8bd,control,,3.4037
b7c0e46ff4ab637,test,,6.1803
e36a84357c2867f,test,,6.3281
ce786785a8dd817,test,Управление продуктом,5.7722
59b7f0c86f3f1a6,control,,4.0646
d662b12c03f9719,control,,4.4857
58a31bb21b75273,control,,4.9625
5b15ae527c20a2f,control,,2.685
731d0176d75f9cf,test,Преподавание и обучение,3.7513
42a97672d05a95f,control,,5.1101
d42848fba5b1c81,control,,3.1685
81367f0cf9b4d55,control,Преподавание и обучение,4.2042
25d618d5d1a7383,control,,5.787
f8ed5a5fa010dd6,test,,5.0416
bd6c3b98bd51e73,control,,1.8504
c23165849365b1f,test,,2.8142
f2ed496919c5c63,test,Преподавание и обучение,5.9412
1077496b435491b,test,Преподавание и обучение,4.942
400f8c21066464c,test,,5.8596
9ccc8c7569984b3,control,Преподавание и обучение,4.1756
02292519bed56dd,control,,4.3071
b086cd4b44af811,control,,6.9065
8bb313c9923bef5,test,Аналитика и исследования,6.7226
90dea445edadfce,test,,4.1246
7d74f466061feab,control,,6.0763
1aa629031a3a824,test,,3.569
5bc3df32cc392eb,test,Преподавание и обучение,6.3714
8c0ba19465c1376,control,,5.3627
638b85d0ecb6ec8,test,,5.3785
ed8cfbabf7fcbdf,test,Преподавание и обучение,4.8821
69942d5bbe21bf4,control,,4.9668
5d77b5683dab89d,test,Другое,5.0779
14fc3f5d167a855,control,,6.1796
21de9313ff9edb1,test,,5.06
24b99d3153d56fb,test,,5.4672
0249c693a7ce462,control,Разработка и инженерия,3.8257
3e6cb6a211200f5,control,Преподавание и обучение,6.5005
150094f2204578f,test,,5.1851
5ffd54575f0e85b,control,,5.9379
4e0236e35f9c61c,test,Преподавание и обучение,5.631
83f68bb4ebb5de1,control,,5.728
0122c39a5571b34,control,Другое,5.4276
06cb16cf324e0d1,control,Преподавание и обучение,3.8894
aa9222b8842827e,test,,5.324
3af4c6b1266506b,test,Преподавание и обучение,5.9499
9b856fba27418b9,control,Преподавание и обучение,6.3816
caea5c1c160b9a3,test,,6.4009
146302ab96f44ec,control,Преподавание и обучение,7.0812
54eb3c14679e799,control,,4.3656
89872a8c21ac08b,test,,3.8669
f99528bb42ef3c1,test,,3.3765
8cd6bdebf9438c3,control,Преподавание и обучение,4.5474
0bf6841c57a08e1,test,,5.8972
75a6c1bfc545650,control,,5.9078
6badea6da0b1e3b,test,,3.4943
380d31cee22a258,test,,6.6858
2fe042d330385e3,test,,5.0414
b45cfd3f502c2ec,control,,3.0513
27aed4b0fb18412,control,,4.8473
b35a42ef92f8cbe,test,Разработка и инженерия,4.0201
1153332dc5e7b2b,control,Преподавание и обучение,5.6159
574ee0b264d163e,control,,3.2872
5a95e932c3be54e,control,,4.0365
21adbe8c1a34d8e,test,,4.1452
ad456c9074ce02e,control,,3.8329
db1e53b9de21017,control,Преподавание и обучение,5.4223
1ca6b7af99d8561,test,Преподавание и обучение,4.1841
b26176f03255fcd,control,Бизнес и предпринимательство,4.2651
716d95714bbf939,test,,6.2422
ce62f54ba9e3cef,test,Преподавание и обучение,5.3929
d9b0323b6f83e25,control,Преподавание и обучение,6.2885
d74ba5810840c65,test,Финансы и консалтинг,5.5635
6145af9a96704e8,control,,4.1102
a05a502a13231a2,test,Преподавание и обучение,4.9434
9646446f445f398,control,,4.5355
bda8acaae39a878,test,,4.0946
116f2bf803cf916,test,,3.3469
eb6f855bdf23b4b,control,,5.2385
811983563e3a2fa,test,,5.7964
b3e3f930d5489c9,control,,7.0917
606f9bf7056e1fb,control,,4.9093
efc67dedfb8ca34,control,,5.646
75554526aec29bc,test,,5.4192
48e166a1b956417,control,Преподавание и обучение,5.526
cf384a1acdaced5,control,Преподавание и обучение,7.0507
5245182e35e3b24,control,Преподавание и обучение,5.104
bd5f70d5b5aeeb5,test,,6.091
01cfeecd24b39b3,test,,3.9227
f9ea7d5390f0f6f,control,,6.3507
0d9484219f2f21a,test,,4.8657
993e0c2596d5c13,test,Преподавание и обучение,3.4495
280a904fb267b44,control,,4.1863
593bc4b04e5e726,control,,4.6482
e73a02451da7677,test,Преподавание и обучение,6.4186
542677eb269d279,test,,4.2525
b233b66770981a4,test,,5.2963
14e29f4d0c4d0a3,test,Преподавание и обучение,6.4851
55cc6e713de8a23,test,Управление командой,6.3131
4faf49dd015523d,test,,5.3637
6d8c2cded25bb76,test,,6.8918
3626f80df493926,control,Преподавание и обучение,6.2319
69108c469b8701a,test,,7.3327
a40ca134543425f,control,,5.7048
0ac6b43eef60434,control,,2.8321
2520a6a46d2cbc8,control,Преподавание и обучение,5.1832
ce96226f7c2532f,control,Бизнес и предпринимательство,4.1651
cbbc2cbc2385bdf,control,,4.5404
38be7ae42ba77d5,test,Преподавание и обучение,4.4605
3dfef0b7fbc1e49,test,,4.6477
ebacc1452ee0706,control,,6.698
075404bf2280ca9,control,,6.2529
ea30864bb191fee,control,Управление продуктом,4.9832
407d6a3151cbb68,test,,5.5391
1616815f5651c46,test,,3.197
45141bf17caccba,test,,4.3128
323dd2d8ddfcc8d,control,,6.5817
25548c15a66f774,control,,4.5095
dd43ca2d21deb6c,test,Преподавание и обучение,6.1659
7cb619289b58db4,control,,4.624
1954c7215a0341f,test,,2.8651
134964d4b69bc6d,test,,5.7949
f3c34ff638755ac,control,,5.6011
617feb1e0963259,control,,3.174
fa803a1311c10cc,control,,4.1106
22c69f8efc31ae8,control,,4.9704
3102b19dbec943c,test,,5.7104
44eaffd8fa2671f,control,,5.6373
b492beae399e60a,test,,6.9814
5590733a6986f3c,control,,4.6543
f4267a13d6092cc,test,,4.2302
ae0eb9c154b8897,control,,3.8681
2fc7b23781bfcfd,control,Преподавание и обучение,4.3238
06da7f1af6ac058,control,Преподавание и обучение,4.2933
6c3b997b9339249,test,,5.1501
bfa152870b43a9f,control,,5.4504
d247ccb594ffb32,control,Разработка и инженерия,4.9733
958dbc1db1ac547,control,,4.7888
4128c5945202991,control,,6.3189
73e1fa3014b85be,test,,4.8259
b463f107978fa62,control,,4.4795
75aaa0fe6e54dcf,test,Преподавание и обучение,3.6622
de004100221864f,control,Преподавание и обучение,4.9486
04b6bcbb353e60b,control,,4.8432
81e411cc1317c28,control,,5.5293
45a216b629be420,control,Другое,3.4667
f9919a193cc6da2,control,,5.2255
ac5540466ef9c3a,control,Преподавание и обучение,5.3495
c9923d54df6851e,control,Преподавание и обучение,5.5155
d42a874de65a40b,test,Преподавание и обучение,5.1383
92a0eff4ab7004d,test,,5.7447
13e95825c2e3e2f,control,,4.9263
1bcc5229ec79a9f,test,,6.675
cec400e8a528fa9,test,Маркетинг и реклама,5.8147
c3e86aab9688ae3,control,,5.521
993afed10c6589b,test,,5.8687
32c3e57138c679d,control,Преподавание и обучение,2.9188
d2788effdbc6db1,control,,4.6126
7f08ae5ce6053fc,test,,3.612
dd751a1c8c73cc2,test,Другое,6.6406
31e1ed59816dcd2,control,Преподавание и обучение,5.7644
f74fd73a67e9ff7,control,Преподавание и обучение,5.518
eb3360e1bed94b5,test,Финансы и консалтинг,5.8198
2b7bb54687dfe61,control,,3.2473
7d9ca7dc72dd402,control,,4.3703
737030126ffb368,control,,5.4219
1eb7e1a5a9001b7,test,,5.6712
705e46754649330,control,Дизайн,5.9139
8ef767f3cc73b50,control,Преподавание и обучение,4.413
e863d81a7138280,control,,5.7349
bafee5c9de32c0b,control,,5.9786
91f43403cba2b82,test,,4.4481
acd1ea326248b46,control,Преподавание и обучение,4.5045
49e4bdafbf45c48,test,,4.9035
b8ccb531b752cbe,control,Преподавание и обучение,6.4022
665cee8a2e9f5c4,test,,4.908
e142dc40cd5de03,test,,4.9309
9069145265ef097,control,,5.4898
16bfc0c5b3559c3,control,,4.9506
6a6455744441498,test,Преподавание и обучение,3.4362
a1b7fbb48796db8,control,,4.5822
ab0576ed0aba4d5,control,Преподавание и обучение,4.3981
fc16592cb24adc9,control,Преподавание и обучение,4.163
6411fb429dfc524,control,,6.2395
e52e9f561afb6a3,test,Финансы и консалтинг,6.8598
716d2ed9607e456,control,Бизнес и предпринимательство,7.1693
f18b3c0000a1cc4,control,,7.2884
0263108daaf6ad7,test,Преподавание и обучение,5.6642
defb10c196205d7,test,,4.4539
3f1bb16e284a9a6,test,Преподавание и обучение,6.366
a7bc8c4e7017984,control,,4.6536
b3fd20776a6d8d4,control,,6.15
bd482c29bd54451,control,,5.1327
972614fcd8d2685,control,,5.7799
a71f46e042ef607,test,Бизнес и предпринимательство,5.062
d968fd0102f1f54,test,,5.3033
4dd2ec1ee3d83af,control,,5.6541
123a7283ab5f700,test,,5.1201
02946586e0e8cfe,control,Преподавание и обучение,2.1915
d37bc4b2f4f413f,test,Преподавание и обучение,3.866
8203005f75de6f9,control,,4.9524
1160c7a2b3f6eea,test,Другое,6.4997
373741275087a2e,test,,5.1633
514ae867aa7fd87,test,,5.1758
0ac532ab5cabc82,control,,4.3273
a1974379df3b5a0,control,,6.801
0b278ee87f352af,control,,4.1014
a327001448099dd,test,,3.3093
8b124b3a222641d,test,Другое,4.6047
54aa201416e54a6,control,,4.2446
350f753df83a1ad,test,Преподавание и обучение,5.6105
e85f2e4fe30fc3d,control,,3.3563
8ff3003b509648b,test,,3.5326
000a138695e0470,test,Преподавание и обучение,5.9627
a5639d3057f9c13,test,Преподавание и обучение,5.8604
d972d62b43724ed,control,,5.8696
1d431a35b33c061,control,Преподавание и обучение,4.5345
85105f90dbe2772,control,,5.1914
dc5a3ca6eb5f11d,test,,6.2028
55fdf69bc618768,control,Преподавание и обучение,4.1542
72636144467493d,test,,4.8152
588dbbb2d03e4fe,control,Преподавание и обучение,5.8478
9dbfda99566388a,test,Управление командой,4.8912
f57f0ca979aad42,test,Разработка и инженерия,6.3211
87d1000c5ca121f,test,Преподавание и обучение,5.9314
4f4bc65e09e6349,test,,4.9506
65f6b35e25af939,test,,7.1058
b0e57d1f5433814,test,,3.553
3e1bcedf10abaa1,test,Поддержка и сервис,5.4577
2a0521f013cbe41,control,Преподавание и обучение,4.738
d1ad953a6384ec7,control,,4.4695
846bafdc3b769c7,test,Преподавание и обучение,5.1354
91aa199aabfb66b,control,Преподавание и обучение,4.0876
ab60c47b066c498,control,,3.0503
b8f0385eb28bd83,test,,5.2612
6a98c9f057eaa76,control,Преподавание и обучение,7.1243
ce51d33da5ace50,test,,4.4493
b44c9f3e7ddba14,control,Разработка и инженерия,7.4239
30073de7c87bf06,control,Преподавание и обучение,5.4378
bcf6793d22a629a,test,Преподавание и обучение,4.0149
8ab175aa2d2c99c,test,,4.7228
10c91a8bf7969d9,control,,5.1418
064ddd387301a2d,control,,2.0152
8c5062e46e66395,test,,3.9847
33ed83e8eccf987,control,Маркетинг и реклама,4.5733
2db1ff145a51e3f,control,,8.3116
6d9fbc99d5a9611,control,,3.381
d7bd647f200905e,control,,5.245
476dc6da3c45660,control,Другое,4.794
a971e5991e2815d,control,Преподавание и обучение,5.0413
748f39a1fde462c,test,Преподавание и обучение,6.1324
f74b8bd579254e3,test,,7.5503
a2e5299eec31a95,control,,4.8942
40a034f3471e17e,test,Преподавание и обучение,7.2942
0115b1546f8424a,control,Преподавание и обучение,6.7987
1b13dca642120b0,test,,7.3565
243f643c3d8d392,test,,5.8309
fbeb401d1d31aaa,control,,4.0454
0b143e02e2809ef,control,,6.5771
2aac0097f72f9ac,test,Разработка и инженерия,7.431
c6e8ff79faf4a97,test,Преподавание и обучение,5.7926
9e0460127654765,control,,4.6731
266a42effefbda1,test,,5.0377
b7097ff06373973,control,,5.6073
7394bb653120210,test,Преподавание и обучение,4.6663
6b025dc4abd8c74,control,,4.728
30fbf1bd43a7998,control,Преподавание и обучение,4.1742
b2d29525703def5,test,,4.4234
3e2e4ea91f1733e,control,Преподавание и обучение,5.4135
57d6d6ae45c43c6,control,,5.7097
9ff63f768aad646,control,Преподавание и обучение,5.9273
11de57279aeebe2,control,Преподавание и обучение,6.4533
ea860cc8694f6c6,control,,4.7081
d887d58e97092a0,control,,3.7212
a8ac8051525ef39,control,,4.5511
a4aa9245b37951f,control,,6.8518
762dcc178341fd3,test,,5.3029
c3e337d99e63a81,test,,5.5891
f5025d4f10c5805,test,,3.6088
08ba001d8a89ac8,control,Разработка и инженерия,4.7755
8c44d986ae6831b,test,,5.2956
cfed544f9ac7879,control,Преподавание и обучение,4.0956
1daf57f7703df77,control,Управление командой,3.0398
1ecdbdc3c7cb987,control,,4.2167
7ff4d1c9c5b6c8a,control,,5.5798
fce2f6be4fb359e,test,Аналитика и исследования,2.7338
cfd6fe28db1f5ff,test,Преподавание и обучение,4.8724
17f4597a7c1cdcd,control,Управление продуктом,4.1881
207319462d8975a,control,,4.9537
32c84ee00410852,control,Преподавание и обучение,6.0107
800883670d857fb,control,,5.5443
519712fdcfc34a7,control,,4.6195
98ab4bc55f1d6d4,test,Управление продуктом,4.5871
d7af382648fed8f,control,Преподавание и обучение,4.5181
5dd9cd20cc3a7e1,control,Преподавание и обучение,5.3328
a1835294a1e48c3,test,,4.8919
62de9a7e3312972,control,,3.3316
b658b87a8907e36,test,Разработка и инженерия,5.1511
a0b3e1003d36352,control,,4.5988
e05517eb77a3969,control,,4.375
4c47ee7ad90b13b,test,Преподавание и обучение,3.9701
1869595a654fb0d,test,,5.5849
912210eb85d79f5,control,,5.2
51f2aa9d160216a,control,,5.3948
4efc7bd082c8a85,test,Преподавание и обучение,7.2931
843c131edcd54f6,control,,5.424
c9cb48299d6660e,test,,4.5257
9b35b816be1a60d,control,,5.0913
ddfc605b90dbc22,control,,3.4841
96fa30335503f56,test,,5.6632
1c5bc1a8ec82fee,test,,5.6855
9a85ff8ccfd51d2,test,,6.7185
f343c39c7822247,test,,4.3809
a14ec70bb2c49a9,test,,5.705
0f4e6371f4d50f8,test,Другое,5.4412
23018123200e28f,test,,3.8721
2060a6db59f3dde,control,,5.4402
0925451b7b9163f,control,Преподавание и обучение,3.7069
47a7665aff7cdb8,test,,7.2068
53a56b6b138020a,control,Преподавание и обучение,3.7926
a4a46b8fbe36679,control,Преподавание и обучение,6.1052
fe5e46e38f18772,test,Преподавание и обучение,5.0719
c5c3888031ba9da,test,,6.1029
47f1398774697f5,control,,5.1456
d94e89643fec75c,test,Преподавание и обучение,7.0398
15d16486fa033f5,test,,5.4561
01c521b949ffd20,test,Преподавание и обучение,4.2455
53545db5b97be94,test,,6.4695
14f970981463fae,test,,4.4228
2367fb014fff599,test,,5.6838
c98fa98266fce22,test,,4.2469
7f7c12446feabae,control,,6.7542
5749352643e5d9f,test,,3.6019
1b93356708d433b,control,Преподавание и обучение,5.4918
2879705cbde4882,test,Преподавание и обучение,5.6572
f6501feaea44e02,control,Преподавание и обучение,4.6808
ed656a8a06cfe7b,control,Преподавание и обучение,6.291
fcb603cc4d4389d,control,,2.2691
641d8a462a737d2,test,,6.1364
f648f1f116669b8,test,Преподавание и обучение,6.8893
ed5c065cac79075,test,,6.8089
ae3f02863cbab90,test,Преподавание и обучение,6.3239
2b37a463da8d25e,test,Преподавание и обучение,2.772
0de345395b96dc6,test,Бизнес и предпринимательство,5.9108
3bf8655ce5a3e1e,test,,6.3526
96b3e1904bc917f,control,Преподавание и обучение,5.2019
a86647b9c9d1511,test,,4.1655
14f31995c34e6d0,control,Преподавание и обучение,2.7964
4e6757b0e971a44,test,,6.5046
2de6b819108db83,test,Разработка и инженерия,5.4656
22fe4d0eac66377,control,,7.0766
86af9d0e03e7f9a,control,Преподавание и обучение,5.4643
f7862ac577c5cb7,test,Преподавание и обучение,3.9134
85d62edb2929c59,control,,3.1084
2acfa22c1a2face,test,,5.1994
ea94b7c01122b3d,control,,6.016
313bb58d1c6ed05,test,Преподавание и обучение,5.9084
0668a09fd7b54f5,test,Преподавание и обучение,5.1679
000084ed1290c5d,control,,6.325
837219ffc46421f,control,,6.0545
72c423676154160,test,Преподавание и обучение,7.0368
8ae9acd70335dab,test,Преподавание и обучение,4.6503
f3500d5ff7dcd11,test,,5.0597
45911113151c17d,test,Преподавание и обучение,6.5456
aa37286e422ddaf,test,Преподавание и обучение,6.9323
6a79206e2d78da3,control,Преподавание и обучение,3.6399
d10ebc48a510260,test,,6.5799
ab6b159a95db0c0,test,,7.6487
914e2c798d87f25,control,,3.616
2edac80b57c55f0,test,,4.9253
bd5102e7cc52836,test,,4.7832
655eff3cfcea6d4,test,Бизнес и предпринимательство,5.7527
a67a95e192bcdb7,test,,3.1789
1424b8100e54513,test,Преподавание и обучение,4.3785
5d2027ff676cbb8,test,,4.6942
de75abb00733b32,control,Преподавание и обучение,4.0593
322f87b9a5c69e7,test,,3.9561
239baea54d97d20,control,,2.6605
98dea8ceea75cb3,control,Преподавание и обучение,6.1214
c6c65cb7ee0d9b3,test,,6.9477
2e71340d0121107,control,Преподавание и обучение,5.8396
b2c70a0a21e2712,control,Преподавание и обучение,3.5537
a89695f065269ad,test,,8.3188
fd5ccda78051b12,control,,4.877
2ceaaa2cded067f,test,,3.2113
a12418d67f45a95,test,,4.433
53c8e31805aee64,control,Дизайн,4.3117
b1b1bc3a84b4582,control,,4.5333
ff1aa3a9af1d9f7,test,,5.6697
fec531801f7e1f1,test,,5.1476
375d88dd08fe7d2,control,,5.3467
3f5fb9557090e79,test,,5.7544
a2ceebac24576c5,control,,4.217
2982e5fd671cd39,control,,4.674
1c5e3722d9277a3,control,,5.63
b3e60e18eeba57f,control,,6.4927
2127d40be92227b,test,,4.6071
5c64d0cddcb20e1,test,,3.8012
442edbce451ccf9,control,,5.5898
29d52c7c5fab4e9,test,Преподавание и обучение,5.4448
78cf9323e52871f,test,Преподавание и обучение,6.8308
dafc92a4044b69d,test,,4.0436
3b8bbfdce49c11d,control,,3.6928
3001f5b91345df7,control,,7.0184
abe3c5a68763ff6,test,Преподавание и обучение,5.1447
1ba7c2e67692100,test,,5.4481
e96d359e4a48f30,test,Преподавание и обучение,4.0818
a0c57253d3180d7,test,Преподавание и обучение,5.7672
a47e945685eedb0,control,Преподавание и обучение,6.3202
1fd5667db7adfa1,control,,5.2124
27eb1af3c6df217,control,,5.8636
c938c595340b76d,test,,6.3828
fa78d957a54c030,control,Преподавание и обучение,4.5284
1c9b510d91d94f9,test,,4.6751
b51182991048e9c,control,,3.308
ddfbadf141b08dd,test,Дизайн,6.929
e3b108c58592a87,test,Преподавание и обучение,6.3271
9aabd9b8b8d2b9d,test,,5.1713
fb5ae2aaf2f3451,test,Преподавание и обучение,4.3316
abeeabd5ec28902,control,Преподавание и обучение,5.7037
08dd67755b60aef,control,,6.1615
ce1fb223e75d738,test,,3.9467
8c464b06d23e0ae,test,,6.1309
ca1c8cf14a7f705,control,,5.4883
9adad34008f1875,control,,4.8498
02e8ee50e20b1ea,control,,5.5691
545df7c2523a169,control,,5.2154
7b9c19980262016,control,,5.9568
4c8af6dd5e9c14b,test,,5.4508
f4ae07354b83c2e,test,,6.8273
02722315133af70,control,,6.0157
fd31d3eefc7d265,control,,5.305
e8ae6c895d22d19,control,,4.7453
f67ea5f85b21342,test,,5.2209
78c6329dbdf67a1,control,,5.9429
01ecb244edf3813,control,Преподавание и обучение,4.6787
56462103fe36444,control,,6.2864
26aa798fa3a0679,control,Преподавание и обучение,3.6133
1de3610f36f2584,test,Управление командой,5.2589
632c82ad5676204,test,Преподавание и обучение,7.1193
5b5a240579d9068,test,Преподавание и обучение,6.7849
2714fc632074f67,control,Преподавание и обучение,5.0354
586925f06de638a,test,,3.346
155d2ee04b5e8de,control,,6.1448
d5d2f029cfe6bf9,control,,4.7979
612d0475324a39b,test,,4.3779
0e67b84db782701,control,Преподавание и обучение,6.4478
45840d6d01b0864,test,,4.3431
e4f856be8b0d367,test,,6.285
7c9873a6365cf13,control,,6.1793
26aa4747d207f3e,control,,3.856
073929bae7895d2,control,,4.6109
1eea6c7f569ba58,control,Преподавание и обучение,5.2639
185f52f46125826,test,,5.0058
2d9e02f341975de,control,,3.7953
4348e4543f442bf,test,Другое,6.2561
fc462b67e68ee02,control,,3.4733
6575d60998663b6,control,,4.2187
250fb0c3eb8d0b9,control,,3.4989
a5a10455b5a275f,control,,5.4084
8808c25900b70a4,control,,5.2917
94c242fd69ac927,test,,4.8409
0d6fd8a3abc0e89,test,Преподавание и обучение,8.6045
f7ce25272b93abe,control,,4.8689
d923525d9dd4a28,control,,5.6666
1a84ad9b5d8ac64,test,,5.3206
063923396eb8bfd,control,,4.2076
72da3c0f0645116,control,,2.4065
9518c28a3b5be3f,test,,4.1466
874718e1ea8c0da,control,,4.5646
45826d7b7dd5381,test,,5.2823
418790013a4cc74,control,,4.4033
661e6dd92063d7d,test,Преподавание и обучение,4.782
cf3e58d33b55404,control,Преподавание и обучение,6.8072
e67cb3137f2a6a9,test,,4.8133
be5edb7829dd95c,control,Преподавание и обучение,6.9592
35cf56893a5610f,control,,6.1081
9980a10cb531f76,control,,6.1337
19dfce607bd3bb7,test,Преподавание и обучение,4.5274
0aed0323f0dbb36,control,,4.983
d9fa4240bdb409b,test,,7.2078
215e067d7af78ec,test,,6.8349
9afe98e6ffd5d12,test,Другое,5.9339
f4f4f8ec485276c,test,,5.7452
7c5ee7b2c7071c6,test,,4.6174
6c363765827a8f4,control,,4.3776
0d61ba8a1989816,control,Преподавание и обучение,4.9213
a10fa8071e70348,control,Преподавание и обучение,5.4755
63748bc412a4bc0,control,Преподавание и обучение,3.6335
3de2ee7b4a670bc,control,,4.2979
8bfb16c17da63e7,test,Преподавание и обучение,5.9129
990aac87095310b,control,,4.634
bf6cfb2ad8299e1,test,,5.6772
9de6eca14b27258,control,Редактура и копирайтинг,4.3527
cd3e244438b38a4,control,,4.6901
c524011121e662d,test,Преподавание и обучение,4.8322
76198a0500463cf,test,Поддержка и сервис,6.0153
d203e6dc249251a,control,Другое,4.8824
d345f94b4437315,test,,4.8659
27eab04a4fc97e4,test,Разработка и инженерия,4.7498
09b52919b450304,test,Бизнес и предпринимательство,6.8806
ac4beae0753b320,control,,3.682
d2b9e95cc518ca6,control,,3.8317
94892ac2b996f87,control,Преподавание и обучение,2.769
747eb698d978d74,control,Аналитика и исследования,6.2995
4f511cd95233142,test,Преподавание и обучение,4.6189
b833a3ebab799b1,test,,6.4428
1a7530996a5d6ae,test,,6.4751
348d01d79bb5f71,test,,5.9474
cf0e59622b4a682,test,,5.6112
fdfe389ccd20a49,test,Преподавание и обучение,5.805
cf0f19194a031ae,control,,3.5743
736325912ad01d6,control,Преподавание и обучение,6.1705
3eeae70dbd94360,control,,4.4585
31bf94cded95151,control,,4.087
d70a039c13b429e,test,,3.467
46677d5215dcbcb,test,Преподавание и обучение,6.6514
7a9a5e4ce454667,test,,5.3669
00a788c71624309,control,,4.8116
39a35dd9ff0a449,test,Дизайн,6.7728
a60e8234ff8e4e9,control,,5.4303
f63e29e7580f28e,control,Преподавание и обучение,2.7586
6bd76fed57456aa,test,,4.4906
f22e0d05a2b9ba7,test,,4.4484
0eacb3cb872393b,test,,6.6415
6f1e39f44b3f334,control,Преподавание и обучение,4.7476
ca84024943b4f3e,control,,4.9643
8f024a454d026cd,control,,2.82
d5e890cfb8f81b5,test,Преподавание и обучение,4.2535
e73259c30bd42c4,control,,6.9173
b288d67d5031b61,test,,6.9456
ef0ccc2cd9f59e1,test,,5.0847
5c7ac4370c6adfc,control,Преподавание и обучение,5.5116
5ef95fe9ec3d08d,control,,5.0807
dd6bb193d3a919d,control,Преподавание и обучение,4.309
462280395a50e47,test,,6.6137
bf6e6172d0f1658,test,Другое,5.3237
ce50dd76d640d98,test,Преподавание и обучение,4.9021
ddc6b6c76c85902,control,,2.8048
e4df118f5010184,control,,3.7161
8c051ba5d6b9900,test,,6.8141
5959a8bed4b9fd7,control,,3.5047
71004d3e820441e,control,,5.6544
466cad1403e57c7,control,Преподавание и обучение,5.0607
4bb5b053c5a5bda,control,Другое,3.3942
cf9db313812b83b,test,Разработка и инженерия,5.9097
2191dc7efef4c2f,test,,6.0162
3da581cd4815914,control,,2.8021
d652e2d4f2604e6,test,Преподавание и обучение,2.9662
db4c1fefce57d14,test,,4.858
5ba9ff40a16586a,test,,6.7999
de413b47d7415d2,test,,5.5274
8ab1ea312771c47,test,Преподавание и обучение,5.4276
dd38e8b1ccde723,test,,5.2927
97c82869f9ccd48,control,,6.0952
56d6b4108e680f8,test,,3.9859
17a4ddd03d27282,test,,6.332
29dacc93c3d6128,control,,3.1256
a285021e1934470,test,Другое,3.6727
3e8332982d2c511,test,,7.3926
d59f291eedb1916,test,,6.7899
1db5a7a30863b95,control,Преподавание и обучение,4.0864
c7bbd05308407e3,control,,6.8157
9d3985051f95d77,test,,5.6157
d633d19ca8fece5,control,Финансы и консалтинг,4.9008
162135189ce4312,test,,6.5521
cb13beda8557014,control,Преподавание и обучение,3.9276
d9816fecbfeb336,control,,5.3648
f8f0720880584da,test,Другое,3.628
d35491de477e3f3,control,Дизайн,6.1675
7cae7b9ec67c81e,test,,4.6812
732943d849a4101,test,,4.04
423faf3b7c25ce3,test,,4.7278
2add4bf0e51835d,test,,8.1714
ca6654f3018e1b3,test,Преподавание и обучение,4.7023
269961acb27ed57,test,Другое,4.615
03a7c47709150ce,control,Дизайн,4.7904
d37348e0022c341,control,Преподавание и обучение,5.2434
5a99b31f670a0b7,test,,7.2822
6d4da843dbbae22,test,,5.6705
c22d28f042f83cb,control,Другое,7.4494
e25e8868e62258c,control,,6.0183
f62f276ea7b3437,test,,5.5929
138e90d7b1b6a5d,test,,3.1638
76764e40a86fc74,test,Преподавание и обучение,5.3487
a6e250deb7cb2d1,control,,4.5023
1b1aa28d6dddebd,control,Другое,4.8455
8538a17ee3da7bb,control,,4.3559
07bc3dbb608a59f,control,Преподавание и обучение,4.8091
f01348824fa0d62,test,,3.8571
b6fa2d89c27a7f5,test,,6.9271
eb5aae44f0a87c8,test,,5.0218
8183f6a711fda7a,test,,5.7195
f4d90bbca99d024,test,Преподавание и обучение,6.6164
d17355c0bc9187e,test,Преподавание и обучение,6.4863
bb832583fd8fa02,test,,4.8147
4a12535f23bb7ba,test,,3.8863
a14f2433ab342b5,control,Редактура и копирайтинг,4.8152
de90339c6b306ed,test,Преподавание и обучение,6.4762
3bd3877b29d88f7,test,Преподавание и обучение,5.8792
70f665c5631ae6d,control,,4.8079
e8ad0c023dcf28d,control,Управление продуктом,4.4436
6d408f467fbb73b,test,,6.0784
e267df463346677,control,Преподавание и обучение,6.4608
bae87858e63b4cd,control,,6.0038
1b3b9b47942c743,test,,6.362
f0ac5167d84014f,control,,5.8235
723d016257f2ccf,test,,6.1336
56350e3d4813590,control,,6.1444
6c305cbc8206aab,control,Преподавание и обучение,5.2489
8cbe5097e559c7e,test,,5.7873
33e78a6bd3af3c9,test,,4.8469
e94808337c4deea,test,,7.6253
0571b0c826b1971,control,,4.4441
f620cd0081e3f4b,test,,5.0328
ebeb07e1b754f19,control,,4.658
251fe86c4773728,control,Преподавание и обучение,5.68
b17b1be680e2505,control,,6.2443
4f03ef0d449ab9d,control,Бизнес и предпринимательство,2.2577
6904ede459911bf,test,,5.0884
9165399857c8a1c,control,,3.2769
93f5aa5bb908f68,test,,6.9038
50b95e118c56cb5,test,Преподавание и обучение,6.0404
9c8e41c0f39dbf9,test,Другое,6.5258
8aa4b0fed531948,control,,5.7242
cf53d9e01b63502,control,,3.5733
faa4836aeda3887,test,Преподавание и обучение,5.3394
911650321e614ca,test,Преподавание и обучение,3.437
befdd3b44f084a3,control,Преподавание и обучение,3.9146
48ba1fb34253e85,test,Преподавание и обучение,5.6202
67cb7f07b32fc5a,control,Преподавание и обучение,5.7366
a97938bd158aa10,test,,6.6615
a717124f75b0608,control,,7.2691
71dae5f02904ed5,control,,3.2298
e6a5971739a0b18,test,,6.3267
cfea55f604e24ed,test,Преподавание и обучение,6.3107
1bb9a675f78e36e,test,,4.7366
a7e04b0f79b4eec,control,,5.4175
6c92598c3e9e709,test,,6.6898
342620dd728bb08,test,,8.4169
83df9d745ff89c8,test,,4.8179
ac4d00cac3fd1b0,control,,6.5393
880e35071d772df,control,Преподавание и обучение,4.5279
e3d8a209c16dba2,control,Преподавание и обучение,6.0264
b723cf1fa43db85,control,,6.0361
3f86b40c5daafd5,control,,4.7416
26fa3737395bbd1,test,,5.9734
dbb724b6b1b5bb6,control,,5.7941
fc3f3b61384b943,control,,5.1552
d41ad7fc405e8ea,test,Другое,3.8132
e21451f02522246,control,Преподавание и обучение,7.7621
7665e5cbe6cd5d0,control,,6.3364
d371fc5e7a18bc2,control,Преподавание и обучение,4.8328
154aaca869cd410,test,,5.4942
a1b72fad45f2c43,control,Преподавание и обучение,6.2431
fc95cd6eeb0c428,control,Дизайн,4.9898
63dda0609942ffc,test,,4.2538
8ad18f4aa349e4c,control,Преподавание и обучение,4.5159
99795216990f880,test,,4.0447
02f33b6a972bf6d,test,,5.8606
f5ac84127a2c525,control,,6.8033
5393208a13ae2de,control,,3.8534
bc40aa6ef22b25a,test,,7.2506
ec9ae255e76d6d2,control,,6.8864
0fed7ecec777656,test,Преподавание и обучение,6.0934
e0a0a5594291354,control,,5.1936
ae6d72acdc1be51,control,,5.7302
c91f39964a1f899,test,Преподавание и обучение,4.7852
990646f79230698,control,,4.0008
dc50408ed51b1b0,test,,6.6958
80dac748bc485e6,control,Преподавание и обучение,4.9172
365051fe27c264c,test,Управление командой,5.5972
350da7837537f9e,control,Управление командой,4.7688
af2d43795b544eb,control,Преподавание и обучение,8.6211
9b9146d99d2754a,control,,4.7965
6e35ee4d7e59920,control,Преподавание и обучение,5.3019
28cb27051cf8496,control,Преподавание и обучение,4.0627
c56453594c48d4e,control,,5.113
cc70feb3c998c0a,test,Преподавание и обучение,6.9096
4fd0e421311a5e0,test,Преподавание и обучение,3.7492
da58a549d2496ea,test,,4.7817
b29f239743d7c43,test,,6.8461
76b97812e279de9,test,,5.8337
87a0350a2a0093d,control,Другое,3.6789
c7e6343e9ced83f,control,,5.8079
542a8638365b32a,test,,4.9441
cb644294a9d649c,test,,6.0834
61e0be6d78fd797,control,,5.133
635cd7b566d010b,control,Преподавание и обучение,4.6465
3737abb4a7d4335,control,,5.0629
40ba021dbb30d83,control,Другое,3.5224
4ea4710e54eeafe,control,,4.2551
7e4bad9377af218,control,,4.8541
77c3bd286d075f7,test,,5.4637
d741e16f1021d7c,control,,3.8077
30945daf5acd954,control,Преподавание и обучение,7.1535
7ba3166bf9c48e1,test,,5.0333
ed46db4bbdb71d5,test,Другое,6.3236
4c467a513573259,control,,5.4822
37ef4e7f8cb0a3b,test,,5.5379
548a3428622b171,test,,3.3909
3401313d7705202,test,Управление продуктом,5.3065
375c6d3ebe40140,control,,5.2671
e58236335c058d4,control,Преподавание и обучение,7.0008
d19ee8ebeccce78,test,Преподавание и обучение,6.7821
6b52a07fca26330,test,,2.7412
de69c1210b426eb,test,,5.7038
f2a1b4f23da0255,test,Преподавание и обучение,4.2017
633db01920e7d53,control,,3.3724
cc3255431a00e54,test,,3.8156
ea2890f7461fb50,test,,4.4322
af78c9cb0b28b6b,test,Другое,3.8191
ef220f6ad6d2f7b,test,,4.6145
2bf55cde893f43e,test,,7.8888
17664ece907589c,control,,3.0718
debe09c7c35ca59,control,,5.0071
ec8622cb6099ee3,control,Дизайн,3.272
5b7b05f42dfbb11,test,,4.8228
b1cf7cfa329e559,control,,5.385
c68dbfbc16cb200,test,Другое,4.5553
1d9f0309519bb41,control,Преподавание и обучение,5.0129
5114bae50aa1cea,control,,4.9929
588ea737153ace0,control,Преподавание и обучение,6.4947
b0ee91b29305392,test,Преподавание и обучение,5.9976
e6d7e1a6d9c2451,control,Преподавание и обучение,3.5177
146a0d6e4d5c9ab,test,,7.5553
8482246999e2b68,control,,7.1965
bb632f7906463eb,test,,5.4725
e3c54661ae7f035,control,,3.6587
fa9a8c38601e5a1,control,Другое,3.8768
2c08ff8a306a323,test,,4.481
6ffeef551297aa7,test,,8.3973
40be2ff64f8b4d7,test,Преподавание и обучение,5.7168
2fc854b799c7f14,control,Преподавание и обучение,3.8287
c65aef3642e99ed,test,Преподавание и обучение,6.1517
59f4de6d7f26783,test,,3.0648
8fcc025cb767c50,test,Преподавание и обучение,6.047
60ebfc537f1bc00,test,,5.5691
0866a2a129ce473,control,,4.7234
0fb34931688bc22,control,Преподавание и обучение,4.5566
3bd56896a8e532a,test,,4.1409
e2270ab81e7c000,control,,4.3366
d20e4cc94676fee,test,Преподавание и обучение,5.2997
e0313ca04e1e469,test,,6.7971
ba5a612d29df37f,control,Преподавание и обучение,3.8362
f4a5127ded99429,control,,3.1928
630ebdab971f723,control,,4.7499
92b9d0e0c406198,control,Преподавание и обучение,4.6512
2de09dad37f1a07,test,,4.5632
b36a455679832bc,control,Другое,4.4732
4b5da6210f98597,test,Преподавание и обучение,4.9933
7952cb3cf37d521,test,,4.3291
1ee3d2ca2a9a20a,control,,5.067
9c30fc86e5f6151,control,,6.4864
de4b7efc35f9349,test,,4.5469
c575e2b46084fd8,control,,5.9985
c4281ae754f7f5d,test,,4.0285
4f90e18e1c13b5f,control,,4.8627
6104dfb98c88016,test,,6.6228
4e1736956de3934,control,,3.7733
fbb7165f393ea33,test,,5.6741
b86900ca0affffe,control,,6.8188
39bf3b98ecb9a16,control,,4.3382
b61ea39d8d27ce6,control,,5.3073
94524967e36d12b,control,Поддержка и сервис,5.9062
73c5d0a708618c9,control,Другое,5.8238
e51c3c6416a78f1,control,,2.8594
8be9cc64ac01229,control,,2.5884
45bd6c159318d44,test,,5.113
3724b5d25bd8b9d,control,,4.1604
4c85f071ea44ff1,test,Аналитика и исследования,5.1556
bc2d4adb0d3f57a,control,Преподавание и обучение,5.4144
9636b7236595c9d,control,,3.5356
c501b6e83a3c591,test,,3.2545
123976b739e85f8,control,,4.9405
c1283329cccb895,test,,6.1825
f33158974ff5591,test,,4.0242
812af554801ec0b,control,,3.8177
959ec70d6c24fab,test,,5.0051
4c3e937958fa240,control,,2.2538
6ca2d3c148a39c3,test,,4.3989
c36860f15056bcf,control,,5.0528
8b17c53d41ae7b5,control,,6.2643
28d6053bff61765,control,,5.6381
0e3c7ad68763f23,test,,3.8693
b410b81eb5e99d8,test,,3.5408
a423be0a88c6570,test,Преподавание и обучение,6.4847
5397991b5fc821a,control,,2.6641
f2969a26b769066,test,Преподавание и обучение,5.4674
3f953d3b36361b2,test,Преподавание и обучение,7.4096
5e9dd85632e6899,control,Преподавание и обучение,6.1261
31325614df17e62,control,Другое,4.8779
5ebcff8ee2df920,control,,4.6782
c4c85e81edc82a5,control,,4.6985
076980b803ebc90,test,,5.8562
8bf574f33d804fe,control,,5.4289
fe38589a71f1ca8,control,,3.3936
105ca81a31fded4,test,,5.2229
d1c35c6a54d592e,test,Преподавание и обучение,6.0281
dddafd4a508a87a,test,Преподавание и обучение,6.933
cfe73152ce8d819,control,,3.831
a6fd050b274542e,test,Маркетинг и реклама,4.5951
795a2a32ce1279f,test,,6.422
2def2ee5bf44a07,control,,4.933
d23ab9f9c9d47d7,test,Преподавание и обучение,5.466
98a8597554b10bc,test,,4.6609
b774f9f6a424a03,control,Преподавание и обучение,3.7836
747f8f013a67bd0,control,Преподавание и обучение,3.9513
26d274080471113,control,Преподавание и обучение,3.5689
2f3529f258f5a67,test,,6.6014
f9c48ca079a7218,test,Преподавание и обучение,4.2663
80a43b9cffdca1a,control,,5.2062
1db1db96ce36e53,control,Преподавание и обучение,5.3786
81344da45dbedad,control,,5.3514
e8f16bdfcd504ff,test,Другое,6.7382
4fa9bf7b0d72786,control,,4.974
f051729cb16ea19,control,,5.7421
bc2ec76daddd763,control,Преподавание и обучение,4.5743
3ad2e3433c3a489,test,Преподавание и обучение,7.4491
f92f429d14f33c9,test,,4.9661
4acb8285395f2c3,test,,4.3839
0ce23a73d0bcee2,control,Аналитика и исследования,6.8821
d1bb1736d6236c2,test,,5.3626
3c947b9a48602a5,control,Преподавание и обучение,6.5219
9b72d754ea315e7,control,,5.1366
7594a068a2e4ed0,test,Преподавание и обучение,6.2786
f6bd7355e139833,control,,4.3352
d130ba727512b64,control,Преподавание и обучение,5.2966
0daf4c345f3ec8c,test,,6.931
ec4ee0c8596ba17,control,,1.4888
47c5228018aed02,test,Преподавание и обучение,5.721
705ed85efdf8d14,test,,3.9684
aff4e00716dbbe9,test,,5.5503
7acaba6075eb957,test,Преподавание и обучение,4.398
696110ba4db9ee3,control,,4.5557
06874fbb39e4d0c,control,Преподавание и обучение,5.5175
4d7d0c78c995a28,test,,4.6152
9c35f2216e59a64,control,,5.9251
c22545caf8e07c3,control,,5.6878
04860659b128b12,control,,5.5816
1f6b04e91e5cf2a,control,Управление командой,7.608
f3d202b0de48762,control,,5.6507
dfc48cc736338a4,test,,5.8982
23165c2c477a030,test,,5.3945
9b95d3d0ff49e1b,control,,2.8145
8ea91554a631117,test,,5.5804
2c5044d3cfc5ef6,test,,5.5447
aa333bf28f72c6b,test,,5.3455
5ca94f5e42e3970,control,,6.6227
f6a0d81d3baa220,control,Другое,5.4214
4f481fec59bd1a5,test,,4.2285
7e29ffe95ed742f,test,Другое,5.5134
3b667f1ab73b4db,test,,8.6208
b2e2dd6f7968df2,test,Преподавание и обучение,2.8372
becca08ba9832fc,control,,4.7106
a9a617def25ec3d,test,Другое,5.9188
3790ef30b8ba4c3,test,,4.4066
2744c077bb6957b,control,,1.7539
9eee5095c54cff1,control,Преподавание и обучение,8.0874
f2cc6eb17e096a2,control,Преподавание и обучение,5.1434
1d4d239dc887a8e,test,,7.1603
1d2f9bba733ba8d,test,Преподавание и обучение,4.3257
97833403b1c8c22,control,Преподавание и обучение,4.7368
4129f738152d1db,control,Преподавание и обучение,3.9445
fa652f1fad7d831,test,,5.3569
2cf66c0135a079c,test,Преподавание и обучение,4.4216
d87938b0d37c568,control,,5.8076
df8d74d605fe847,control,,6.6575
c5bc76cb04a08d9,test,,5.739
8f3fdea5eb4f310,test,Преподавание и обучение,6.6159
34558b5a5da615f,test,,4.8974
12433710ea3dc9d,test,,6.2836
e21bfcac8b3e146,control,,4.281
5ec8b17e96ec138,test,,6.0055
f6bd8c95712f991,test,,4.7236
a2f4c93798af3d5,test,,7.2434
fc6c2d73edf555d,test,Преподавание и обучение,3.5557
7f32bb57f859904,test,,6.7577
b0c5d47b17b9ac7,control,,6.5122
9c3478ccb11137e,control,,2.2046
68b4eca3e5c2dbf,control,,3.3501
08328b4521ddcf7,control,,5.5506
73452a8254f35df,control,,5.9363
503366e904a9dcb,test,Преподавание и обучение,4.2432
2f9489e1cee5b69,control,,4.7835
648d30132e88bf5,test,,5.2261
10806330c6b6644,control,,5.5975
cc5b3b52be04932,test,,5.1032
f6b17359321b5a0,test,,5.5714
8164fbe20afdbcb,test,Преподавание и обучение,5.9531
59ba61d99f41428,control,,2.9246
fea069b10c061b7,control,Редактура и копирайтинг,4.1895
51a23dd92d1ec2f,control,Преподавание и обучение,7.6169
a95ab5a8b66ac3c,control,Управление продуктом,5.4577
6ba964929240bc2,control,Преподавание и обучение,3.8169
9170762cbd8be6e,control,Дизайн,6.177
f9d0614904c520e,test,,8.207
282336ea1074457,control,Разработка и инженерия,5.8627
144e5d9b97cdad9,control,,3.7451
e19ebdd9e0fafb5,test,,6.6809
c8185e7444c5834,test,,6.4451
865bd1bb8b568b7,control,,4.4156
8c8764aaa05b8ef,control,,6.5782
a13b4e2a0d39473,test,Преподавание и обучение,4.7256
354c85e528c3b59,test,Преподавание и обучение,6.0269
fab3b8630a65914,control,Преподавание и обучение,3.036
cc24e69d999eebf,test,Преподавание и обучение,4.4252
c53d7bcc64ac60b,test,Другое,4.684
d474166b7c981f4,control,,5.6725
f840b44b098a1a2,test,Другое,4.8455
1c450e727f39b6a,test,Преподавание и обучение,4.8838
eb95573b22a5bf3,test,,5.4988
18d45cb00da751b,control,,5.006
0c161588bd42415,test,,4.8628
c77395cb55ea183,control,Преподавание и обучение,3.7052
6f67a5bece93543,test,,4.3554
246a64b4f3abb64,control,,5.9809
45461d6960da524,test,,5.6758
a020cda537de810,test,,5.5489
82aa6c56dc8f84f,control,Дизайн,6.471
a3801af5376b8f5,control,,4.9889
27f674224da7e44,test,Преподавание и обучение,4.3232
5e9a7abad0501b7,test,,4.1613
9089922b975c215,control,,4.5709
c0ed554370ca856,control,Преподавание и обучение,6.4325
3ba42c2075e52aa,test,Преподавание и обучение,5.8578
0f3fdc336be1b48,control,,6.1831
59e95fad29c42b5,test,,6.5725
87d4d5183949bc2,control,,6.2267
1141a7527700b91,control,,3.312
41854e9a3c0c6b8,control,,4.9623
d111f84fa5330be,control,,4.505
830fe4277959fe3,control,Преподавание и обучение,6.6613
81dfe0c00828f7e,control,Преподавание и обучение,5.7357
9b9ff15849ae97a,control,,6.2137
5d7bd51b06b89e4,control,,6.3329
54f5c09b838d425,control,,5.4719
2fa330967ecbaa0,control,,4.6529
9b226be3cbde509,control,Управление командой,6.4932
ad3533dd3332e62,test,,6.0295
66ec4a3d6e5ff96,test,Преподавание и обучение,4.9525
b56f8e0bc76ee33,control,,4.2607
855c597547b3278,control,Другое,3.526
749cb41b34b9d64,control,,6.7385
324077ba1065fa0,test,Преподавание и обучение,5.4118
4152f5817976184,control,Преподавание и обучение,5.6305
6d764c61fe73215,control,Другое,5.6736
4caae6bf08d4089,test,,4.3995
381c6ca4431abfb,control,Преподавание и обучение,3.1905
3ce2c79d29ef18b,test,,6.679
5e0d57beb12e7fc,control,Преподавание и обучение,4.9341
6c5cd3b305eca6c,control,,4.9244
c82a4e4c59529e6,control,Преподавание и обучение,2.4556
e76c985ead609b5,control,,6.3254
3078ee8c8023885,test,,4.5556
025d0712fda54b1,control,Преподавание и обучение,3.454
751f2999d284298,control,Финансы и консалтинг,4.4509
c8acd2277d11226,test,,6.8568
37f19e80f0aa603,test,Финансы и консалтинг,2.963
68fc239254283e1,control,Преподавание и обучение,5.2346
bb6c1158c055741,control,,4.1304
521c258d9341f2b,test,,4.6622
70c79363cf062b6,control,,5.7737
14e64a07603488c,control,,5.263
fe5e8857d5efebb,test,,4.7506
347be603f79ec50,control,,4.0873
2df1a7cf0231837,test,,7.5812
647d4e64edbe431,test,,4.0968
097e1ea2b57999b,test,Преподавание и обучение,5.3283
60c86377a2d0ef4,control,,6.2516
1e3bb28f83df404,control,,5.7042
7656732bc0b37a3,control,,5.878
9d802e7d3c492b2,test,Преподавание и обучение,5.5114
3326c4b25514758,control,Другое,5.6102
34cb1b751b59a37,test,,4.8719
0c8d41b60ca301f,control,,3.1357
1d89420d618d199,control,Преподавание и обучение,5.9629
3b591283a97de2d,test,Преподавание и обучение,3.9031
5a420a1545ebc68,control,,3.6876
6d5c59501c8faec,control,,5.7121
a2421c801fdaf8b,test,,5.5722
a34905584d772c0,control,Преподавание и обучение,4.7366
8c058de9575785f,test,,6.4111
e00244cd6a8dba9,control,,3.5626
ecda06684b2b6ae,test,,3.9098
2eeec1b21e10261,control,Управление командой,3.8181
f017535bda2e789,test,Преподавание и обучение,4.1903
d4468746b271cd5,test,,5.7048
bfd746edb13a927,control,Преподавание и обучение,3.0699
91989aa375eb57f,test,,4.8905
e7f5a5eced5632c,control,Другое,5.8464
3afc0b75a21f45d,test,,6.5038
2aa3e831752cba8,control,Преподавание и обучение,5.5011
d697285361be6bc,test,Преподавание и обучение,5.7597
4bbf886b87ce794,control,,7.9981
db29e85d207651a,control,,5.4257
1367cc9d5cde2ce,control,,2.8819
c76f21a0c2866ec,control,,6.2168
ab71731c9766810,test,,4.8104
b1db4de33b35294,control,,3.4462
52ebcc2859332b2,test,Преподавание и обучение,4.9602
29e4cbbdce1a9a5,test,Преподавание и обучение,3.6865
37e1ce0f5e98556,control,,5.2678
139a6a8717ffa7c,test,,5.6303
c351e596ba60159,control,Другое,6.8141
1677ac41f3c85dc,control,Редактура и копирайтинг,5.2741
5b664c2c38b99c0,test,,5.0554
5d963f1715cf47b,control,Преподавание и обучение,5.6344
de946525dbc1bfe,control,Преподавание и обучение,4.059
4e7b0a849dd6d3e,control,,4.3976
ce32be6ad6778c1,control,,4.1462
90334d47adc016b,control,,5.8381
08dadcaad047500,test,,4.4616
a8f5adcc0f17fb7,test,Преподавание и обучение,4.4685
0cbba3e98b06fd5,control,,7.0474
b9bf324444b8d8f,control,,6.6537
3d8944248ffd379,test,,4.9398
dd5cc6c3e13d6de,test,Преподавание и обучение,5.4442
926d542a50dff60,control,Аналитика и исследования,7.813
28ae374bb9d43d4,test,,4.8726
b704fefc78ba2cc,test,,7.6447
b5dd79df4d821c9,test,,5.7752
4c9abded304703d,test,,5.1545
656f6d09badc272,control,,4.4456
87147cdb0ea92d9,control,,4.712
82f8dc4300888fb,control,Преподавание и обучение,3.4995
83a97bccf9267f0,test,Преподавание и обучение,4.99
78f0a91d0ab069f,test,Преподавание и обучение,5.5856
83d192f46db9f59,control,,2.6443
4e5c22d27b968b8,control,,6.8494
57adcc9e5f82228,test,,5.2829
15c7f4f18f95c43,control,,5.1863
1801cd0841a64ba,control,Преподавание и обучение,4.0479
0e78a97456e89de,control,,3.9571
70d229f1dff24ad,control,,5.8323
da83161d92ba89a,control,,4.6133
34892ac68a3e255,control,,5.7184
b039ec4f8a83f37,control,Преподавание и обучение,5.5007
08ed7a32f319c12,test,,7.2599
57183629a26a021,control,,5.3509
f036720c7514a18,test,,6.3835
9d2723d7219fb04,control,,5.704
c1d20fb9f7863ec,test,,4.8339
5b65f4f8939ec34,test,Разработка и инженерия,2.7946
4030f3effdbd660,test,,4.0181
15884d274d84af5,control,,5.1067
9cfef17bec0a378,control,,4.1238
6945a36dbd117d7,control,,5.6913
ced22d95e60b41d,test,,5.9567
e6498d90069f4d3,test,Преподавание и обучение,3.9509
c1bbe203bf4220d,test,,4.7127
9b7c225de5b1c65,control,,6.6251
58a038336896ef5,control,,4.8539
fce4e05aef135f5,control,,5.1402
f7e8d2655b5838c,test,,4.9961
8c99cadacf8e9b4,control,,5.1709
a3644603a823869,control,,5.9597
6fed1def363e147,test,,5.1438
9da9063d9adcbee,test,,4.1445
0775550f00ca7cf,test,,3.8481
40ad5db3736af6e,control,,5.9398
156ebb8b2a04f7d,test,,4.32
59dc57fecdd15bf,test,,4.2545
a8d39fc627dc69f,control,Преподавание и обучение,4.5445
566bb4a8d746da2,control,Преподавание и обучение,4.5716
05ba7c55f33439c,test,Преподавание и обучение,5.3628
00a2175faacd288,control,,6.117
3c7b55ec0219d37,test,Разработка и инженерия,6.1104
71e98fc0ed90306,control,,4.364
af1d606e692e800,control,,5.5501
c32fb006a21d75a,test,Преподавание и обучение,5.7906
3fe8437bcf590eb,test,Управление командой,5.8541
2df903d3e110a6d,control,,6.0483
d653918fdb469d9,control,Преподавание и обучение,6.7806
11935b442638e81,test,,5.4474
ba2922f62ea6bf6,test,,3.8519
6118d729995489b,test,,5.6584
16efff2e6876cc0,test,Преподавание и обучение,5.9076
2c4d8e663304c06,control,,2.7213
77e54904bffb029,control,,4.4932
6123319e4843bd1,test,,4.4674
85f88651a427107,test,Преподавание и обучение,6.1068
a1d4d0978bbea63,test,,4.5241
c4a30c2080b6ecf,test,,6.5822
e0fe52cb5f97088,control,,3.6945
d97307d268506c3,control,Аналитика и исследования,5.288
bfd96f3b41bb316,control,,6.5572
659983376f2ed98,control,Преподавание и обучение,5.7355
daaeb3360082dd9,control,Разработка и инженерия,5.2314
1770d73e44c6bd0,control,,4.2243
ca4459490efc46b,control,Преподавание и обучение,4.3693
37f8a48cc2b44bc,control,,3.9943
1d59f6324e7275a,test,,3.9872
f2fed647e345078,control,,5.936
8399b27d89d592a,control,,6.2893
bf246b447219d80,test,,5.2302
0983ac86a593e94,test,,4.0502
010e77770eb827e,test,,4.6896
3e8e1e5ad887d53,test,Преподавание и обучение,5.3326
5b3bcd5eee6cc10,test,,5.7222
d99a1600fac03bb,control,Преподавание и обучение,5.7853
5a118381e62c8fd,control,,3.6086
1533c529c5307bb,control,,5.5854
859b3e3417ce6ae,control,,7.315
65e8f67754423e6,control,,5.2021
0ca3ae6c4116c98,test,,6.3544
0243c135383c8bd,test,,6.0304
dbab1577e379aa1,test,Преподавание и обучение,3.6871
4354a66de9563cf,test,Аналитика и исследования,5.7559
b0ae9d2f0ff5b37,test,Преподавание и обучение,4.611
2ae9302a1c87d79,control,Управление продуктом,5.1531
3a0a3f4fe0aac19,control,,5.1411
24f98a0585f1921,test,Преподавание и обучение,5.6974
cea05ffacfd20b2,test,Преподавание и обучение,3.8027
8ace43fea9f6659,test,,2.9497
c9a1cd445ddba30,control,Преподавание и обучение,3.4931
f7e0a092562075e,control,,5.8067
399c65d6474a1f9,control,Преподавание и обучение,5.2889
dc3173ea95031b1,control,Другое,5.5872
a7452480641d7cc,test,Бизнес и предпринимательство,6.8526
d08c5b5c20c32d0,test,,4.1376
ed65d7de333ad24,control,Преподавание и обучение,5.5885
dd873cc0994ac9c,test,Преподавание и обучение,5.0476
12c57385392c13a,control,,6.01
4ebeb48f3fe3ef1,test,,2.5402
73e76ea79196850,control,,4.6114
de6fa75a65d4a93,control,,4.6024
600d96be2867595,test,Преподавание и обучение,4.549
4df6fa697d1cb62,test,,5.6487
37e6e594da4cdb6,control,Преподавание и обучение,5.3183
262f42aedd586c5,control,,6.4493
c4266ad63cbdc3b,control,,4.0061
7b02f59e19d5044,control,,2.4037
cc8e6674f180b1a,test,Преподавание и обучение,5.989
842f15c312822d1,test,,5.7474
d49595e25ac7fb9,control,,4.0974
094ed921a9ad54e,test,,4.4172
701aaa60f6e037c,control,,5.4142
84aea7f1c2b113e,control,,3.8699
f41f7b6c37a29e8,test,,4.3381
360d2e291986943,control,,3.491
88af1cef6ef4db2,control,,4.8605
1fff0a803333364,test,,5.9718
022609d67649c2d,control,Преподавание и обучение,3.7073
6c24fe183e2780b,control,Преподавание и обучение,7.0754
7657d0923d0a37d,test,,3.9262
8cc845d275a2cff,control,,5.8952
895233556109668,test,,3.9423
67acdc2d7c015cc,control,,5.4804
446b2294e31379c,test,,4.8826
3239c7bf79427b8,control,,5.913
febaf21dd1a7397,test,,4.4237
23b08cf0cf3305a,test,Преподавание и обучение,3.1591
512f8a7f723c980,test,,5.4002
b1e0b4dfd6d5eaa,test,,6.3352
1c6eb3bd82eb4d4,test,,4.0753
a0a060fb07190e7,control,,4.7509
81afe4611fe23bb,control,,3.1588
4237f24a34f430c,test,,4.9712
82b7dbbe6f707d6,test,,7.1244
d312e77171dc0e6,test,Преподавание и обучение,7.0144
530c78d07182134,control,Преподавание и обучение,4.7624
541194e9a7be5ad,control,,2.5029
49c4a37b83f3d96,test,,6.8005
582664be36ed8c7,test,,5.8513
7cf8eab28df8fad,test,,5.8091
a4879796fef6fd5,test,Преподавание и обучение,5.9619
fa57e7a53087c58,test,,4.844
d3c650b77aaa1ed,control,,5.5143
5a0fec186c25036,control,,3.8415
48d86e0cf72411c,control,,5.0593
2cf37bf8e2232a8,control,,4.5532
3d09886489bab37,test,,6.3791
452bfba1ef234b6,test,,6.3433
9b3df18f5a2c4e5,control,,5.2496
3911b252ee6cf04,control,,5.1998
d98fd56c483d20d,test,,3.9942
928020fd09286f2,control,Преподавание и обучение,4.7534
e90ccc835770428,test,,5.9575
b7d6c4061eda04c,test,,4.9656
c78e83c5352710e,control,,4.692
33cd6e0ad67f718,control,Редактура и копирайтинг,3.9328
cbaf21c0c4a4457,test,Преподавание и обучение,4.7916
67a1333badbe548,test,,5.7477
0d4789cc999570c,control,Управление командой,5.5145
a9bce8d6d3db2a2,test,Разработка и инженерия,4.8786
958ccd6f2298a52,test,,6.973
feb8d4bc674471e,test,Преподавание и обучение,7.1452
43b1ce8d41cc48c,control,,4.7069
2e96648fb3a7c78,test,,5.5747
33890e43b7c49e9,control,,5.2051
a437d0f34331fb3,test,Преподавание и обучение,5.7827
e687828cc253c78,control,,4.4084
bc7b4216828bf6e,control,,6.9886
4577972b60b92aa,test,,6.9992
b039e838972f311,test,,4.5602
904896173242486,control,Преподавание и обучение,4.1616
617611878aabbc2,control,Преподавание и обучение,5.587
4c4faa7a7e82580,control,,7.8175
4d2b3707cbeb477,control,,4.052
f5d15ed75c06ae1,control,Преподавание и обучение,4.7294
c59a50bca10b237,control,,5.7346
0c552ba571d55df,control,,5.7664
1dcbef04f1fe21f,control,Преподавание и обучение,5.3166
b6ad89a817c68f1,test,,5.5835
43e422a4aa018ed,test,,4.9798
6e98aabd2c0c868,control,Преподавание и обучение,4.4069
c17819a0d874604,test,,8.1027
77c74c40dfa36fe,control,,4.4194
420871ce1ca6094,test,,4.0692
8f073836db53e8d,test,,5.3199
a9342a813235918,control,Преподавание и обучение,4.699
3f379ec9cf51858,test,,5.3537
20b9107a472eb80,test,,4.5373
2140de9ea34e4a6,control,,5.8998
2b2b78c84bd1bd3,test,,5.307
d80a1f61ce9abc9,test,,4.9956
9e3bcf7c0e2b967,test,Финансы и консалтинг,5.0441
b2536e514510131,test,,5.3701
62c48669a17a869,control,Преподавание и обучение,5.3015
6a751b7e49b0c9a,control,,6.4735
15bbc59bccdde8c,test,,4.551
18d1f0840fa1d54,control,Дизайн,2.8695
33d98f2d7ab6c3c,test,,5.1174
c45b0d02ee6af8e,control,Преподавание и обучение,6.6993
ba6bbb1c96a6bb3,test,,5.3655
bd3c3a04ee28149,test,,4.8867
f07fa6b27941897,test,,6.0275
75bcf9c3399b6a5,test,,5.6945
41777bb8ca5f1af,control,,4.2731
95be500a2ee8a68,test,,5.3904
bcc97a1e921af6d,test,,4.2103
749724a19b74ce5,test,,6.0467
88884be49a1943f,control,,6.1319
9533c6c0c9b7dee,control,,5.6942
e017e72e959b0b8,control,,4.3846
8be823e3ad7a7b7,test,,5.2132
59fc1a9f570f52d,control,,3.8597
6696dc6e3d170c1,control,,5.8349
d4662d43d088585,test,Преподавание и обучение,5.1238
16ff198b3c71987,test,Преподавание и обучение,4.1013
eb939fcbd205b05,test,,6.18
7bb6039f9ffdcc3,test,,4.0133
a1dded9f2b7d8df,control,,5.7474
007338a18e61503,control,,5.0454
0a0a8bba5d6ba9a,test,Преподавание и обучение,5.5445
70fdb83a43fb007,test,Поддержка и сервис,5.2531
5c60555d89b441e,test,,4.8907
d7bb4d7a25ec9bc,test,Преподавание и обучение,5.0524
2ee45925bce960a,test,,4.5531
eb6c7ced1cb8c14,test,,5.0607
a29b511ea3c11b6,control,,4.0249
96648fadd0ded69,control,,7.0039
386b1b362531082,test,Преподавание и обучение,4.2079
359b8a6e306a35c,control,Поддержка и сервис,5.6289
20de14beb0fd0d8,test,Преподавание и обучение,4.8464
7283895ea1875d5,test,Преподавание и обучение,4.7203
dcc3804ed68c026,control,,3.9554
5aa7d3bbae5ab46,test,,4.0253
92e7bc204cfb601,control,,4.7748
f1a8214aa94e412,control,,3.7902
6ef5e14f03854e1,control,Разработка и инженерия,5.1572
b7a6538b66f1182,test,Преподавание и обучение,7.513
76c073ded546585,test,Преподавание и обучение,5.141
9fb1139428095fe,test,,6.1964
389fef79b5976f9,test,,6.0401
9b21effcbe88cb2,test,,5.974
4111239dc2af074,control,Преподавание и обучение,6.5101
bcd2f9b49362623,test,,5.5125
258494ec8d636bf,control,,3.3348
918930bf5f7f438,control,,4.239
49f23551d4cb908,test,,5.4706
0b961a205cdfab3,control,Преподавание и обучение,5.1593
e7a74bc9b6ee52d,test,Управление командой,4.4149
487bb14e747fc83,test,,6.4915
4c4ace878634b24,test,,2.2407
c37f71306a3f6e5,control,Другое,4.0552
8636d44ee7bda6f,test,,6.5848
0d84324af3445b4,test,,4.6493
96e1945177c8935,test,,5.5839
9a215accbe2bd6f,control,,5.5554
91f1868fcb2349e,control,Преподавание и обучение,3.7689
f76c4530c1de115,control,Финансы и консалтинг,5.4451
94e8c6a62cff740,control,,4.4418
4afcd3f135dfd66,test,Преподавание и обучение,5.6598
edb9f2eb7684478,test,,4.5208
f761559101e01d2,test,,6.3627
842cd97ad55255e,control,,6.4618
f1f2553e2ffa464,control,,4.7023
8d497c5f0b31005,control,,4.9166
ac3d8eec6b70dc6,control,Преподавание и обучение,4.6948
77de7e713873cb9,test,,2.8205
2639d3c1673a47d,control,,3.9598
6c3014419bf2b12,test,Преподавание и обучение,5.0144
be77c3f172ee884,test,,7.0536
b8a65ee2c63a472,control,,5.2641
5a4408d2a3117f4,control,Преподавание и обучение,3.6489
9c7260cbbfee7cf,control,,6.7527
266d2dc1f581d43,test,,4.5518
f7a9df54019ddc9,control,,7.6199
7447aaf89688568,test,,6.9006
0222a0eeda720cf,test,Преподавание и обучение,4.7353
224f43f7dd0321d,test,Разработка и инженерия,3.4299
fb8d5c3c8bf110c,control,,3.6601
0203ee06b32f782,control,Управление продуктом,4.3179
14ff449f58c29bf,control,,5.4984
a476e8381b54e12,control,,6.2805
5f304cac6bd62f1,test,,6.662
8195f1bac1e134b,test,,5.5407
5ac1dc293c63a6b,test,Преподавание и обучение,6.4855
7120d23b1012b8d,test,Преподавание и обучение,3.9979
eafc6da093c370e,control,Дизайн,5.4392
ea6aed178f8b1a7,test,,7.8825
c8311aca221abf6,test,Другое,5.0872
8dc5c33b24cc002,control,,4.506
5e59ce2b9dadac3,control,,3.8411
1e81ca45396503d,test,,5.7082
9cc5098c0a96058,control,,4.7011
0d75b374a091e27,control,Преподавание и обучение,5.6354
a6fb47b3f9210ff,test,Преподавание и обучение,5.6721
dbff4fd37dfce83,control,,7.1746
a375b76db4e5c17,control,Преподавание и обучение,4.4882
b77eee3ce4414d4,control,,4.8885
70e9008ad4b8bae,control,Аналитика и исследования,4.9348
c51f096bfc03a4b,test,Преподавание и обучение,8.8384
702fee5157de8af,control,,5.8704
da527fd02984b9a,control,Преподавание и обучение,6.5488
cd87b953403bf06,control,Преподавание и обучение,3.916
6e77902a2147377,test,Преподавание и обучение,5.309
1603653efa4386f,test,Преподавание и обучение,4.6774
8c6dd6992b888b9,test,Преподавание и обучение,7.4533
b145739ec285d0c,test,,4.631
8c64c5a6a9c2224,test,Другое,6.3017
3e78d3a25c108ec,test,Разработка и инженерия,7.9281
ba3d0cd61bafe2d,control,Преподавание и обучение,4.8546
8d462cb0d38c81b,control,,4.6857
c17c8f9c423d2b3,test,,5.2422
5c43a5ae04c0fa0,control,Преподавание и обучение,5.992
95b3f591323b6ef,control,,5.4075
60a23ae1ccebf98,test,Преподавание и обучение,5.7619
999087c5693bd2b,control,,2.9721
cc2749ce3b888df,control,,4.3085
4e2eb3dd9173dd5,test,,8.407
b225558a06dc228,control,,6.1854
b73643f37d830cc,control,,4.807
2c838dfed305d0b,control,,3.7855
150da062a3a2c4b,test,,5.2551
49934d03fb0542c,control,Преподавание и обучение,5.3054
244da50a30b3cc9,control,,5.4315
2edf2a3f0067ef9,test,,4.8421
f7c2f4c64b4ddf8,control,Преподавание и обучение,7.29
f5ce6433e05a130,control,Разработка и инженерия,5.7415
07baca5f261f47e,test,,2.9791
9cca66f8d0f88f4,control,Преподавание и обучение,5.3967
db062fe406c24c7,control,,4.3698
1da3994fe5b72e4,test,,6.108
6919f82dd4a8eea,test,,7.5114
9ab7c850b9d185b,control,,6.2974
dc326dd9550e127,control,,5.0388
d279af5cf8da3f6,test,Аналитика и исследования,3.7046
5773e81d6afa2f5,control,,4.8471
646c3d9fe9c9862,test,Преподавание и обучение,5.0636
db69b5bf3b4bda9,test,,4.3014
2a9e637e8093103,control,,5.2632
4827c9d9afbc3ec,control,,5.2122
b27dc258a8df699,test,,2.6564
78754189e29da87,test,,5.5307
db5a396e4d69ca7,test,Другое,6.1011
64dd3914cbf223c,control,,5.3722
c9828becccdaa2b,control,Аналитика и исследования,3.6516
a29442005f0009c,control,Преподавание и обучение,4.8437
79d4b0c0618b6b4,control,Преподавание и обучение,6.4103
f6a5508f3ddc99b,test,Аналитика и исследования,6.8152
bc7115a2955de38,test,,2.943
12bcb44266b32f0,control,,6.1698
b38c3c308e3ca52,test,,4.1549
de889a17553bca9,control,,2.9303
5794c9a1e19c96b,control,Преподавание и обучение,4.6799
5eab37ecea8dfc8,test,,5.9583
7e1159c5a901627,control,,4.3289
731845db43c6f3a,control,,5.5937
4b8d4e63df4dcf8,control,Другое,6.3542
1026782e06eec79,test,,6.8407
1bf9b776ddbe77f,test,,5.7266
148a06bc47c80e8,control,,5.8937
f3fac005a7950fe,test,Преподавание и обучение,3.3992
f0976d6089f2b31,control,Преподавание и обучение,6.3511
3b3d9be4badf845,control,,6.3872
7350fe6c2baeac3,control,Финансы и консалтинг,7.1496
0c3fd7aa54d6649,test,,8.3434
199859815f3b8f5,control,Преподавание и обучение,6.4204
bace661601db5a0,control,,5.3698
0a1ad65dfbf7144,control,,2.7822
7189fe7cd3748fa,test,,5.8291
9f3914ec39fd040,test,,6.7278
5cab5da80a782f8,control,,4.7356
cf49b58d5bc4628,control,,6.7156
46f813f56265d86,test,,2.8163
9b71a3c5ccddf9e,control,,3.7557
4334ff50dc3112f,test,,4.8191
866df6c80bb6366,test,,6.5274
2bcf06b163f1a87,test,Преподавание и обучение,6.4401
8d5bf0716623295,control,,4.5663
e5aaa6039fccfa0,test,,4.6973
628927f08ace2e9,control,Преподавание и обучение,6.9669
b6ea2e21c338dd5,test,,5.6214
3b682b932cc2f28,test,Аналитика и исследования,6.0672
80957163ce0ea10,control,Преподавание и обучение,4.4048
ce20712e9c9689e,control,Дизайн,4.7199
ede74c5adc12428,test,,3.9797
5b4baf43ca8307f,control,,3.5586
da3ba626d3a7c60,control,Преподавание и обучение,6.7169
b543761d192351a,test,Преподавание и обучение,4.2342
e6b9fb8b30192cf,test,,6.496
0e0f0d4461bbee6,test,Преподавание и обучение,5.5515
8b56ac5310544be,control,Бизнес и предпринимательство,6.0477
438f4005af40c4d,test,Преподавание и обучение,4.6794
eca05f149fc301a,control,,4.4276
497f5d77a95b605,test,Дизайн,4.7625
1d2d89c579a82b4,control,,5.3864
14901080d10da92,control,Другое,4.4504
fd083777f9679cb,control,Преподавание и обучение,3.8991
64f5d51cf060a03,control,Преподавание и обучение,5.9929
107790c8145cc61,test,,4.9796
02f6392fc472a53,control,,3.85
62c74c2240c646f,test,,4.0141
bd7f82cab26a8b7,control,Преподавание и обучение,2.946
c0b1ff47e11a84b,test,Преподавание и обучение,5.316
cba7deac7fc6a9b,test,,3.9603
ad311c0d5af3d7d,test,,4.0836
c51b739a28a5386,control,Редактура и копирайтинг,6.0864
b0300eef00661f1,test,Преподавание и обучение,5.5253
7a9c4b8c4f31464,test,Преподавание и обучение,4.19
3944d2208b2b764,control,,2.2615
8e7531ab2435965,control,Редактура и копирайтинг,3.7064
7024bdee701565b,test,Другое,2.9188
985347c0728af52,test,,6.2452
d9d4927b4bdceab,control,Преподавание и обучение,5.2071
8ff459dd692e9ee,test,,4.142
5a16c8786b5617b,control,,7.4387
e7439ff7e92070d,test,,4.625
65619cbdda56c63,test,,4.0056
116550d0ecbd20d,test,,6.3769
1a9dfb8c0524bb3,test,Преподавание и обучение,7.0505
9d9b59ca59be3d3,control,Преподавание и обучение,5.0305
4435810b35aa170,control,,6.147
6fc2a2d462fa78c,control,,4.1671
c0b7c6754993744,test,Другое,5.9862
f450a506d258239,control,,4.2526
7a8e32edbf10875,control,,4.1898
49f56b663fbed5f,test,,6.3334
e94a7b95bb444f2,test,Преподавание и обучение,5.9142
79c09230219669f,test,,5.8017
912326091758e61,control,Преподавание и обучение,6.5154
030726ea7bdbcb4,control,Преподавание и обучение,6.047
b2e53ef424980b3,control,,7.0607
812bab672a5c7b0,control,,6.0693
a54a72204da72a8,control,,4.747
f94cf1ec6c47b6f,test,,6.5486
84bcc7f565d6db6,control,Преподавание и обучение,4.1557
350b99d9c207123,control,,4.0368
a736ade0c6f4d1e,test,Преподавание и обучение,3.7764
9349ac2123adad7,test,Преподавание и обучение,3.7779
33d871f1c0ea357,control,,5.7264
6037d01cf604674,test,,6.1483
85673467fb5343a,control,,6.5834
9870a98004d4268,test,,3.9514
a08d77dd4791fa1,test,,5.2836
bcfacb6a9fd731b,control,,4.0281
7822afac158c25e,test,,4.8676
ad9485b2564c9c6,control,,5.5893
93ea356c670d184,test,Преподавание и обучение,5.3758
ebd6b919de342e8,test,,5.544
45262bd617f51bc,control,Преподавание и обучение,5.5476
bd3facfa5cd1c3b,control,,4.1181
aa90e3e619f5650,control,,5.1584
bb02c1488a78ce9,control,,5.8645
92acad6fdf19f35,test,,3.4556
72f8cc592a46518,test,Преподавание и обучение,6.6462
0f69b3e98b6d2f5,control,Другое,3.675
b3f246eb13ac83d,test,,5.8531
d3e8ea2aeccbd8e,test,Преподавание и обучение,6.4471
a955a9c60528f63,test,Преподавание и обучение,5.5121
854629e3d425d34,control,,4.1005
3689dc10811cc60,test,,4.7635
a4c9ae1a298477e,test,,5.2084
e60a66bd2c08b2f,test,,5.1319
e3971bd9db34549,test,Преподавание и обучение,5.3004
35dc2acc5d9da2c,test,,5.9322
7083323a2c208ec,control,,5.2042
ef8af0c37a1dea9,test,,3.5808
64746a62d4ceb8d,control,Преподавание и обучение,4.6894
d01369652b59296,control,Преподавание и обучение,5.5458
d4fd7c8bfa7e86d,control,Преподавание и обучение,3.9227
af4e2a4f2a13cda,test,,4.9087
3a2bdae576c8850,control,,6.1109
cf0364e10a88a22,test,,5.9268
2901b5348b7e39a,control,,5.5456
ac2e9d9d44165a9,test,,5.9957
45c75ec58aaab7d,test,Преподавание и обучение,7.0926
62511822ba95c1c,test,,5.8797
25057cde31d661d,test,,4.9889
19d020084f01c0c,test,,4.2867
c4c455cd8f23c3f,test,,4.4131
8173a62eaba7f5b,control,Преподавание и обучение,4.9519
0c68c4bf8753c31,control,,5.8786
1bd21d35d1ca8c7,control,,4.4146
57b8b4c7e6505af,test,,4.6733
0c2abe51bff9e4d,test,,5.4096
dffbed057b3283e,control,,4.3653
352ea3f9424a039,control,,3.6417
c49aafc771a4725,test,Преподавание и обучение,5.7617
85aa12f17087a44,test,,4.8072
4e16e12bc0e2868,control,,5.0114
649e7f129a9cdc3,control,,5.0501
8a07dd625e82a15,test,,4.0615
08479953e5d95f0,test,,6.1684
76f58a5a965490f,control,Преподавание и обучение,3.8108
1f4a3d83126c52d,control,,6.8526
08297f9319d8bd6,control,,4.1513
79aedcda39f4af3,test,Другое,2.3229
fec214b07ef5fdd,test,Другое,4.3428
8f1900369634335,control,,3.8919
76c287ba2a8aa16,control,Редактура и копирайтинг,6.1694
5ab88900cd9e74c,test,,3.7977
2c3cfd292e30ccb,control,,4.6686
f6df0b3601ea634,control,,6.2339
c131bbbb5bafe2c,test,,3.7245
2fbae1dbfddbc7a,control,,6.9291
780007b9e646b68,control,Преподавание и обучение,5.7291
1c075ee9bf25489,control,,4.0858
99d6ce0d62f1b59,control,Управление продуктом,3.7484
046246265b66c6e,test,,4.529
fe37bdd161eca8d,control,Преподавание и обучение,5.749
da284659a985f2f,control,Преподавание и обучение,5.4226
78392a2b92c458e,control,,5.2604
6a28ebb4ae16368,control,,3.2706
8fa129a1f213eb9,control,,5.6749
c82cc34f1cfc154,control,Другое,2.4608
8f98b0c9f5406ea,test,Преподавание и обучение,4.0611
674c796f3c5ce54,test,,6.4985
28888430125f9e1,test,,5.835
ba8d432fa8ea3ca,test,,6.6903
6696a86d437d6d8,control,Преподавание и обучение,2.9482
1c2389185a9a532,control,,6.2419
34af4a5f5214185,test,,4.9993
fadfc64f508fc47,test,,2.9027
6e6e2a4dfbee598,test,Управление командой,4.8055
4cbf49a6febd8da,test,Преподавание и обучение,5.7289
83681a9204cf1ac,control,Преподавание и обучение,3.3393
302a320755afaf8,test,,5.6574
3a9b40d5cdd74fb,test,Преподавание и обучение,3.4259
d087ca96ffd79d1,test,,5.911
12cbf426dfdafa2,control,,5.0875
d7181dc94c4bfb7,control,Преподавание и обучение,4.7004
d63faf3f3c62c52,test,Преподавание и обучение,5.3817
96d41de7e1f1f50,test,,4.0193
e6edfc0fc4c13ae,control,Управление командой,7.9182
d2fab965e75bba9,control,,6.4243
bacc5236ea9c926,test,,3.2666
a4f208af2109c70,control,Преподавание и обучение,2.991
ec0b0a6d8603fe2,test,Дизайн,4.2799
11c677a8b5548a5,control,Преподавание и обучение,5.8961
4e23be9009bc49b,control,,4.6157
ed2ef6ffddee379,control,,5.9534
2b0fc04da707935,test,,4.9616
f47935388589be8,test,,3.825
14e5a3363603b00,test,,6.5503
20b7232371635b5,test,,6.2518
5643469640113dc,control,,6.3128
bc56cecb7d04334,test,,5.8698
e32b02e77650596,control,,5.4775
c2b6a8a3ab624bc,control,Преподавание и обучение,5.6347
bdff80ce0ff468f,test,,4.0265
170134e42940df3,test,Преподавание и обучение,7.3749
16f291a3a94848d,control,Преподавание и обучение,5.6091
e785526ed3cd90b,test,Преподавание и обучение,5.4914
52bc276cfc5171a,control,Преподавание и обучение,3.978
c60dab87cf1a10a,test,,6.1008
1ad95458da830b1,control,,5.9373
79242d7b7b0119a,control,,4.2637
ade1bd107222860,test,,6.2541
97b9833b6a9cf1e,test,Преподавание и обучение,4.7615
38bf20b3e2de922,control,,4.3509
1abf14f23045845,control,,5.533
2943251d9ce7635,test,,6.6873
4591c623be98171,test,,5.3699
aebfd2c98823163,test,,5.2402
e22a60e5eede30f,test,,3.2253
83e3668ee0f9bee,control,,2.5076
31eef60dd5aa72e,test,,4.8599
ee2c2f193dbb73d,test,,5.5531
bc562f31f9142e9,control,Преподавание и обучение,4.0737
1a4dddff1d17f8f,control,,4.4534
71f5b9b70013ec3,control,Преподавание и обучение,4.4549
ed5370ef6bda47d,control,,5.0668
46fee38cf931ac2,control,Дизайн,3.4814
b368f09ce530324,test,,6.2182
601bf2de11793f3,test,,5.5035
efba9f7b7173ac7,test,Преподавание и обучение,4.9509
49bb5efd6fa1e57,test,,3.9855
d0cdf33c7b1276f,control,Преподавание и обучение,6.2098
126242e786c4730,test,,3.297
269478692aa8407,control,,7.5315
6cf28d59c31ddb9,control,,5.6661
5319a8a1ea72a93,test,,5.9199
1d4b930267a554e,control,,4.2024
e9329804275985a,control,Преподавание и обучение,4.5311
9ee4c1701070cdf,test,Преподавание и обучение,5.8101
ead76d422e0704a,test,,6.0244
de11de9ecaf9b52,test,,4.6485
5010ccc652b69d5,test,,4.3341
d97a68ad3176715,control,,6.4165
9635e12224eea96,control,,5.6164
4c28f6df49d356d,control,,6.0742
c9838211050fd18,control,,4.8876
86eb30693f8e4f8,test,,4.8312
8c62a81b562dc37,test,,4.2241
e4d0a3eb09f8bbf,test,,5.7271
7003ebb2488772f,control,,5.174
afaa9985ac4b56c,test,Другое,4.9205
a46bf65288b2c84,control,Другое,4.0814
98e00b1e5e90468,control,Управление командой,4.2966
79125c96902816e,test,,5.2114
6a752a1ad268946,test,,3.4929
f4af638e99691c4,test,,3.6169
3e62a0eb16c8f74,control,,4.2996
015cf6ca62bed6c,test,,4.8077
2b0d9a8fc901592,test,Преподавание и обучение,4.1588
9fdb8f352b52088,control,Разработка и инженерия,4.8066
651dcfa74eb4388,control,Преподавание и обучение,5.9176
144c76906fc7bbd,control,,4.609
f557fe796b961dd,control,,6.3583
167cf8d55bbfa2a,test,Преподавание и обучение,5.8492
84ac5d36976ed33,test,,6.0478
fb002a08f082438,control,Преподавание и обучение,4.4527
b65b944d06cf982,test,,4.9415
4b14346caa753fa,test,,5.0657
fb65d75b16f1b00,control,,4.3136
580a3a1354d28b8,test,Бизнес и предпринимательство,6.5875
8100c22e373ba0f,control,,4.5769
bb08f46b219cbdc,control,,2.5924
f1283dc84126b95,control,,4.1124
fa81da7a907704d,test,,6.7663
68a021fa3475580,test,,6.2796
7cbd5b31a9d554a,test,,6.1158
be4338181f92145,test,,6.2742
79f5f47a22aa2ba,control,,5.8085
7d31537b7bb75d7,control,,7.2582
934e815945e3ed6,test,,6.326
065315d9b087914,test,,4.3612
f96b226d8f26e85,test,,5.0081
ce4afdee1451ce1,test,,4.822
94520d67211ea2f,control,Преподавание и обучение,6.5527
accd2156dfcd503,test,,5.9086
7bb564772097c4d,test,Преподавание и обучение,3.8561
3013367c5b96e3a,control,Преподавание и обучение,2.302
083b8475a6d408c,control,,7.0562
bd1918d11285b7b,control,,3.1196
e833101c6000e91,control,,5.3194
f20382547a162e3,control,,4.0851
22895b891d7f5a6,test,Преподавание и обучение,3.8914
e2b632d40515fba,control,,6.4553
08827618427316a,test,Преподавание и обучение,6.051
ad86e3dd5eb041f,control,Преподавание и обучение,3.5897
7ea047c6548967c,test,,4.5387
83272af78a5ec46,test,,4.2167
ff2fab03a2ac1bd,control,,4.9357
f15d8eed56f8ee0,control,,3.4183
1316e6679c07f49,test,,5.339
fdd035a445fc4df,control,Преподавание и обучение,5.326
23a87c90ab153c4,test,,3.6163
615b1f3ab168749,control,,6.3439
0e4af8807b87df0,test,,5.0971
7bfbceb22212904,test,,4.6648
17725fb40cb53be,control,,5.4592
104855c8d933611,control,Поддержка и сервис,5.2344
e094da3b9fa7b88,control,Преподавание и обучение,5.2813
249db13ef8109a0,control,,5.4079
c694867c30845bc,control,Преподавание и обучение,6.5904
2f38ee688a34264,control,,6.6362
1e75e9b9732f5de,test,,5.4237
5abfdc20e907cdd,control,,5.2674
4d1c555cafe693b,control,Преподавание и обучение,3.2104
2ba1a06e71607fd,control,Преподавание и обучение,6.107
0faed722f50c65c,test,,6.8837
42edabf30173735,test,Преподавание и обучение,4.6694
5d898e570a8f11e,test,Преподавание и обучение,6.0781
17c96d7db82afb9,test,Преподавание и обучение,6.2678
9bba12d974b987a,test,,7.1712
eed8f91ef98b355,test,,6.8038
bb5cda72129f046,test,,6.0378
3feb52011b4a5d6,control,Другое,5.6711
fb171b447fff6f1,control,Другое,3.7569
4228829c909a2a1,control,,6.6046
c2bad71f06211c8,test,,2.2119
62b7b4e80216908,test,Управление командой,4.0529
29d25000a47246d,control,Финансы и консалтинг,4.5774
f213642114c59f7,control,Преподавание и обучение,6.5829
dd071a07607ec67,test,,6.875
99ea9aa1ae0219d,test,Другое,5.389
6dcd49e1a6e99fe,test,Разработка и инженерия,4.9754
52cfda3f3ccba84,test,Преподавание и обучение,4.4968
c62c5686049bcc3,test,Преподавание и обучение,4.6555
5e87f068046868b,test,Преподавание и обучение,4.2725
3f7aa1fd55cb216,control,,6.3094
b073fca7c180884,test,,1.8259
a2127b84bb2c183,control,,3.9952
b1c9328c4e9d55f,test,,6.6983
c26046675e01ac7,test,,7.0255
63c90916f4b1500,test,Маркетинг и реклама,5.4217
7108d781cd3adad,control,Преподавание и обучение,4.8772
e30e4e74212e124,control,,2.4659
94daa39ec52fa15,test,,3.7051
ee9a3221f7590ac,control,Преподавание и обучение,3.3199
e5fce35a4ea8bfc,control,Управление командой,5.4166
a7b2ecf3389769f,test,,6.6298
a7cc333f363dd9b,control,Преподавание и обучение,6.8778
9e19e372494a1ed,test,Преподавание и обучение,5.2096
94f61e08426d961,control,,2.6141
11152480a4c0eb8,test,Аналитика и исследования,5.4025
75f89471959f8ff,control,Преподавание и обучение,3.7402
c622e48bcde7066,control,Другое,6.0507
d2d7d1c7a015d05,control,Преподавание и обучение,3.672
f192748137f5560,test,Управление командой,4.0672
1e6adb09955397a,test,Преподавание и обучение,6.222
551d5f4802aeb89,test,Разработка и инженерия,3.9717
6e315a2555c6fcc,control,,6.0956
df8d9759b5bd09c,test,Преподавание и обучение,4.7099
f7d44843de51e88,control,,5.559
0b9b271816c2af7,control,,4.3924
23c3829024d559e,control,,6.3141
4914503c51b054f,control,,6.1526
8b8563e624b5de2,test,Другое,5.1349
1ae94bba425d856,test,Дизайн,5.6586
47a21594e737aa1,control,Преподавание и обучение,5.7102
49738ddc105e66c,test,Преподавание и обучение,6.587
84d4bf620d34ce3,control,,3.7373
de23752340d79a7,control,Преподавание и обучение,5.182
999d8b43bdc7326,test,Преподавание и обучение,4.0584
8528cdcd9ccb20a,test,Дизайн,4.5818
5df001f72d02da7,test,,5.29
6d57a3f7a6e2b09,test,Преподавание и обучение,6.0881
13cc4cbe61112ec,control,,5.9127
e443f386852e61a,control,,5.3045
360537484661a96,test,,6.1406
25a1c55fce7637d,control,Дизайн,4.6498
883aa4862928277,test,,3.9983
251829a334ed622,test,,5.7562
abcda79c7aec204,test,Бизнес и предпринимательство,5.3328
adfb61d9e4bb683,control,,5.7873
438f10c0cbd2cc6,test,,6.3409
182ce488943bc01,control,,5.3382
93be36894e54522,test,,3.5087
6e3e7d2f3ade585,control,,3.2643
7507cf19411bdd5,control,,3.9307
c4981695ccf1a0c,test,,4.719
09bc21363872b26,control,Преподавание и обучение,5.2186
1ee1b8767fc2e98,test,,4.5569
87b2c784f37ff1f,control,,4.2851
87d80b300a2af43,test,,5.2558
3149df3dd43ffdb,test,Преподавание и обучение,4.4802
92dda9c0b38d937,control,,4.6578
fe936c63028b04d,control,,4.4537
ffe4c09ace89c98,test,,6.5835
74a0d115db09fbc,test,,5.0229
1b1003e143ed51c,test,,7.4449
16df33f9a0fcfe9,test,,3.7846
99eae2c85535e33,control,,4.8865
5978fc232ebecc0,test,,4.0305
8f26d897c9cd921,test,Преподавание и обучение,4.4438
d9fd0ffb37dd248,control,,5.969
da9d5fb0366c7ce,test,,5.2592
04450c4e787bc64,test,,6.2789
a97b9f8a550993a,test,Преподавание и обучение,4.778
95b47da34fa146e,control,Дизайн,5.2618
886a07cbe2aa873,test,,3.5305
97eea41b9a16cfd,control,,4.5829
94384490c633b8b,control,Другое,6.5668
90882c621cc9e5f,control,,3.6048
158745601a0dfed,test,,5.5689
611b3b359cfd1f7,control,,6.8609
8abfb1240086f11,test,Преподавание и обучение,8.0788
7e5b9668b244f84,test,,6.5112
da5b169f1af5c29,test,,5.6057
50f27c7f5296a97,test,,6.1806
4ad297f96181bc5,control,,3.7228
f3ffa98cbdc0ddb,test,Другое,4.4728
5a2b8ef6aea9ce2,test,Дизайн,7.4548
ee666b736ecb539,control,,4.9837
22c01f5daaaadc2,test,,4.9891
21b96ccf113063d,control,,6.8977
7f6f51a3f9acd1f,test,,4.7913
61c9428f0a52fd9,test,,7.1685
526cd465d336874,test,Преподавание и обучение,4.6676
bfbd313537ebc3c,control,,6.8702
a152eba4d3a55b1,control,,5.5597
d18e781591be0bc,test,Преподавание и обучение,4.9579
a4820d200e886b1,test,,7.0323
5933623779ca758,test,Преподавание и обучение,4.7333
d7661148ab6fc0a,control,Бизнес и предпринимательство,4.6836
c39a6ae546ef8df,test,Финансы и консалтинг,5.7343
fcb07445ba18185,control,Преподавание и обучение,5.2829
14e12543b4ae668,control,,4.6689
dc8cab6f1cc57d9,test,Преподавание и обучение,6.1351
6b17eabc0ad34c6,test,,4.0901
44dd7f904e7aaaf,control,,5.9388
6521a80b8f45d7b,test,,5.4662
3357368185c5a90,control,Преподавание и обучение,5.3227
1f0b50a44057069,test,Преподавание и обучение,3.238
b51755d7213a587,test,,6.2465
c9cf118077ba347,test,,5.955
bc53e6e5132eb90,control,Преподавание и обучение,7.529
6f1275bc3e941b6,test,,5.0838
1cd2ea1b0320828,test,,5.9657
a0430be047b338b,test,Преподавание и обучение,6.864
f090dba5281303e,test,,5.8536
e7b709a980d7f5e,test,Преподавание и обучение,5.5002
714744234f307bd,test,,5.5578
5875c1b3af08aa8,control,Преподавание и обучение,3.8504
79c469bf2045da1,control,Преподавание и обучение,3.8392
40445c8c6eb41ac,test,,5.4027
621e50ef711ea9c,control,Преподавание и обучение,3.6733
923fc03d12c012d,control,Аналитика и исследования,7.3412
2b2fd45f1f4c61e,test,Поддержка и сервис,4.4336
977ac98ee9c40a0,test,Маркетинг и реклама,4.7775
f0269a6767e1946,test,Преподавание и обучение,4.6771
d1e1ad69aae5aed,test,Преподавание и обучение,4.1362
e19888e1215d4a3,test,,5.8977
c07e085157eb2e0,control,,2.4908
444ebc53ba30381,control,Преподавание и обучение,4.5257
15d95aaff945d5a,test,,5.837
b72c0c95a71c5e4,control,,4.8084
0564ec1e96ae977,control,,4.5957
6c436a8cc6a7300,test,Преподавание и обучение,6.9251
081d933a2ea21c8,test,Преподавание и обучение,6.5512
5ef0713d7ffa3ae,control,,4.7329
3127b8ef57687b5,control,,5.1348
bd92f387f07670b,control,Другое,4.14
9b52819af4c2086,test,,7.2758
8fd96748c7ff264,control,Преподавание и обучение,4.6278
6a2dd0505bfe5cb,control,,3.2246
17fb3d3ff55ec48,test,,4.0912
2377e0649b48b37,test,Дизайн,4.3575
86c69bf1c72f31b,control,Преподавание и обучение,6.5549
4206420ee0bd093,control,,4.4245
a233376c8a5225c,test,Преподавание и обучение,3.7529
75f95f2ad199ca8,control,,6.025
cc0f71c384e88d8,control,Преподавание и обучение,6.3524
7e11940c6f8812a,test,Преподавание и обучение,3.001
6f90ac7e0e89c2b,control,Бизнес и предпринимательство,4.0387
8b7cea0830c107f,test,Преподавание и обучение,5.1244
81f5783b27a3866,test,Преподавание и обучение,5.0575
a188d2e0b52bebc,test,Другое,7.7257
c61807751fa11cd,control,Преподавание и обучение,5.494
aba40c2d487018e,test,Преподавание и обучение,4.0498
f4c5d08ec9f12e3,test,,5.5223
fc8176ce524bf46,control,Преподавание и обучение,1.7886
5fc6b41e9b27f22,test,,5.8417
0e65efbcaf1e6a6,test,Преподавание и обучение,2.5255
1fa1641f335c3c5,control,,5.2172
1d3f31b0ae56ba1,control,,3.5254
3aad95c5d99145c,control,Преподавание и обучение,5.9458
e74138f1a12174b,control,,5.2898
3bd44fa307f31b0,test,Преподавание и обучение,6.449
dd271dfba4335ee,test,,4.3908
f5bf0a485966b4b,control,,8.0792
1618f91602c9c4e,test,Бизнес и предпринимательство,6.0475
e8c81b68709ba3f,control,Преподавание и обучение,6.2923
7c0215b4a4fc757,control,,5.7619
89db48e2b2eb3c0,test,,7.4256
c1fa6c13c32b164,test,,7.5067
8559ba93eb697b0,test,Преподавание и обучение,2.3112
8675d6a340b9621,test,,4.3282
3be67ff650b7699,test,Преподавание и обучение,6.9186
453c806fa333dd6,test,,3.9565
d3f519a2e4f04e0,test,,3.714
5914ba544b04549,test,,6.9723
7ccd21340c9e38a,test,Преподавание и обучение,4.5788
13f6a083560a4ab,control,,4.3955
4426990207643c7,control,,4.6264
4d718e347ffd47a,test,,3.3756
3825eabd2aac21a,control,Преподавание и обучение,5.2727
97e2370b907095e,test,,5.4425
0daa01596663c0d,control,,4.5745
9c46c6e15a89d94,test,Преподавание и обучение,5.8614
fd1849f01ee02e5,test,,5.0978
605ec6d4d855e94,control,Преподавание и обучение,4.3522
c10bdb40fe67004,control,Другое,6.435
4f17cb1c7ff99f7,control,,5.0015
fee65b5ad349a41,control,,5.8148
6775cb0aa34fa0f,test,Преподавание и обучение,6.0731
55e33b348edfdf2,test,,4.6126
790d512cecb191c,test,,3.7722
6d4211e4efcc638,test,,7.4338
45f75eb2d1ebc2c,test,,5.583
188b2552bd37d7c,test,Преподавание и обучение,4.7109
ff1efccfd618e65,test,,6.4002
09c1e76399d28c6,test,Преподавание и обучение,4.8829
a9a41064c141b79,test,,6.2578
858f054fc3b7f47,test,Преподавание и обучение,6.0869
7512889cb0e8ada,control,Дизайн,5.074
c69594c3f50c104,test,Преподавание и обучение,4.1955
b41957ab237c912,test,,6.5312
ac98fd01783101f,test,,4.9052
c8270a7532c3ccf,control,Преподавание и обучение,6.102
9bdeecd7e75c9af,test,,4.6102
872054fd80ae3a0,control,Другое,5.6744
b2e44a63eb8fc83,control,,3.5566
f1002c613404f49,control,,6.0327
610a6456255c1a4,test,Преподавание и обучение,5.3605
31ca648d1dae1cb,test,,6.1647
54420e069aded00,test,,5.5265
e002bc4a7ca803d,control,,5.4441
7b3ed641e69006f,control,,5.5831
20f12099dd91b64,control,Управление командой,2.9971
6a07255aa525788,control,,4.7853
73fc40ef010dda4,control,Преподавание и обучение,6.0398
eec2b98b59485ec,test,Другое,6.3426
9b36441097b4760,control,Преподавание и обучение,5.3644
c7144e52bcbf22d,control,Преподавание и обучение,5.5388
6e8386e8aeab171,test,Другое,5.7333
eb9977e8f8142f3,test,,5.6901
f2d370be07b8cd5,test,,6.0261
80220abfdb818f3,test,,3.9522
edf3f899e192c16,control,,5.8142
0ec1b27b7459862,test,,4.6998
0caffff85f02f71,test,,5.6022
7948cb87291c70c,test,,3.9591
5fa0b241bdd7366,control,Разработка и инженерия,5.5163
3dc82791c971cc2,control,,4.9102
3f8ad1159ea662d,test,,4.2214
0aee9dd4121b2c4,control,,4.4757
4f171d7089e457f,test,Преподавание и обучение,4.4824
790f7e8d77f5dc5,test,,3.6837
0568c173cb2be53,control,,5.2558
5e74db7da2ffcab,control,,5.6068
a0f18ebf9224568,control,,4.6738
cc35eb3094e5a6e,test,,4.7241
95e3daf82a2149d,control,Преподавание и обучение,4.3453
82843f6961572e3,test,,5.2537
1eb2a444bfc1f84,control,,4.0275
30afb3bb0bf0c74,test,Преподавание и обучение,7.002
739c19263149e5e,test,Дизайн,4.9142
4597d616dab63c1,test,,4.7152
f8384b05c06d766,test,,4.8375
3d0badc88f7e22a,test,,4.2734
63cde0d47688c8a,test,Преподавание и обучение,6.7068
cc9f9617bf63386,test,Преподавание и обучение,5.8106
faa4d1ed9a62e98,test,,5.5517
e90a8672df53bc7,test,,4.2972
10a9b7c131dcf2c,test,Преподавание и обучение,5.7669
268773f9145844e,control,Преподавание и обучение,5.1964
b562e3959327216,test,,5.4692
5ee90253f50a799,control,,6.6294
48168b1e6274f08,control,,4.7354
0b6b36eab570c5c,control,,4.8892
9fa7165bb288e29,control,,5.3936
6b000c066bba2ea,control,,4.8843
90f879403db3d85,control,,5.606
cffda1e349db7c9,control,,3.5467
5a1bae7db5b4642,test,,3.5657
c9635ed80d13362,control,Другое,3.5295
726333eab52650d,test,,5.685
f94dcc7a1576e73,control,Другое,4.9706
5444fd86d7def72,control,,6.1819
aa32e5c4e155e10,test,,3.9479
1f2d092c729e154,control,Преподавание и обучение,5.524
d11f54d9ff8f41c,control,Преподавание и обучение,5.9871
6e8e463a86a2a65,test,,5.0721
d20528accd61219,test,Управление командой,5.4868
e5dd2c7c2c6bfe4,test,Преподавание и обучение,5.2707
62cb35d0000b264,control,Преподавание и обучение,4.4989
2533daf3e7659ca,test,Бизнес и предпринимательство,5.3806
f0ed9d19424ad4f,test,,5.5162
6ef59a68a6f4bc7,test,,7.8266
63a848b77aa0515,control,,3.0023
028ba1c44696ec2,control,,5.7476
620da80f01da720,test,Управление командой,5.0264
bd37179ad86c1ec,control,,5.2957
ef07a5c99314e48,test,Преподавание и обучение,6.1227
0bfbad517752d83,test,Преподавание и обучение,7.7076
1084e79fb6cc4bd,test,,4.5629
c49b4d3090d2c5b,control,Преподавание и обучение,5.2697
200a44faa121e15,control,,5.8946
d417f5b80e5aafc,control,Другое,5.2473
4c06c12a6327f3c,control,Преподавание и обучение,4.7529
9c90cd534a0abcc,control,,6.2574
dd631dd35c10315,control,Аналитика и исследования,4.4837
5132bdaf794f9e2,control,Преподавание и обучение,2.6729
f1a550c28078687,control,Преподавание и обучение,4.7759
eb8f728bc5a42c7,test,,5.418
186e17ded22ea1d,control,,4.715
916167751a5fbce,control,,6.7101
cffacf639ddb0ff,test,,4.377
84555301fa191c3,test,,4.832
e25449f82b4832f,control,Разработка и инженерия,5.0681
996a7d3aa653f50,control,,4.1184
7370d28fe98b6cc,control,,4.3932
6ee8883bed58907,test,,5.9441
f0520e1a5e554c3,test,,6.0432
a82a82de9b4a1bb,control,,6.2047
a3acbc2125ec721,control,,6.5366
86f925ca8f73798,control,,5.0765
27f7d740e62363c,test,,5.3081
72187d75e2ba961,test,,3.6188
ad2e11f44509816,control,,4.6276
3358a34c6768152,control,Преподавание и обучение,4.368
6912198aa373448,test,Преподавание и обучение,4.3357
b49e136f33b595f,test,,5.4258
7fe8f53c6e40b7e,test,,4.9389
81c76deca7cab5e,control,,3.5902
8119167cf112550,test,Аналитика и исследования,6.2535
5162283faa60946,control,Преподавание и обучение,4.3408
11c1573eff02ccf,test,Управление командой,5.5663
4ed8bcb8fd402d3,test,Преподавание и обучение,5.3571
0f6152631433168,test,,6.4463
f2f53558733db9e,control,,6.7768
85647e635374784,test,,5.7712
ae55f665b50d71c,control,,4.0802
77881fbad407bb9,control,,4.2712
d4541b51574c526,test,,6.4903
499b7642358b32f,control,,5.046
b910c11cad40de9,control,Другое,3.1102
eeb642ed7e08317,control,,3.1998
c91d81e97d23623,test,,6.3097
f193d57848872a3,control,,5.1214
88d5c27b93e851a,control,,5.7201
ae8ccbb41d20665,test,Дизайн,5.3849
82b255dc20977ed,test,Преподавание и обучение,5.8526
97afb2a85fd8fbf,test,,6.3711
9f2bd51e386f605,control,,4.6768
583ad084ce692d5,test,Преподавание и обучение,6.6481
047e09bfa7ef216,control,,5.7608
05ee6ef41eff418,control,,7.2251
14163d6b7f6f40b,test,Преподавание и обучение,5.5328
c91484a7905a030,control,,5.754
45cfbe5a29066bd,test,,5.2861
8d972c5b73fe88a,control,,4.3283
ba2fb437f3ed792,control,,4.7867
086798c0f8f06c7,test,Другое,4.8902
f6a2913e5f8a54f,test,,3.6207
e995637cc396989,control,,5.8831
354cbff864febb0,control,,6.3565
995974e03b6c85e,control,Преподавание и обучение,6.2606
9071ea8f1c7d0ec,control,,3.2919
94981cd58e868bd,test,,5.0496
d1e632ea0c751b2,control,Аналитика и исследования,5.4082
7d60143d0e5adc2,control,,6.0735
8a08bd74af66910,test,Преподавание и обучение,3.9962
5a4d7ff5ef3d506,test,,7.3589
77ace702c67fd00,test,Преподавание и обучение,5.3262
1cc9d3c6e9326c8,test,,7.5794
d2576b5f5cfe55c,control,Дизайн,4.7444
93b1662e9b92641,control,,4.441
743d2440c20b00b,control,,4.6415
33ed7066e8a637e,control,Преподавание и обучение,5.1859
30e08d1e007d3a9,test,Преподавание и обучение,6.9497
49933e82852f055,test,,6.1996
f044e7799827e5c,control,Преподавание и обучение,4.4253
ee449dbbbd6aa99,control,,5.561
025f5f511a440df,test,,5.4782
6dd8b2adcdea95d,control,,4.2412
193716a2022ca9b,control,,2.4933
b8f0f5b7be3f5df,test,Преподавание и обучение,5.952
fafaa56f4fc0b8f,control,,3.7385
6e99f8206509a80,control,,3.9591
cb1d869311f75a4,control,,5.4631
67771e9192ff440,control,,4.6178
83133c66cf34117,control,,3.5786
0253b5690932d4a,control,Преподавание и обучение,5.5056
31fca38ad906607,test,,6.1245
20d9ca0e160ea2c,test,,4.2462
daa70f800dfa0a5,test,Преподавание и обучение,8.0176
e993517465ee066,test,Преподавание и обучение,6.0822
98f07875abf156b,control,,3.4349
bc8699f27fa5d5b,control,Другое,7.2851
2c8b0dca1396a24,test,Дизайн,5.8391
610dc2cdc471d92,test,,4.5183
87ee9ce8c434182,test,Разработка и инженерия,5.8748
fe1fc7edbdcc27b,control,,3.7777
c15b25169395ad5,control,Преподавание и обучение,3.9051
e24eb2c94763324,control,Преподавание и обучение,1.9521
b1e050a00b8cf6a,test,,4.6845
604fd81444700c3,control,,5.4557
efdc9e0e1124a93,control,,4.4976
ab3333b4677fb9a,test,,5.9493
39b79f434d5717a,test,,5.0312
c0b71b21c76aa34,control,,4.119
fb04782f3d54290,control,,4.5374
9063dd0e5ba858f,test,Преподавание и обучение,5.926
55afe8d57f00a52,control,,3.8089
04180bb282157d4,control,Преподавание и обучение,5.8493
40b425b74809157,control,,6.0134
fbcbddb183bfd31,control,Разработка и инженерия,6.0173
4aa9d7c679ab165,control,,4.5506
bf1811dd1b541c2,control,,5.0916
3f7e69d3b879128,test,,7.4215
aea83e2093356d0,test,,3.8941
9ba73c821753213,control,,5.2294
65d5ef8a0b835f2,control,,2.7778
fe3a1cddd20f5cd,test,,4.7054
f467daaf4be69ae,test,,5.0911
7e0f50030e62dc8,control,,5.4291
bb3788896f7e308,test,,4.2021
9218795cfea7ac1,control,,4.8743
58fd66f8cd51873,test,,6.0201
1f790b4cf559f31,control,,6.5679
c4d503fef741f90,test,,4.9677
038dd59d09c9160,control,,4.3112
cf0e26401be939a,test,Преподавание и обучение,6.5452
b4df06126e8a162,test,Преподавание и обучение,8.5889
b96fb9d9b84872d,test,,2.9901
d7a2af18a50bc73,control,,3.2044
c836c547f3df6e9,control,,4.4248
c95c402eb7cf82c,test,,5.9828
ec5025348e74d98,control,,3.8081
921605545797a46,control,,4.7301
5e0bb41386d4d93,test,,4.0309
ff3344638b33b83,test,,3.9501
4aa5f3f73ffdc71,control,,4.5591
bb452dbcc3ab158,control,,4.9393
8cd64a436eb2e55,control,Преподавание и обучение,6.3457
062190d8c3c3df3,control,Другое,6.6678
efb2907687e3ca4,test,,3.0838
480a5937cfb7ea6,control,,4.3833
99fc5bf1ad6fb8f,test,,4.6208
924327d4ac84507,test,,6.2792
3f2483f0ea6a26c,control,Преподавание и обучение,5.9716
cf1ba987621f14e,test,,6.5773
78f38e8a866fae3,test,Преподавание и обучение,6.9941
2e198bcd8d95ab8,control,,6.7238
14c8563fa3eae89,test,,3.3833
657e606e3e5d729,test,Разработка и инженерия,4.4169
d8bc970b26ac593,control,,4.166
d06412c8e509494,control,,3.5442
1cd96d4b6d361e3,control,Другое,1.3084
6d1fb297b7334fe,control,,5.9241
2ffc660f57f27b2,control,,3.9178
6b88c00c840b2b1,control,,5.9235
75dc4582a12659d,control,,6.0731
eb0f3d1106e35b7,test,Бизнес и предпринимательство,4.1531
5c0de9cada024c9,control,Преподавание и обучение,3.7136
7ac71421d928e5e,control,Преподавание и обучение,6.7592
38e490503298bd7,test,,4.4143
873dc7754c2d793,test,Преподавание и обучение,5.392
bca49359331bb8e,control,Другое,2.3831
b703a4baf6dfad0,test,Поддержка и сервис,4.0874
76568b320d244d4,test,,5.592
5c287db089b0127,test,,4.6404
d47e2e0da22f89e,test,,6.1468
24fb559d307a116,test,,3.1087
6c68d089b9ae6ba,test,,6.5964
f2b706c5bd60bf7,control,,1.5542
5065d741c6179bd,control,,8.4881
b272b122332563e,test,Другое,7.6608
68a70320ff5e677,control,,3.9376
ee5a4991c8b3e42,test,,4.3563
94d4f3258ad5f1b,control,Преподавание и обучение,4.7127
153c28482117a9d,control,,4.7596
11eb1f75f0a7ee1,test,,5.5611
2b4b1ac35ea54d3,test,Преподавание и обучение,8.2955
96815becb727eda,control,,5.1996
9055788af05ae61,control,Поддержка и сервис,5.9508
1972a092ac59ec3,test,,3.9574
4c9e360e4902ff6,control,,4.5952
b8d2c28b37dc08a,control,,4.9326
0cf82f16e3be689,control,,5.4373
ec2f1554c749416,test,,6.2357
26641c869e9505f,test,Преподавание и обучение,5.2127
106a87731dde53f,test,,5.8552
c5222a2222b0ccc,control,Преподавание и обучение,4.6347
146f228481f9a5d,control,Другое,3.5275
877d04d328071de,control,Преподавание и обучение,4.0482
55adaa78c0f32e5,control,,4.5347
4f96dc43cffacaf,control,,5.9949
090878508415e40,test,,4.0908
8ef99e1648e20fb,control,,6.1724
cd470430f9fbfcc,test,,5.9452
6ba9df3a64159d8,control,Разработка и инженерия,3.258
badfdd9cc4a4c1b,control,,2.5123
20bb95370cf04a3,control,Разработка и инженерия,5.6658
9f195d80fd985a5,control,,5.3926
35d7f729a02b42c,control,Преподавание и обучение,5.1909
d9641c11524ca15,control,Другое,4.6026
9b8e708ce4eade4,control,,2.7277
4ec6da34b6bd14d,control,,5.0224
334fef8a458191a,test,,4.0661
3a0fbea41117ea7,test,,4.7588
98048111c7f93d1,control,,5.6618
ba5ca791e78bd23,control,,6.9246
2fa48ba9637e9c3,test,,2.2193
6a8c0a26b4b54a4,test,,6.1348
123d8465a654efd,test,Разработка и инженерия,5.4105
fa28c105b501c00,test,,5.2055
ddb129e186a793f,control,Преподавание и обучение,5.5491
7738a8b87a2931d,test,Бизнес и предпринимательство,3.5834
a94d365960ddf2a,test,,6.2053
0cdfb0b257bc35b,control,Преподавание и обучение,5.8642
39a9a7de75b56d5,test,,5.2293
c9585318fd9780c,test,,5.3594
34db28095eeee00,test,,5.5403
103b69bb55a4cf1,test,,4.3511
17ae43a8e00b418,test,Преподавание и обучение,8.2195
9390d96ffbe78e1,control,,5.9248
2b9eed1eedf4284,test,Преподавание и обучение,6.7043
9591861e566e81b,control,Преподавание и обучение,1.6884
9dcec5e67b8509b,test,Преподавание и обучение,5.1392
8797983167e4f6f,control,,5.285
123e96dfaa29d28,test,Преподавание и обучение,3.6038
e22c184fbe25657,control,,6.1023
5387c8aed3cfc93,control,,5.5106
da4fb6bb0cd7c6e,test,,5.1819
3a5713d42bffa0f,test,Преподавание и обучение,3.8376
bb85bef8c29d7a8,test,,4.8094
3c6bd7fb831397b,control,,4.0971
c39726da42576d3,control,,6.4218
e241090a6729e0c,control,,3.7973
3e98fe02801b9de,test,Преподавание и обучение,4.9896
39c9b2920b239b8,test,,5.9001
de111bedbabc113,test,Преподавание и обучение,4.78
f33411a8f54152b,test,Преподавание и обучение,5.9006
344ef39d83e5fee,test,,2.9223
34e782b429237bd,control,,3.6044
529f275309c2cca,test,Преподавание и обучение,3.3548
4edc28b956253cc,control,,6.2164
161476fb8ff3004,control,,6.6106
d282346c48dde50,control,,7.0732
a024cdc0dab7b52,test,,3.2555
6fb0216691679cc,control,,5.3206
a7238d967c000c3,control,Преподавание и обучение,5.1427
2b2a7077287e98e,control,,5.8221
a8b924fa3f2bbae,test,,6.5711
4eed1438ddb1f5e,test,,6.9336
82fd08275616ca9,test,Преподавание и обучение,5.601
c4d339b075e88b0,test,,4.5946
2e85f6d41fa5c1a,control,,3.4727
0f7deeabac2eefd,test,,3.115
741443edf0d2b43,test,,6.6005
14b7fabdb1079c2,control,Преподавание и обучение,8.0555
ebc3f9f3bfb35ce,test,,6.4393
1715b36697b3848,test,,3.2124
ff5cd2633c352a9,control,,4.9078
078f8db4fc6b82e,control,,3.7398
e4954b6359d6503,control,Преподавание и обучение,4.5267
db256ae492527b1,control,Преподавание и обучение,5.7321
5ce931e4e0fd88a,control,Управление продуктом,3.1523
86fb65a35731040,test,,7.4435
0b688e8f8db9a44,test,Преподавание и обучение,4.7391
2e4d49620229aaa,test,,5.2925
6933cab3ae9078f,control,Преподавание и обучение,5.001
54f98c9e652a42a,control,,6.4018
4d9cf620400e22b,control,,5.3337
89e0853a33cde2f,control,,5.9812
778f1b0e6bb0b79,control,,2.7403
35f4e2fd844133d,control,,4.3472
ccc0c1466b43005,test,Преподавание и обучение,5.8866
da1ce825bbc615a,test,Преподавание и обучение,6.4867
a886cc3bfacf97f,test,,4.5138
25bf9c60af56bd9,test,,5.1342
e313eec1b57ae41,test,Преподавание и обучение,7.4379
f144bada779deb2,control,Преподавание и обучение,5.6547
ce10eee18143640,control,Другое,4.6714
e3eb6879183544a,test,,7.0877
e9e7845193d970c,test,,6.0525
7087fc5e2afb607,control,Дизайн,4.1409
579a6bd8e0e5248,test,,5.0128
039fa18b8d2f136,test,Преподавание и обучение,6.1992
eac4bbded197756,control,Преподавание и обучение,5.6468
755a2d664594d5e,control,,4.5416
ea7f5750bfd2e9e,test,Другое,6.4374
4a9be61212db4c7,test,Преподавание и обучение,5.3213
a9a863138f73ca5,control,Преподавание и обучение,4.9441
1e494a4e2e4a719,control,,5.0737
95e726cd0d13fb5,control,Преподавание и обучение,6.8881
6968954d9ef6507,test,,6.1345
8d20c7bf7c534d7,control,Преподавание и обучение,3.4629
26e53dc191ca259,test,,5.8388
c770ac6ece1d126,control,Преподавание и обучение,5.9748
0cfb01879c580f1,control,Преподавание и обучение,3.7439
1b7d1a8a328e19f,control,,3.7426
733f55f879473cf,control,,6.16
c2a2fbd50c4f26e,test,Преподавание и обучение,5.7308
12c8ef3712b73ce,control,,5.1722
69c6c3976a991d3,control,,3.4131
6c98cf639685785,control,,4.2955
37a8c97aa0997c4,control,,3.8822
ace34d571a2b3b8,control,Управление продуктом,6.1192
84165fc90c65a56,control,Преподавание и обучение,5.111
e00b31a3d7775e7,control,,5.7695
cca7bb968f41241,test,Бизнес и предпринимательство,6.5207
dbc9958fdd6c4d2,test,,3.9205
11ae951e8ba16b3,control,Другое,6.0871
efe1dddf4db2096,control,,2.8619
0aac56970c891a5,test,Бизнес и предпринимательство,5.6509
d9dca582e9438e1,control,,6.0294
86fd94bbd4117e0,control,,4.544
8118d23aeb0afc9,test,Преподавание и обучение,3.9419
cb312b777615ab4,test,,4.9016
a45c9d8c703b2ec,control,,4.924
fedd1b30e621b94,control,,5.2929
b87f0290da3e1fc,control,Разработка и инженерия,4.0542
75f895a5fd644cb,control,,5.0986
50429de39590dd4,test,,5.3167
26cfd151619afed,test,,3.995
a2d6c2b9c6e4078,test,Преподавание и обучение,5.1926
070a781e7450ffe,control,Преподавание и обучение,1.7996
3e5c9fb97400c28,test,,6.2611
263034d47d58223,control,,6.5555
114918781373c7a,control,Управление продуктом,4.2062
1fe96dbfe848d47,control,,5.2188
fa24232bcec85eb,control,,5.1083
97abc83db05ef48,control,Преподавание и обучение,4.0223
2ba9e2d85d1ae8a,test,,5.788
17b55549277c1ba,control,Преподавание и обучение,6.0624
e6311e7f332a75d,test,,6.4537
933aad217425c73,test,Преподавание и обучение,4.8695
587e484df2ac1e3,test,Преподавание и обучение,6.9504
dcf96d7b8d8e696,test,,4.8654
950d36ff7e206d8,control,Дизайн,4.965
91f3731ffc980b8,control,,3.5806
57ea385cc579ac0,control,,3.6376
19b0fe072e84d5d,control,,4.83
11344aa74379e05,test,,5.4396
1dcbc73b9868d14,control,Преподавание и обучение,5.8753
bc37848e37976b6,test,,6.4989
fa24a6c1baef01f,control,,5.1216
8ffacc25523b461,test,Управление продуктом,3.738
c702ff90fe04387,control,,4.958
72c2f52e62e4ba1,test,,4.5656
231b9e7b6220a36,control,Другое,2.8892
1ad6f89b025294b,test,Преподавание и обучение,4.0772
4911596dc60388f,test,,4.523
3bc578d39833fd7,control,Преподавание и обучение,3.7241
802c7a99c7c0b7c,test,Преподавание и обучение,5.7815
2cce0c7beed77d7,test,,7.2344
5f217fe85508445,control,,4.1595
5ecf39532769136,test,Другое,5.5903
4f94b3e06bf6d2f,test,,6.6893
760b6441b367cc1,control,,4.9778
633f0b7a22a90c4,test,,5.4554
21c803a84227b22,control,Другое,1.6433
402445674168ff0,test,,4.2738
fb3767871347399,test,Преподавание и обучение,4.0161
9c605dccab4d32a,control,Преподавание и обучение,4.4802
c67868d061d39c3,test,,4.6279
78b878c03e07643,test,,5.1149
319afc16678899d,test,,5.5703
ff2aeb8371384bb,test,Другое,4.6482
fcf87a186c58b81,control,Преподавание и обучение,3.6471
4ab1a33341af07f,test,,3.9156
7320970d0eebc0d,test,,5.0579
bf2030475e07e06,test,,2.9293
1f5fb1c017ac794,control,,5.7861
ac02f025999d49f,test,,4.87
070cd1470f8c531,test,,7.1364
ad1eb1b9f7065c9,test,Преподавание и обучение,2.4528
bebe4db851bd3de,test,,4.65
8f81a9d23771f19,test,Преподавание и обучение,6.5414
f3b3991adf1162a,control,,4.9981
76e842492c29555,test,Преподавание и обучение,5.1322
2e52c3e46119fff,test,,5.353
51f3166b8c38596,control,,3.7992
9199931d8a45fa5,test,,6.1038
ba76bb224ba70cd,test,Преподавание и обучение,8.0834
d7c9958b008b761,test,Преподавание и обучение,5.6435
2cebd3863c26798,control,,4.2099
8372ad054bfaf11,control,Управление командой,6.3115
47021edfbdaed59,control,,6.2847
5cb1f9efe460e7c,control,Преподавание и обучение,5.5526
dafbc8672618b64,control,Другое,6.4715
ff262ec350359d6,test,,7.2364
ac0b7c7d748fc1e,control,,4.9826
5381cd67bca73d2,control,Другое,6.4399
d4a4851c731178d,control,,4.4524
8c2e39030a36440,control,Преподавание и обучение,3.314
5964afa909ba01e,control,Преподавание и обучение,3.6062
c793c4c489e3158,control,,5.5783
ad7a0e202367810,control,Преподавание и обучение,4.7442
2d5e904a60de28d,control,,3.8512
27bd71324b18b6e,control,Преподавание и обучение,5.0082
f02f92a37c2070e,control,Преподавание и обучение,4.6216
98c0b271317af7f,test,Другое,3.498
711cf35050c9ec7,test,,5.7269
1d16e09da4af211,control,Преподавание и обучение,5.2064
50dea9f1bc01ef5,control,,4.8307
f762a7893622bce,test,Преподавание и обучение,4.7657
d1cc834e45c4676,control,Другое,4.2876
e7e4cffa570b2a1,test,Преподавание и обучение,3.2646
b1ebb751bbd9f51,test,Другое,5.9052
cdf970478fc618a,test,Преподавание и обучение,6.9102
dd7a0866f912d1b,control,,4.479
4ffbc9206d9ce79,control,,5.4448
cbe34a21cf260cc,test,,5.9906
da40fc3b5c3c287,test,Другое,7.557
4026012b6e5fac6,test,Преподавание и обучение,6.4362
edcd4c55ce3d3bb,control,,4.5714
e2b5d48ea6b70c0,control,Преподавание и обучение,2.4234
b4af67526f6029f,test,,7.4721
1df037f8228d695,control,Другое,4.3198
b57319dbb940f9f,test,,4.9619
f900784b2276f1b,control,,3.6924
c8fec3fdb6c0abf,test,Преподавание и обучение,4.8344
85f98e5b56a6516,control,,3.9534
35d6149b16603da,control,,4.7539
327a02c465ffbb2,control,,5.3333
69b545569938ce4,test,,5.7682
87788a162e23681,control,Другое,4.8738
89b8a844511c34d,test,,5.8969
022c91d1c6be111,test,Преподавание и обучение,4.9574
19ca11ea3629f6c,test,,4.8563
b0e27dda36b99f1,control,,4.543
b5493856451e548,control,,6.0388
ee8591833c324c7,test,,7.0646
34f74d553d541e7,control,,6.2525
533bfe17a3d4e0a,test,,5.894
882f35c185589bd,test,,3.1544
f559e930c93b94d,test,Преподавание и обучение,4.7687
2026a24bb8af7b4,test,Преподавание и обучение,7.2175
4eed7b4f777ca26,test,Разработка и инженерия,3.6604
5f2abaee80f1094,test,,5.7425
ef7d8410265bbad,test,Преподавание и обучение,3.5866
8bc1e82d0d77d3e,test,Бизнес и предпринимательство,3.3816
dc95c99385eea7b,control,,4.534
937f70b459a89ec,test,Управление командой,7.3888
3f6a028a62b0a7e,test,,6.1263
ac4c3b3cd2eb90f,test,Преподавание и обучение,5.6649
3d749cebd235e86,test,Преподавание и обучение,2.3171
3d2efbd2466fb82,test,Преподавание и обучение,5.8066
1d8c9acf4bda0ce,control,Другое,5.4407
59f3868d07d181c,control,,6.8388
7082c587622c4d4,control,,3.5361
743206fb44b082a,test,,5.8324
ffba2321ff8138c,control,,7.1096
2053821bd561b79,control,,4.5719
7a6e26694a11dbb,control,Преподавание и обучение,5.2438
eaff2a741c8580c,test,,5.4612
683210c32b651cf,control,Другое,5.6446
d499805d91585a4,test,Дизайн,5.2252
5284a7073a82679,test,,5.5658
0005031c1f5348c,test,,2.3509
9121b9416d4bd59,control,,5.5318
a77737f16d91125,test,,4.793
7f3a64212bd8f0a,test,,3.7789
e12c5db1c711d0a,test,Преподавание и обучение,5.746
dfc019ea6c1e39d,test,,6.2973
d2e1947d3e6e1fb,control,,5.5985
342ee37d69d79a3,test,,6.4948
fcc55278c8c22cb,test,,6.1932
7f9d5167830bf50,test,,5.5053
23c49685f5fba28,control,Преподавание и обучение,5.2782
a28a05cf8fbda57,control,,5.2868
602af983742e01b,test,,4.5493
e7ad374a5f74138,control,,3.7237
7367d533d55976d,test,,4.0916
848e43d869807f1,test,,6.4073
8189e4925004a8d,control,,4.5277
2f9119e718a6a46,test,,6.2983
49e990dc08b7533,test,,4.5096
eb3cbcc217d7adf,control,,5.1568
baad067df7212aa,test,,5.5936
103a30aa4672ac6,test,Другое,4.7092
1237d346e96a6a9,control,Аналитика и исследования,4.0817
cd46c9f3311ee5c,control,,3.6689
af9467317262c5a,control,,2.0984
f360f2e86c4ecf9,control,,4.0184
5c589a5d65fd6f2,test,Преподавание и обучение,6.8279
c0c0b62ed3fbad1,control,,5.1971
5f72585ce97bc46,test,,5.1939
349f294b5b10897,test,,6.7149
b27f1e4bcd89228,control,Преподавание и обучение,6.1027
d5e11dad17ed3c8,control,Преподавание и обучение,6.5617
2e624b0065934a8,control,,6.0301
dcf3acdf64bb2ed,control,Преподавание и обучение,5.0562
ba3d8f14d5aae50,test,,4.1275
3756707e0b3445f,control,,2.7675
46f45d5d370f14f,test,Редактура и копирайтинг,6.3331
7e8698e2bc9aaac,test,Преподавание и обучение,4.3039
76dcc37b9466500,test,,5.2451
b9f238e0eebbbc9,control,,4.4089
0642f1d41c4a71a,control,Бизнес и предпринимательство,5.2595
3d9917de025bf3a,control,,4.8784
4983d27567a9616,control,,5.961
6d69df6b9b6f550,control,,4.6162
7fb1136cbfdef01,control,,2.5351
7502c3803d7c037,control,Преподавание и обучение,5.9832
4e66298afea7fc0,test,,5.1896
68960beb99b129b,test,Дизайн,5.987
c9a0427ba8ba11f,control,Преподавание и обучение,6.3624
d12834c72918dd0,test,Преподавание и обучение,4.33
7cfe52d657f6fc3,control,,4.461
e8b5555629ba01a,control,,3.972
1c08fcbd8da515f,control,,6.5165
b52f6e3a4a57066,test,Преподавание и обучение,5.9471
f71cc0f1c40c3e7,test,,6.0278
52232e6feba64b3,control,,4.0194
3f4a412dddbba39,test,,5.6317
0be22ff1b47f14c,control,,3.1612
c348cd613f95669,control,Преподавание и обучение,3.8242
55eda7203585442,control,,4.9913
677276e31d5ac35,test,,4.8247
0003190351a50c6,control,,5.8648
b9d7ab25f5a168c,control,,5.6349
cc002abc7c0f2d7,control,Разработка и инженерия,5.0143
5be8f172ab6ea71,control,Другое,5.7596
16c4cff6da9a4f0,control,,6.7513
44a8df5e6b775b1,test,,5.8919
354c80540e4d6fc,control,,5.7743
501549708d2e82e,control,Преподавание и обучение,5.0884
05a0ecf40dda7c8,test,,6.1597
60ac33bc638f26e,control,Другое,3.9262
c6cab239af9cdb6,test,Преподавание и обучение,3.6657
2f7a2dbbe363cd7,test,,4.7523
96b6794c1f9ec0e,test,Преподавание и обучение,5.8853
288a6a34425f802,test,,4.9438
1981554d0c1662e,control,,3.1136
aa4a51ef7da7268,test,,5.8114
a8f6215ab74102e,control,,2.4785
a11f2df46bdba36,test,,5.8058
e5148652dd586b6,test,,6.3348
4137722b445029c,control,Разработка и инженерия,3.8234
3d108410e5d6252,test,Преподавание и обучение,5.4306
1ddc280e6da8468,test,,5.7141
f597bf9c25479da,control,,3.6076
6c7e56d2846d4d8,control,,4.7672
2cced8e9ddef722,test,Преподавание и обучение,3.9013
248744a92fa2f62,control,,5.6099
e7f5a76cc093834,control,,4.5817
64976eb191ce0b3,test,Преподавание и обучение,3.508
0f1936f0bd49205,test,,4.8111
63ea0f239077f59,test,,5.0487
197807160152e52,test,,5.6853
d79a5beb008ea46,test,Преподавание и обучение,6.0167
c4227942d944fe3,test,Преподавание и обучение,6.7647
ba75d6b4cfab312,test,,3.6414
973c17899757545,test,Преподавание и обучение,5.4435
7cf59c2759adb0c,control,,4.1193
219a2f25394d2b3,control,Преподавание и обучение,6.1038
7301096eb59e4d1,test,,4.6686
0a5290ed1a8e34e,control,,6.261
db04904294cc836,test,,7.4854
ec8382f91200763,test,,5.28
ec7629c3ebd6bf9,control,Аналитика и исследования,4.4092
d518fdbd119b87f,control,Разработка и инженерия,5.7996
aeb44daa765985f,test,Бизнес и предпринимательство,6.4576
e1a48f0fa9ddafc,control,Преподавание и обучение,4.9125
a4d8317406265dd,test,,3.5044
7372e289e6a923a,test,,5.8837
194678dbcadac2b,control,Преподавание и обучение,4.8836
ec34e0183dab1b3,control,,5.1684
70e1f7c78c60edb,control,,7.9594
6b70beecbd1b240,control,,4.6262
ed4de78d9f2183e,control,,3.2194
30630c653189887,control,Дизайн,5.1577
e4a9f4bd63174d0,control,Преподавание и обучение,4.3745
3c4cd5c06be758e,control,,4.2626
3531f21fcc2b851,test,,5.5884
f1dbcece409fc04,control,,6.8307
66c842547bc459c,test,Преподавание и обучение,4.6727
a45a352c5d19518,test,,6.1885
3109ecf7a71f24d,test,,6.0904
8c7ee2db63d74d0,test,,3.7184
c0f16cf7c498459,control,,4.7885
7a5db5c6aea72e5,test,Преподавание и обучение,4.987
c0309820d373934,test,,5.942
5b73a3d2878fb6f,test,,4.1165
c77347e35687089,test,,3.6675
0cb31f68606799e,control,Преподавание и обучение,3.035
6ed1a24dac06774,test,Маркетинг и реклама,3.551
5dc4237d8f28374,control,Управление командой,7.1509
c6644c1d2030827,control,Управление командой,5.2933
88d8ddd13974a60,test,Управление продуктом,6.3876
5e564c0d3563546,test,,5.9417
db4c3d8bb68a593,control,,5.3485
c9934ef9a3fb71c,control,Бизнес и предпринимательство,3.248
de8d2149540e1f0,test,Преподавание и обучение,3.5624
7f0aff6da65cee9,test,,5.52
f2adaccc12303fe,test,,5.7714
61286ff6f36b58e,test,Дизайн,6.3093
76b3cc5fba2307e,test,,5.0503
700bdc9e0d514a1,control,Преподавание и обучение,4.32
78c0e0d42409a89,test,,3.7096
2dc1b56359c9d73,control,,4.0438
f4ff6de54c42fd7,test,Дизайн,5.5564
b0bfb527ce649a9,test,Дизайн,4.5246
adacf0767e6b2e0,test,,3.5644
720ceddb5c8e000,control,Управление продуктом,5.9745
1755d3bc14c616b,test,,5.2995
168077fb85bcf48,test,,4.6302
8329555b0d04486,control,,4.5651
d3345b912dd7ff6,control,,3.4921
0a72d8c980e1872,control,Преподавание и обучение,6.1679
63dda686c3338ea,test,Преподавание и обучение,4.1198
11fad59d68e324d,control,,5.7521
39f73894a9f7a50,test,,5.4478
d9683766a0147a2,test,,4.4599
27f93fcf5f3e509,control,,6.1429
3b0ea180202b1f1,control,,4.938
ada113e13258f39,test,,5.1345
5f7154c18a5f409,control,,2.6901
730a51f81624c43,test,,4.9595
b70b8bffa8ee991,test,,5.3165
6a97aca121b77fb,control,Разработка и инженерия,5.2484
89d61be9fd67fa1,test,,4.3434
7a8564f0bde1db5,control,,7.0132
6b4db29b7f4a373,control,,5.5488
2e19479d7198db9,control,Управление продуктом,4.8043
5473e88e0039bb3,control,Преподавание и обучение,6.3228
203b79788db47f8,control,Преподавание и обучение,5.1069
f6b5304b7d7f52b,control,,4.5552
0579a77a4700e0a,control,Преподавание и обучение,4.2684
eaf64176b8fa615,test,Другое,3.4425
b73a133a1d4ce78,control,Разработка и инженерия,3.8238
db8e3229eb2f7fe,control,Управление командой,5.5676
dc3e01c001de956,control,Дизайн,3.3166
46140cf16bb14d1,control,,2.8904
415dac29866d289,control,Преподавание и обучение,5.5343
650ae3bb94dd5e5,control,,6.1977
42043a8beb9b377,test,Бизнес и предпринимательство,4.367
21015834cd7d704,test,,5.4552
332085b00d3eb67,control,,6.7821
7e58e4eae5022f2,control,,5.1597
e9cb93f91fd7c6d,control,Преподавание и обучение,3.987
97e5f9f09408efd,control,Управление командой,3.8478
ac24aae9f4e00ba,test,,4.8503
ce5aba0398d594c,test,,5.9212
6686a6fb6ea67e1,test,Преподавание и обучение,5.3178
6dfbc9c06de5a79,control,,5.3646
a3948a6551c6411,control,Преподавание и обучение,7.3484
f37b449cd5dcec4,test,,5.0118
46f0452fe3f3914,test,,3.9531
b194da2657f9b2c,control,Управление продуктом,7.3956
2b62d3abdb01a82,test,Дизайн,6.8261
35c6f876d6866eb,test,,4.8496
e5284c64f85f604,test,Преподавание и обучение,5.3674
bc3321b5b265349,test,,4.9495
5e9bc32c994f950,control,Преподавание и обучение,3.7216
dee958c30877c73,test,,6.1656
e278a1936adea41,test,,4.8048
66d18acab1018cb,control,,4.8711
545d2fe5c984202,control,Преподавание и обучение,6.7442
6b65aed84b39649,control,,4.3953
8c90fcdbfcec847,test,Преподавание и обучение,5.4886
b4bf78b36b9929e,test,,5.1835
4c2f7e74331e741,test,Преподавание и обучение,4.4455
076fbe362c4abe1,test,Преподавание и обучение,6.3052
d8d4c9bf451dc38,control,,2.8426
8a4f2e1e754afa9,control,Преподавание и обучение,3.778
048ea559cd93a8f,test,,7.3223
cd4602abe1eb1f8,control,Управление командой,4.7617
069d319dc08ba3a,test,Другое,4.7982
4e3b8242c8ea375,control,,5.3262
3013f474ab403aa,test,,6.6068
f445896b124056a,control,,4.2181
0b4905b22e27abf,test,,7.0137
dd0121a613cccf2,test,,4.6712
3390ff119b0a6e6,test,,5.7239
3c035bd5bb28e50,control,,3.0782
adbfea6d9b4a475,control,Преподавание и обучение,5.4905
381654e1c79e71f,test,Другое,5.0829
5064b5d901a1b94,test,,6.9013
4331804b63137a2,control,,6.0614
e52219935e7f50c,control,,5.0613
7556bf10148f2a8,test,,4.6026
eeb07dfa1aee55e,test,,7.3952
bdf91df5e7bb2f7,control,,6.9137
3ed1f67978d8206,test,,5.2567
dca962729309c43,test,,5.1372
dbfaa2057f3e544,test,,5.8816
a4eb9a1abb0658a,test,Разработка и инженерия,4.4656
4bc3dd6497f31bd,test,,3.8279
d97861ec924e292,control,Преподавание и обучение,5.7833
ac5cc09a065d3a5,test,,3.9768
d5353528cabe055,control,,6.3905
59a9c3417570e01,control,,7.0237
b8f289f1f322cc2,control,,4.4474
fdd807df427318e,test,,5.7652
fa3f6b208a49b7b,test,Преподавание и обучение,5.9458
606621ac4346216,control,,5.4741
9ac025b69efaca3,control,,4.244
413a849b9bdb81b,test,,4.9647
3144aef9f8bc9df,control,Преподавание и обучение,4.1284
362e4aa9d97761f,control,Преподавание и обучение,6.5382
da5f66817b4756f,test,Преподавание и обучение,5.1274
e3a13dd5847753d,control,,4.9801
16a424aba8ac9cd,control,Бизнес и предпринимательство,3.798
e507bfec363788b,test,,5.5557
4a63a82f958801a,control,,5.137
83422d981553641,control,,5.2873
b078b5345d29af8,test,Преподавание и обучение,4.6743
2a68bf4e4ccfc8e,test,,6.7615
6e289258e53b517,test,Другое,4.7046
db1887b5b242863,control,,3.1975
892df0b58d44fb4,test,,6.3215
8ebbd37aa7a2632,control,,5.6473
552baa7b2341a16,control,,3.7863
c8a47aa00545f25,test,,3.6516
991f6844981dd42,control,Преподавание и обучение,4.9269
c0c8dfeeee4d29c,control,Другое,4.6946
afd5d1239d75dbe,control,,3.5249
c5494274ecf9e0e,control,,3.0437
93ac22d6750b162,test,,6.2429
7e8e8c8963fca2d,test,,6.5203
5834afb58115157,control,,6.3072
98a5dd6f664f1d4,control,,5.0278
2997ae1e526a654,control,Другое,5.8458
dc7bf766d4a7292,control,,6.8204
fb548a6592884b8,control,,4.6999
9a3dd6a6735e2ae,test,,5.1315
d74c9a906959014,test,Преподавание и обучение,3.6563
e60cd58a2d255bd,test,,8.1437
a8303d95e0a01a9,control,,2.6313
d4bd4f4d4b3734d,control,,5.4233
7d9372b48df2680,control,,3.069
1683d9ef556ebb0,control,,5.8639
be10023d589233d,test,,4.8883
401815c861a8f61,control,,4.4273
f62a2fbfe32cd66,control,,4.7162
00232a35789a94b,control,,4.1382
f33cd209cdf08d3,control,Другое,5.4731
4414dca6b661537,test,,5.5991
33fb7ddc55ba209,control,Преподавание и обучение,5.2704
579cb2ea8529a27,test,Преподавание и обучение,5.5627
c1900f8ac82fc4d,control,,3.4743
b5a3bf6ae355701,test,,4.8933
55742c8505ba2e6,control,Управление командой,5.7782
71da91256d50512,test,Разработка и инженерия,5.4407
46373a1b811ee07,test,Преподавание и обучение,5.7961
e06c90119cc1816,control,,6.5588
af0bd7df58be15e,control,,2.7324
3f8226ee0b37b2c,control,,5.0519
d54e251ef0f9bc5,test,Преподавание и обучение,5.3847
3f926f8b27dc576,test,,5.1181
927a9ea0d43dd80,test,,5.2118
c338f473b6c4c6a,control,,5.4008
959f5cf038f19a7,control,,4.161
3d30b6f90d4c54c,control,Разработка и инженерия,6.2689
48bd952750dba57,test,Преподавание и обучение,6.1339
75a62c286f86719,control,Преподавание и обучение,5.5671
e719c9d10d4ff70,test,Другое,5.6516
3f9da4d8d41fd61,test,,5.0374
81c820b4abcc6b1,test,,4.8714
bb49a5a69af7012,control,,5.9351
f16e0ae901bd0b6,test,,3.9548
580b1e2d94834e2,test,,5.7989
54a21fba37f778b,test,,4.3074
1d39d3b234ab6dc,control,,6.2468
4adf91a4823a1d5,control,Аналитика и исследования,5.515
f94f85dc41fa3a0,control,,3.1153
53de6d6aa867541,control,,5.0776
2d0fe637f6e3da5,control,Другое,4.3872
f8d8d564b72c57f,control,,3.5341
fe6d006a7eac397,test,Преподавание и обучение,5.3267
8451562b1784ab9,control,,6.144
ede9c153df5cdde,test,,7.9146
1d9aefb585b428a,control,,4.3069
2758d31d7620d8e,control,,4.9332
42263a7a5e52dd3,test,Другое,6.348
15a919548ea0fe8,control,Преподавание и обучение,4.2305
9baf09dfba7ec44,control,Преподавание и обучение,4.9416
a435f3198812c07,test,,5.0866
58bbfe65d7d3374,control,,4.1967
5fba97ce2f9bf75,test,,6.8812
8b0fb0bcfd74852,test,,5.6387
9a60b48c89bef62,test,,5.4926
f3a142d171656ac,control,,4.3865
4f3b7dda062e560,control,,5.0663
f758ad7ac1aa27c,test,Разработка и инженерия,6.2555
f21ce5a3befebce,test,Преподавание и обучение,5.7212
43f8db26d7ce4ef,test,Преподавание и обучение,4.2419
1c638140c62c2b3,test,Разработка и инженерия,5.7704
868d538274a2633,control,,4.9409
30134b092a73b25,control,Преподавание и обучение,4.5097
24ae63d7faab7a7,control,,6.0836
5fe1d02011e7803,control,,4.9884
1ace5fe42e7b128,control,,5.0521
de3966e074cd3bf,test,,6.5291
44cade564f71f09,test,,7.3737
ee0404eceeb5e2d,control,Преподавание и обучение,4.2286
7bc5732f298ee6d,control,,4.2529
476f17f36c62229,test,Преподавание и обучение,5.7507
676befe958a24fc,test,,5.3658
182d4f0d0d37ff6,control,,4.9454
653a5c20882fa7e,control,,7.0101
10f62f267cd3322,control,Преподавание и обучение,7.4785
6145f6fa5341cef,test,Другое,3.2069
be2f9cc5cb0febb,control,,5.2112
53188b0bd8f8019,control,Преподавание и обучение,6.3158
4c0ea672263a58c,test,Преподавание и обучение,6.3905
67260209923c363,test,Преподавание и обучение,5.1629
d57c4396c6bef51,test,,3.0918
33bd70b3e2a2fcf,control,,6.9563
57998376242dc54,control,,5.4809
ebc8d66edc82be1,control,,5.3988
fa7c60aff158082,test,,3.8959
9a159529afe27cd,test,Преподавание и обучение,3.7068
f6b9c47db532114,test,,4.2092
6d5087d7acd0035,test,,4.4739
c1b183586198939,control,Другое,4.1904
1e72cdb55d5a4f5,control,,5.7119
7c7716dd33fa245,control,,3.7348
2763cd3d7e95a92,control,Преподавание и обучение,7.9719
3a0041625313e22,test,,5.5139
614f790b39e2a34,control,Преподавание и обучение,5.4657
b8aacd5a9e43193,control,Преподавание и обучение,3.8567
48216c1541bad48,control,,6.6124
f2dab8a4b0912bd,control,,3.5477
8e8bca82c0418f1,control,Преподавание и обучение,3.7195
39ca08f16a6ec57,control,,4.8305
e711472cb3ba972,test,,4.8411
e1ab52eef8fe942,control,Преподавание и обучение,4.5357
3042d5de6a5bceb,control,Преподавание и обучение,5.6698
5895e033eeadc62,control,Преподавание и обучение,3.7871
da5552e38e5a067,test,,3.5723
1a828ca2bc5f5db,control,,6.8165
575b261abdd23c1,test,,6.1853
083b9bd3779b16c,test,Преподавание и обучение,4.6086
f5c5658eae6e04b,test,Преподавание и обучение,6.4498
114bef5bff51dab,control,,2.766
bc8ff5408dc3ebc,control,Преподавание и обучение,4.2004
8876ff35af3f5e7,test,Преподавание и обучение,5.043
00f3270e8da2db3,control,,6.018
82a80c753ee9b64,control,Преподавание и обучение,4.7839
7996446c5acb4cd,control,,2.7149
a77df55b87cbfca,control,,5.0798
bb0a79988078ee7,control,Разработка и инженерия,4.2903
2a571f244fad897,test,Преподавание и обучение,5.6181
8287d1020671a2c,test,,5.8948
aca9c27fb788e7e,test,Преподавание и обучение,6.1278
cfe148addefb367,test,,5.5788
299d63dd4f41e45,control,,4.4122
cdbe13099f262c4,control,,5.5895
23efbe9e4bddae6,control,,5.0573
61ff4b4856d141c,test,,4.2672
140300ba7185879,control,,4.4453
826bccb3bffaae8,control,,3.6636
182cac9e1aaabed,test,,4.1121
059263814330339,control,Преподавание и обучение,4.4961
06399e6a06fab71,control,,2.5904
79fbc98044c784e,control,,3.7274
f00d73e570ab1c4,control,,3.5011
4aaf9eecf744d72,test,,5.0259
2ff3bac6a5218b7,test,,3.2432
5bcae5255b2e83f,test,,7.385
a8f3d8056f27b50,test,Управление продуктом,6.4651
cbd6f091198bc66,control,Преподавание и обучение,6.2327
bb01df170e9d5f8,control,,5.9254
ace820f6a09d067,test,,5.9223
8d53b23ec7ab472,control,,2.9471
07096720bae8d8d,control,Преподавание и обучение,5.71
e9eaf38f8e32d23,test,,5.2171
8e4b32733db7e58,test,,6.5637
befdc1731bcba12,control,,5.9382
19ca099a2cf2768,control,Управление командой,4.9677
f93a3879ff9cad8,control,,5.1375
e1f27c2e77f6aed,control,,5.7543
b4cd2ea6dc2cee7,test,,5.9279
8e888c51a36d4f7,control,,4.6705
eadb3c74ef0f4e5,test,Преподавание и обучение,6.0066
86c391a9890d667,test,,4.5874
5303875bacf9846,test,Преподавание и обучение,5.0501
d556da409ef4148,test,,5.863
8d6f6dd6e140594,test,,5.7299
c013dd67db5c844,test,,5.0298
001cf4c44475fdf,test,,5.9837
50deea56c476a3f,test,Преподавание и обучение,5.0356
979870081baa176,control,,4.031
cf15fc55196c5ef,control,,4.5846
4480971d04bcfee,test,,5.4086
8347d767536a71d,test,,5.0206
e3b908335de65d4,control,Другое,4.7324
9a9ff1f59c02880,test,,3.6032
c5917cbfe6d5bee,control,,6.2978
f281b9a6d78e7fc,test,Другое,6.1415
047adce0c1aa456,test,,3.8818
ccc052c2e133154,test,,6.1089
e077c241dbd3771,control,Другое,4.0087
8cdba57ff1812eb,control,Преподавание и обучение,4.7764
8eb608d9f48c064,control,,5.2507
c2eaa065c01abd9,test,Преподавание и обучение,5.1269
0e52d747a68b2de,control,Преподавание и обучение,5.5086
1a057e788f4d618,control,,6.842
d3b9e0150524486,test,Преподавание и обучение,4.2329
5ecc25bd3e19902,control,,4.5549
d1aa0b1f4941aba,control,,4.8462
0666ac5ee3d329b,control,,4.7958
2d3689fc3c4707a,control,,6.3016
6b29a9cffa6a0fc,control,Бизнес и предпринимательство,6.3422
5f5ff289ff84553,control,,3.7984
27b527a50f2791b,control,Преподавание и обучение,5.1225
6e1990e0c382f2b,control,,5.5385
9f3ba3f352e897e,test,Преподавание и обучение,3.3858
8f2f886e983840a,control,Другое,4.2093
54f5d51f0b33a1f,test,,4.1322
1528aa77e3297c0,control,,4.2079
731fc7397fdf8c3,test,,6.3419
7ea46a57a07e7d6,test,,6.3124
20555ca2eb5784e,control,Преподавание и обучение,5.5063
c5732f5cf98cbf4,control,,4.5477
c49e5e7d667e16c,test,,4.3517
deaf6b572d46c37,test,Другое,5.1217
12320fcac56cc1e,test,,4.6557
343ca37fd844c45,control,,6.6847
a1496223b9f9e20,control,,3.6184
6f496556dd16dbc,test,Управление командой,5.907
6b2cd6d3773f15a,test,Управление продуктом,5.8974
349756fe4ad483f,test,,6.3498
fb597e1c78354d1,test,Преподавание и обучение,4.5474
b0bb7620d302562,test,Финансы и консалтинг,4.606
cc24f9f87313ff4,control,Управление командой,6.3076
6906e69a413ca66,control,,7.7309
88999815c46d33d,control,Преподавание и обучение,5.4987
962cc04438f6654,test,Преподавание и обучение,6.6853
abf7df504a6ca88,test,,4.189
e1752da603fdc3f,control,,5.832
c7d527468ae3ac2,control,Преподавание и обучение,5.7222
7058e75946c6354,test,,4.3633
64dce8040be04cb,control,,6.9191
f5b2e1138127a14,control,,4.7227
67431a951331a4c,test,,6.2262
cea90461f9f3974,control,,4.8797
6e940d58c09b7f6,control,,4.9979
31cf3d99bad25f0,control,Преподавание и обучение,6.026
bd52a0b3c65223c,test,,2.9917
6e9eeaa627064f6,control,Преподавание и обучение,4.1281
8fc45620a6e8b9e,test,Преподавание и обучение,5.0893
2308b50c1c35473,control,,3.9777
d2b3c06496a3a61,control,,6.6331
1c88660428eae86,control,Преподавание и обучение,5.0386
d50b974ffce72f5,control,,5.2785
92b50f912866c4d,control,,3.9472
1d5fbb05da2716d,control,,4.1483
a061eb68c742827,control,,4.2311
65f9cc52c8b736b,test,,6.0635
f49d2bb476c945e,test,Управление продуктом,4.0867
b6713a2f800fd76,control,Преподавание и обучение,5.1711
efb78034f9f11ee,test,,5.3451
526ea8d22e525af,control,,3.2906
eaf0f915b408085,control,,5.7827
4879fb931bfe13a,control,,5.874
7659cfa23cff38c,test,,6.3853
06c837577a64e2b,control,Преподавание и обучение,6.5476
92725b7fda030d7,control,,4.9684
58314c15f57a250,test,Преподавание и обучение,6.0878
0a5ae5d40353b28,control,Другое,4.5399
7ec8bbf3b741adc,test,Преподавание и обучение,3.1992
ed62981d0bd44f8,test,Преподавание и обучение,4.6118
75aea5114f4c33c,control,,5.9439
0c0e4fc169f67ad,control,,5.4101
0af6bf23025f51c,test,Преподавание и обучение,4.9735
4f268adcc3a754f,test,,4.6055
79188fa757fb57f,test,,7.5883
9a2ebfe3bdaa7d1,test,Преподавание и обучение,5.0407
e6e119ac836d463,test,,3.8604
550afbc16185c2b,control,,3.8207
ae79df79965ec1c,control,Преподавание и обучение,5.015
211d23d0b6b1e51,test,,7.5099
dc9d364d6808668,control,Аналитика и исследования,7.4323
b787816a89c1620,test,Преподавание и обучение,4.2389
70f5981878df2cf,test,Управление командой,3.7534
9c2f81ce20b1964,test,,7.7303
720db51b070929c,test,,4.9821
018119982dbba5c,test,Преподавание и обучение,7.6428
014f2b038105f96,control,Преподавание и обучение,5.1461
5aaf8510f715ffa,test,,5.5863
7ce76cc74eff94d,test,,4.1662
8cbe0ed9c4fb81f,test,Дизайн,5.1985
2aea2989e66fedb,test,Преподавание и обучение,6.2288
98ba4766f18c3af,control,,4.6883
79a8e5483a9f8f1,control,,4.4431
ae5a8a37e7c2521,control,Дизайн,5.2259
d029dca5cec3289,test,,4.8988
1d4a92fb1d90fe6,control,Преподавание и обучение,3.9763
3980a1d86d69ede,control,Преподавание и обучение,5.0483
6ad0584d6d3f7f8,test,Преподавание и обучение,2.7161
fba9dbc8ef6a75a,test,Управление продуктом,5.8396
9f461fcc498297c,control,Преподавание и обучение,4.8262
54012baa97f58a8,test,,6.0455
04e1bed2faa182f,test,,5.6444
47de081060ceaf3,test,Преподавание и обучение,5.5943
43d98fcd7ec1021,control,,5.0787
6ccedb2ab4ef899,control,Другое,5.1504
b810c9d4ac5623b,control,,5.345
de474798d2324f1,control,Другое,4.8648
30398de29ef94d4,test,Разработка и инженерия,5.2476
983a5ea2e557a53,test,,5.7417
9f22875520d544d,test,,1.4188
ef87be1d976b5c9,test,,4.6448
0dd7ed00fce2d03,control,,7.3219
e2e5bf55eb166ab,control,,3.1265
41faf84be1eb10e,test,,4.7178
4c5a429720dcd99,test,,3.8067
0e690a962cabd38,control,Дизайн,3.8916
74c1bf1834c35f9,control,,5.9661
29995573e10ecac,control,Преподавание и обучение,4.65
f4f231fb17cdb14,control,,5.6341
e9e4e81a1727496,control,,4.369
3568ffd8ddc4010,control,,7.0195
1076a361bb00621,control,,5.6695
ce8a8c06fd82033,test,,4.9791
5ae6b52f81be722,test,,5.4057
5521080350cae26,test,,5.0506
c8f057f9a535b53,control,Преподавание и обучение,4.4051
1dac75232205623,control,,6.4588
225f43f855ff76c,control,Преподавание и обучение,3.9837
06afb5f3d66b733,test,,4.0129
5c23fd113a2d10f,control,,3.7848
77e01b0354f21dd,control,Преподавание и обучение,5.1797
d6f97a477f5f166,control,,3.4309
c2d0995d2615528,test,,7.5724
5df0a476abf5727,test,,6.6868
f68e1e23102ff04,test,Бизнес и предпринимательство,4.4128
6ac4bc70e8e4439,control,,3.3607
9a9b6a45168aba0,control,,5.947
57ab89dc53a82c4,control,,5.0753
97fbd03c1be207c,test,Другое,6.3225
ca1068e3dbe831f,control,,2.5527
3c3481782b5816f,test,,4.2518
fb38e611f43e8b9,test,,7.3362
2003f5e3251882c,test,,4.6498
9173df8ba866f2b,test,Преподавание и обучение,5.9455
21471a24c75bd6b,test,Преподавание и обучение,4.2623
289f9aa83276f37,test,Дизайн,4.7371
5e0b7ef60c66ba5,control,,2.1038
00f1c8d03f33bd4,control,,5.3568
928a47a5e172b76,control,Другое,4.643
63ffd3c4cca1250,control,,5.2954
1814ca4e8b88370,control,Преподавание и обучение,6.8087
891608bcef8881f,test,,1.3551
f9994d8c1622fcb,test,Бизнес и предпринимательство,5.2087
273b793d2e2a01b,control,,3.2179
bfaa49bc7755503,test,,6.2628
d75f9c66a0f4cf2,test,Преподавание и обучение,4.4768
897cc547e9fa68f,control,,4.3561
5c477fd2ffed3a9,test,,3.9999
0ba51c601b65b36,control,,6.6639
874454825da1ab7,control,,7.0142
cc9346b02070f30,test,Финансы и консалтинг,3.4219
e9a61000f988496,control,,5.7297
62216a33154e2c0,control,Управление продуктом,5.1339
7b27db7e3d17d73,test,Другое,6.6639
4cd0d99766439cd,test,,3.7487
0d8a5b6c1b780c1,control,,3.0773
27d57216ff44e8e,test,,4.8356
15779acb3013811,control,,5.5433
92ead6483012235,control,,5.1146
55b7ec91a946334,control,,6.3752
3b3c5ea80bf3ce9,control,,6.1286
06c371642a81628,control,,4.7736
a65ae1368e228d6,test,Преподавание и обучение,4.9464
d40d7fed3f6df3e,test,,5.3753
d9222345cde0772,test,,5.1792
1346953da4eae82,control,,4.685
000277e1dbffc25,test,Преподавание и обучение,4.9229
fd4949cdaafe96a,test,,5.2884
eef34ecb8dd444d,test,,4.813
5dc5cbe0673c2e6,control,,5.2959
d679b7aae76dfad,test,,4.5523
cf8b067a47e6593,control,Преподавание и обучение,4.1042
e6333dfd477cec1,test,,4.685
c9028397da167af,control,,5.4856
9dd312fd2f94ddd,test,,3.4885
0551cb100d9dd9d,test,,3.3662
f5a602f0230220e,test,,6.148
0365023755c6809,test,,6.8337
3edee452b4e2a8e,control,,5.2947
5531a20be1bd639,test,,5.615
1744225db7c78b1,control,,4.7176
a96d16f303dc6ed,control,Другое,4.4403
182908c76658f42,control,Преподавание и обучение,4.8729
121c892be68fe95,control,,3.2501
b552e97430e1c10,control,Преподавание и обучение,7.6229
f7c00089dba68d6,control,,4.9359
38fc94157cdd418,control,Другое,5.0019
6731cd251b8b019,test,,5.0137
e32f99297f3cf85,test,Другое,4.9942
82093edd8e1f6e9,control,Преподавание и обучение,4.851
4f677c8a2267ad6,control,,4.9114
9e5949eb815d8dc,test,,3.2815
b2c8f0958df8a62,test,Другое,5.971
958701707b76fdb,control,,5.8852
99338b6592f51e4,control,Преподавание и обучение,4.7615
e779cb5a792c3b3,test,Преподавание и обучение,4.6004
ded3198138c3ef0,control,,6.1559
2448677d9b7d01a,control,,3.7311
a56de2ff7d5c0c2,control,Преподавание и обучение,5.5706
57bf278f272844b,test,,6.4564
b71b8254799108d,control,,5.719
3d7df773a0c22db,test,Преподавание и обучение,5.2965
02584d5ef015038,control,,3.8902
936582da6f9fcc0,test,,6.4047
07f02a598e2740f,test,,4.0882
b6c35ceb94e0e37,test,,6.4667
612bda504a7ce89,control,,4.6515
fef38e357b9c0f6,test,,5.7845
64b46fe5638f497,control,,6.871
053dc4472a02aef,control,Преподавание и обучение,4.0919
cb48d549d9cf2d0,control,Преподавание и обучение,4.0731
7311ee7403d5063,test,,6.1737
7fea72f4cbb0b25,test,Другое,6.6345
6e0d2c07e7dfd34,control,,5.1987
4bc72c50a250254,test,,7.2195
90ffc79aa602693,test,Преподавание и обучение,7.8156
cd04248d393fbdb,control,,3.9386
467582cdc875c86,test,Дизайн,5.5946
1aceef0f1c53804,control,,3.8253
b492d6668c02046,control,,4.8164
c0c836cbd77f56b,control,Преподавание и обучение,4.9048
4e1c14f8fc5c44e,control,,6.2351
04f38dd633d44ca,control,,5.2266
e26e2ac8ec20a4b,control,,3.3206
0f8518490615a7f,test,Другое,5.2632
aede256ea5e6524,control,Преподавание и обучение,5.8807
2daadfd65243928,control,,5.2845
6b874960d1e9079,control,Преподавание и обучение,4.9936
ac8bcf281bd3406,control,,3.1645
fc0571dc6852b1f,control,,4.0048
658b0f03c9504f8,test,Преподавание и обучение,7.9783
327f02017589e47,control,Преподавание и обучение,2.6884
b3027e54f88bf21,control,Преподавание и обучение,2.5549
4b51138b70b023f,test,Преподавание и обучение,4.5801
0d56e0612c705a4,control,Преподавание и обучение,3.9635
5725c382e2c9c08,control,,5.6389
90556962c50517e,control,Другое,5.9217
d4d7ca863694146,test,Преподавание и обучение,6.053
d7e0efdd7dad4fc,control,Преподавание и обучение,4.1247
0fc90e1d80ed056,test,Преподавание и обучение,4.7288
eddb3b2121ce402,test,Другое,5.2494
6cdedaaeb30d811,control,Другое,4.9783
c06de9221617a03,test,,5.4799
cedc339f2d4855f,test,Разработка и инженерия,4.4886
75eaadc1585a1bd,control,Разработка и инженерия,4.3133
c1cee11374ccb8b,test,Другое,6.5137
a816e2f4cb01ab9,test,Преподавание и обучение,6.0321
bf758ae0ef3a45b,test,,6.5162
31fbe53a1d48332,control,Бизнес и предпринимательство,5.5957
e343fce4ab36ec0,control,,6.3163
4248c712b85ec37,test,,3.1313
8a41bd3f4ffe4c7,test,,4.3036
3ad5d426c954495,test,,4.0987
bd7f0d2334dab6e,test,Другое,5.0968
4bc15e0e7fe1433,control,,6.6801
72c690a0deb351d,control,,5.1289
22641abbc7eb968,test,Преподавание и обучение,5.3778
6ada4764ad9ff83,test,,2.9531
6663d1035eeca31,test,Преподавание и обучение,6.7471
265fea335f43327,test,,6.0725
8949ce77aa57492,test,,8.2807
ea1c39587627bb5,control,Дизайн,6.6556
08267000822f4a2,test,Другое,5.3106
ee57f5f546080ba,test,,6.1678
f13d3427ba2260b,test,,5.0519
eec8957dd25bada,test,,4.5906
921450b4c899187,test,,8.7591
359ca6cf584b8d5,test,,6.6247
812c0ffd9e5d7a8,test,,4.4116
40281c724d67288,test,,6.2568
21912a7e522bcce,control,,5.6986
e67f40d150c2bd1,test,,4.4394
b66a9cf6f1c5b2e,test,Бизнес и предпринимательство,6.1756
1d86f66f3af5711,test,,5.1742
0ba9279fc6985c1,control,,4.6507
2995fa544f5cb55,test,Другое,5.9996
5dca7eb81197925,test,Аналитика и исследования,4.426
abcaa10ade907c5,control,,5.9198
0043c54e36889ba,test,,3.2535
8557c21cc4819f7,test,Финансы и консалтинг,3.4106
b79780a03ae3177,control,Преподавание и обучение,6.383
c3396edbe1f4413,test,,5.8588
3d6335d42f6d801,test,,5.3122
5d40b6978c07fb1,control,,3.9956
2f9031ae705954c,control,,4.7817
2a05a2fbdb699f4,test,,4.8366
479bf67b67b2d3e,control,,5.6964
430d7804b2eb389,test,Преподавание и обучение,5.6979
06ded59e32972e7,control,Дизайн,4.1364
601e4943c2f1ea9,control,,7.106
f1990a0b9a0ef12,test,,6.1538
729c12861e6d45d,control,,5.9432
549d2231ce3464d,control,Преподавание и обучение,5.8232
a880562f3162380,control,,4.0615
9916e366bd5832a,test,Преподавание и обучение,4.2828
b13b58f18b8c0ac,control,Преподавание и обучение,3.2913
4e3a940de47b7b0,test,Другое,4.8067
024bb4829d64c20,test,Преподавание и обучение,6.5199
b0d3633d66b5760,test,Другое,4.7908
16a56f9f74d9dfd,test,,6.8238
c2dd17283ab8a9a,test,,4.7711
e3a3fbea3e15c54,control,,4.1958
a1cb86ed1d47b12,test,,9.2235
012c0e196261a72,control,Аналитика и исследования,4.9945
110c5ca7332582d,control,,5.0868
e21f417f9dcb46c,test,Преподавание и обучение,5.4879
68fea7b15715553,control,,5.2083
d68fc0fdb548102,control,,3.5193
1f5e7001b9192b7,control,,4.3724
8b049956b833932,control,,3.4229
467748a91488327,test,,5.8742
f68634598209778,test,Преподавание и обучение,5.1456
075546b3f63b6c6,test,Преподавание и обучение,3.2736
c1ea844f5c2a176,test,Преподавание и обучение,5.6775
4ca7b002de04a57,control,,4.5481
2c5a501ebb821fa,test,,7.9525
4d6b95bea17e1bd,control,Преподавание и обучение,6.5963
7e61ef6fc8950a6,test,Управление продуктом,4.6289
c561dcdd44beb0b,control,Преподавание и обучение,7.3898
4cdf4ea5ecd739e,control,Преподавание и обучение,4.2911
8d9504ee7ae3bc8,test,Преподавание и обучение,5.386
ad0c7f8960e7a4d,test,Преподавание и обучение,7.0677
5480dfe2aa81a58,test,,4.479
d9fbc3ea1ad0afc,test,Преподавание и обучение,6.2246
33f75507cdbfe93,test,Преподавание и обучение,5.6879
3c12be69399fbd8,control,,4.1776
6d4b8f15f2b888e,control,,3.1075
4a080b8cddc07f7,test,,6.1822
eca88c454880439,control,,4.8913
5d1444d36c8e6a2,control,Дизайн,5.3689
9f26d92e434cfdc,test,,4.3418
ce82b78b67a7777,test,,5.41
fb6e9e1435a859e,test,Преподавание и обучение,7.3901
49f86006877f7ce,test,,5.0801
c2e8af99a0b8814,control,,5.0816
1ea8a1cedf83705,test,,3.7891
0f16761caead2a6,test,,6.0013
0e96351b5118115,test,Преподавание и обучение,6.7267
ad5bce6bcf4ce49,control,Преподавание и обучение,5.0692
25e2d5571d481c7,test,,5.0174
e6701332816f7e6,test,,5.9649
74c47cc30ee3409,control,,3.1677
b8868a0b8f02141,control,Аналитика и исследования,4.8682
14863ab22a8661c,test,Преподавание и обучение,9.3267
c483169ef63ce55,test,Преподавание и обучение,3.8822
566c8fe10bc77ac,test,Преподавание и обучение,4.4383
1113694be625acf,test,,8.0741
5b32cda03210e48,test,Преподавание и обучение,4.6181
594cb19f4453928,test,,4.1986
267e4e666d8c3ca,control,Разработка и инженерия,4.6318
0c5c930c70d5f7e,control,Преподавание и обучение,6.4568
1e5a6e1e82acfba,control,,6.0843
3122020a0f66935,test,,4.1627
8715b000751f5f8,test,Преподавание и обучение,5.2605
402ccf5437cf0d3,control,Преподавание и обучение,5.298
cdf4485ae4c6fdb,test,Финансы и консалтинг,7.6196
88edbf7529d0edd,control,Преподавание и обучение,3.3526
cfb16aef336b01d,control,,3.4819
5fc2ca90df9625f,test,,4.7316
12a2d8f80a865ec,test,,5.0781
030acd5f8461c45,test,,6.4631
c56b0e780fa7dd1,test,,5.4856
94c7aa5b713bb0c,control,,4.9911
2fc947a0dab883b,test,Другое,6.651
32e3c6caddb4c02,test,,6.2959
fa201c2fa8b3fc1,control,,5.5919
3ebe5e2ac98850f,test,,3.6877
32764ef6a911ffc,test,,3.8385
33f5543e17146ef,control,,6.0344
92ce3f9cd26f4cf,control,,3.0881
c07c814572913c8,test,Аналитика и исследования,7.0725
b445ee982842563,test,,4.4278
f523de3fd17910c,test,,5.8129
424d12e62655fe1,test,,6.0603
3177f30511743b1,test,,4.2505
3bfb7a8f803e825,control,Преподавание и обучение,4.7006
93e8b4873904411,test,Другое,4.8295
ce1cd870768457f,test,Преподавание и обучение,5.6862
da999dfdbc6d959,test,,4.7496
88f8ef9bf6acd68,test,Дизайн,6.1191
b39cfae8fea941e,control,,4.8989
278eb62dc040284,control,,5.2422
0dac9c9f48efa27,control,,4.7488
16ae32b2ffb8722,control,Преподавание и обучение,6.19
6338ca55425bc47,control,,5.0323
907ccb6ead64135,control,Преподавание и обучение,4.4956
c0fbd5afff95bf6,control,,3.1515
1e98644309858e7,control,,5.0368
de891f2e55fd41d,control,Разработка и инженерия,5.2108
d0000fe87e649e5,control,,6.688
a4cb036b7543b45,test,Разработка и инженерия,4.4827
1e4237edc13ea6c,test,,6.5546
b53155963b6ed4d,test,,5.2845
a2b392c72964e3f,test,Преподавание и обучение,6.4232
877883e52966e58,test,,4.3178
f7b21795d4b813c,control,,5.7146
98071ec6b5eef6e,test,Преподавание и обучение,4.6547
bdd0933f5c69929,test,Управление командой,4.499
2352c212ff25a5b,control,,5.8523
24156b92692ee68,test,Преподавание и обучение,2.9933
ff1d2ff0b04138c,test,,7.3019
e07eb515bac1124,control,,4.9549
e228b3364030fc6,test,Разработка и инженерия,6.4024
94b08811e2b103b,test,Преподавание и обучение,4.7246
d113f5617724afa,control,,5.1479
289d0a8259dc31b,control,Преподавание и обучение,4.9513
6f054aa0ac929fa,control,,4.6321
448809e59220ced,control,,3.2349
b401c9e0cb9f796,control,,2.828
cba0f7fb29e38b4,control,,5.6679
73ae2ea5f44a6ab,control,,5.2905
c3c44fa0500a2f4,test,,2.8804
1487d01b100ab68,control,,6.0576
d120cbb804689a7,control,,5.1463
2442b60517a7d4a,test,,4.4392
8086c8d58b79c65,control,Преподавание и обучение,4.5218
3671fde170c2e1a,test,,3.4987
af0c5ca485ab036,control,,5.516
fd8c5536cbcd6fa,test,Преподавание и обучение,5.7542
42393f1fba4eec3,test,,5.3831
933e73466e9146e,control,Бизнес и предпринимательство,6.5355
4d749dbbbad573e,test,,4.4409
d9e8ace8a721f5d,control,,3.4979
cf8bca5a7c9d036,test,Другое,5.9463
54af63bdac07ba0,control,,4.7667
364069b9846853f,control,,4.0981
369b538e84ba6a8,test,Преподавание и обучение,5.6447
88c88b7f31abf6d,control,,4.4268
246dd836a4e3a9b,control,,4.8457
2cc47a18bd45fc2,control,Преподавание и обучение,3.5911
7484ca194509b4f,test,,6.9828
65b8a99aa7a947f,control,,7.2676
3b41a6c60239221,test,,5.4995
e47bfa8c00a0c46,control,Разработка и инженерия,3.3173
2900692e368d6b2,test,Преподавание и обучение,6.3086
5b08df7595fae8c,test,,5.6736
bd9aaf7b433c7c9,control,,4.7794
c18d0ca86576e6a,test,,4.5879
85d56815ca04fce,test,,4.7034
9b23b5c761a614a,control,Другое,5.318
9f6dc551116e556,control,,3.6025
8f5c2820064f055,test,,5.9036
f4c88f3a1d0b242,test,,5.9765
a4d58570d59c9c0,control,,4.7807
62f0ddc4d67de0f,test,,1.9261
a1566f92a8d059d,test,Управление командой,7.2833
1b0ea3d20e13a40,test,,6.5786
04aad4931de3164,control,Преподавание и обучение,6.8173
eac9eacbb1bed38,test,Преподавание и обучение,5.186
ab40a5e30e2c5ab,control,,5.7286
af28cf988747112,control,,4.2367
2246455c3513f86,control,,6.4335
1e85799075fd0ee,test,,3.22
f47ea452a80e80e,test,Преподавание и обучение,5.5202
bd72fb05a18662c,test,,4.1645
94644878d3e478b,control,,4.9217
0fa5d54955bf4a0,test,,5.3681
b5fa7201c07e2b3,control,,4.6588
68055229fd6fad1,control,,6.8847
0b191cbb1940367,test,,4.7996
28613b4b6bba6e5,control,Преподавание и обучение,5.4763
b1f5e608439d62a,control,,3.9087
39b5c2cb942ec81,test,,5.7395
12b5957adadfa10,test,Преподавание и обучение,3.8785
51bf9c4b8e025ed,control,,5.9207
ecee5c0dcbd7e6f,test,,4.9373
b505a3e756bef89,test,,5.7898
adc5f9a1e49de9d,control,Преподавание и обучение,4.2246
4abb3a095968453,control,,4.7326
4cb80e6e3e3d2f1,control,Преподавание и обучение,4.8553
ab14aa49acbf6f3,test,,4.974
e6f3909e3dc3097,test,,4.903
58b00de6956fb89,control,Преподавание и обучение,6.097
108b0a41ca6c7af,test,,3.5859
2c77803e1e87a25,test,,5.1844
d56aab72b866bd8,test,Преподавание и обучение,5.2014
c496a400ff041f7,control,,6.5197
84eba7a4287a0d4,control,,4.1791
e57667719b21706,test,Бизнес и предпринимательство,6.331
1472af33bde30e9,control,,3.6123
38fb90d9be1c310,control,,4.3971
a25a506b05779c3,control,Другое,4.7322
39fe843b6855b87,test,Дизайн,4.8211
050a7c3299c582e,test,Преподавание и обучение,4.7031
361e594f2be6e26,control,,1.9126
b523fd738081552,test,,4.3425
8ed2fa37ee39614,control,,5.8016
c304b6be30e8c3d,test,Преподавание и обучение,5.7109
e6b6d26088d8fc5,control,,3.623
314f396b264e3f7,control,Преподавание и обучение,4.7601
c8af8cd8aa32293,test,Преподавание и обучение,4.9011
c98a9c672389a4f,control,,7.8651
aabb60caf51943f,control,,5.2236
d1444f7fecc8352,control,Преподавание и обучение,4.8951
82bfd5f4e73b711,test,Другое,4.2475
e0d66c7f1f9233c,test,Преподавание и обучение,5.3576
f38416a27be5489,test,,3.7697
2059305df2a5abf,test,,5.6867
fa8304157936604,control,,7.2121
738a65748019b03,test,,5.0466
fbbdb360467183b,test,,4.9224
0b50c6a2a8bfcf6,control,,5.0609
6277398b14bb4fa,test,Преподавание и обучение,5.2673
d7a630f630bfa46,test,Преподавание и обучение,3.0621
137fa6f05f79be7,test,Бизнес и предпринимательство,6.9258
de3ea31f1da98af,test,,7.4352
aa395c1d4e60635,control,Другое,5.0226
c97d40467919c84,control,,3.4417
c93d75983d5bb40,test,,5.7341
e0f1314f3b3d70d,test,,4.5753
9d1e1869f3efa7a,test,,4.8637
a6e66a4fefa84b4,control,,4.706
64e5f9ff6081dab,control,,2.7807
d10d90bcb574bc3,control,,5.7457
92487ec11a00f8b,test,Управление продуктом,4.516
2d4f3aec5a67e97,control,,6.6723
b79e9545aed2d6a,test,Дизайн,5.2048
6d372c9d579a60b,test,,3.8936
dfcfeb1a7c16c35,control,,3.5115
0ef79a2414e2c37,control,,4.8777
81811aab801c530,control,,6.1305
b7d078ce41be0fa,control,Поддержка и сервис,5.2681
f1dc12a1b3b2786,test,Преподавание и обучение,5.2438
68e2d32f47e64ae,control,,4.62
e3df4ebda9ad686,control,,4.3106
670d550f823223b,control,Преподавание и обучение,4.5129
5e1533b348c97e6,control,,5.2128
eeb94bf341321fa,control,,4.9154
56d52de5532e0e1,test,,6.2399
34a09902d315c0f,control,,6.6148
e2f5f342eafaa6a,test,Преподавание и обучение,5.5823
a599e68efe94709,test,Преподавание и обучение,6.1535
1470780aeed7c0e,test,Преподавание и обучение,6.4459
8e310a251336c47,test,,3.6545
754cbe79bb09d1a,control,,5.7765
220f5168e040e34,test,,2.6144
8d9c51c367cadbb,test,,4.4178
432a64aa2b93bba,test,Преподавание и обучение,3.859
fff5ad9f0a17314,test,,5.4244
f417439848bffa4,control,,5.2431
f54b79cef38889e,control,,2.8118
0fb93a4e82fec32,test,Преподавание и обучение,5.6918
19a19ddb31d5e28,test,Другое,3.337
328226ec6418e1c,test,,6.4114
628ce94c4963294,test,,6.4675
52d3c44725d8346,control,,7.1924
0ba039b672b0f5c,test,,7.173
0bfd37c70b89ba6,control,,3.685
ca9b524bbab1dff,control,,6.0415
711f32929586457,control,,4.2745
2d2b6939c853018,test,Преподавание и обучение,3.9152
09f7dd81eec18ad,test,Другое,5.0623
587091cbaf6b848,test,,6.2114
3729066631ea9e5,test,,3.9492
fec915450245ea3,control,,6.5143
b859a1b29547a80,test,,4.7864
6de131422cdb470,control,,5.6902
6e57cb305419788,test,Другое,2.9775
fbdcd73970657a5,control,,6.4369
a4692f3991baa93,test,Редактура и копирайтинг,3.7519
cb571cc38c404ac,control,,7.0551
9d91c9da1ee9d28,control,,4.2574
aa21a6422212510,test,,4.335
9fbf8ac9df34fd0,control,Разработка и инженерия,4.437
0799fe148a05a52,control,Разработка и инженерия,4.7876
b503e445406ed0e,control,,7.343
e30b83d7945984d,control,,3.981
6ccc1f74ebd7ca5,test,,6.3924
d270aaaab4c3b06,test,,7.4109
c9431ffa30650c5,control,,4.0799
190bfadefd89382,control,,5.4753
252c9010dac40b3,test,,2.4395
24958d1015a72b1,test,Управление продуктом,4.8745
c4013003ce9ba0a,test,,4.7575
e65a651008d918e,control,Преподавание и обучение,4.481
6262144c9856506,control,Дизайн,4.2944
64272a1ac3ef2c7,test,,2.7697
f50979e7d829ac1,test,,6.4723
8dc70dc292de495,test,,3.2656
d2cffa940fcea7d,control,Преподавание и обучение,5.0722
59e27d5e789fda4,control,,3.2283
483898d4e5d2093,test,Преподавание и обучение,4.5967
d5e59f875f6861c,control,,3.7249
916eba3d480b83c,test,,4.8237
b9b4533eb5671d9,test,,5.7023
7bd2514e19dc4cb,control,,4.064
3475bd2eb553878,test,Преподавание и обучение,6.9025
1206d971b4a461b,test,Маркетинг и реклама,6.4811
b82f4b0673071aa,test,,5.8419
0bcdeaf0761fdc1,test,,5.4979
68731ebf6cd14c0,test,Преподавание и обучение,6.9899
820cf63186aa07d,control,,4.3498
ffc583866c2ff32,test,,6.8072
facf5484ac5c5aa,control,,5.157
290998cf564f245,test,Преподавание и обучение,5.5363
30c8f83b2516e59,test,Преподавание и обучение,7.5848
b892e31b9192898,test,,6.3865
1fee46c99a6404a,test,,5.2198
ebdd14cf38a6ef1,control,,4.7789
24e276e48897649,control,,7.4716
0dcc4f3d9969e5e,control,Другое,4.4655
a8f9eafd64de823,test,,3.6905
17431225d4a6a97,control,Преподавание и обучение,4.8178
ea3773ff36d6841,test,,4.9274
afe875c3c5e4430,control,Преподавание и обучение,6.0021
4c074641e233dbe,control,,2.9393
721fd62eea36580,control,Разработка и инженерия,3.8291
67d3917da49225d,test,,4.7383
28cb77773cd56b7,test,,7.5992
faff04569da6994,control,,6.8925
4a34b41bd7ec207,test,,4.9513
447e7a9a12959ea,test,,4.6815
b9175fa909465b7,control,Преподавание и обучение,1.9367
b01376b6e1c9b8e,control,,4.3355
477d38b089a5bab,control,,4.7768
1434cf2d12f4c2d,control,Управление командой,3.387
ec58840356d5d47,test,,7.1621
b171c40b9f13ac5,control,Преподавание и обучение,5.0634
02119c105b0e3e9,test,,4.3953
beea956f9cf6f1b,control,,4.5013
7960ef82b19b774,control,Преподавание и обучение,3.9055
ebaffb800ee68f0,control,,7.0408
a02fd5bc6e5010a,control,,5.4178
6d219478cf2f057,control,Другое,2.392
e503aafb9b4f200,test,,6.2386
89ecbb60851d4c0,test,Преподавание и обучение,5.2499
6bca755efcad727,control,,4.0028
4b9fd4190b38a19,test,Преподавание и обучение,2.9695
cd9b114450314ba,control,Преподавание и обучение,5.5521
4a58f77216648d3,control,,5.1447
d0c39742fd2947a,test,Другое,6.1409
ef7a2a505aaa830,test,,5.263
6feb259f78a1c73,test,Преподавание и обучение,3.6396
4000016ea71fe96,control,,5.9645
269b036945fab2e,test,,2.4305
af9892f440892be,test,Преподавание и обучение,5.3886
aa810443edb6657,test,,4.0653
027c2e7a5dff54c,test,Преподавание и обучение,5.96
3ccd28c5f80265b,test,,4.2113
bc353219c2f261e,test,Преподавание и обучение,4.585
e19a0d08daa7af9,test,,5.4755
c7f0c28573525e0,control,,6.3241
7f53c774bbbe39b,test,Разработка и инженерия,4.4668
c3a61ba621bcb65,control,,6.7211
f0d0a18a9b4529b,test,,5.6617
523ac465febf196,control,Преподавание и обучение,3.6081
1799bab955e0dfe,control,,2.7749
e75a1ad50e074f3,control,,5.1343
ed148ad4ebf95ea,test,,5.9674
0718aca87a8b402,test,,6.6804
afeb5a170a1ebd5,control,Преподавание и обучение,4.5245
f446dc9430f664f,test,,5.5153
114269b39593885,test,Преподавание и обучение,5.5806
26f1933691e0e4f,control,Преподавание и обучение,4.1033
e2d02e810cd7016,control,,3.1058
58f15fd975b07b8,control,,6.1804
d280a3bd4356bf1,test,,7.0188
bd0af8ad451f517,control,Преподавание и обучение,4.7541
69810758540f6d1,control,,4.3095
2fc026dd769e38b,control,Другое,5.2491
d0a32878af30280,test,,5.8311
277f341214232d1,control,,3.5053
41fac83bb813e1e,control,,5.4313
8f94f698795fe30,test,Преподавание и обучение,3.4922
8cf044e2934d5a4,control,Преподавание и обучение,6.2751
238239f3424d567,control,,3.8272
6b5c2954b6adafb,test,Преподавание и обучение,5.3015
f20d8b335198e62,control,,3.8526
d8a11a38df379c4,control,Управление продуктом,1.8103
66b77221c35bad4,control,,4.9303
ec07e111cd62446,test,,5.0662
5389d69f5c5bf0b,test,Управление продуктом,4.0024
0eecc0b03f9fe0b,test,,5.9038
228478edab5d767,control,,3.9417
35b06d575f14bb6,control,,5.6499
7b79e4331956bb5,control,Преподавание и обучение,4.1211
ae6a73427fe8c64,test,,4.8606
e78f60c6859e956,test,Преподавание и обучение,7.0035
e3981c59216a91e,test,Преподавание и обучение,4.9872
8628e8bbd2e52b6,test,,7.0845
7cdd09637020b38,control,,6.694
2e1eb205d6fc5b6,test,,5.7244
16090639a4fe961,test,,6.0272
579bd666de0c466,test,Преподавание и обучение,4.2531
689bce8b6b473bc,control,,5.5133
a95de2e18a19b44,test,,3.4211
c7ce8126a8b72c8,test,Преподавание и обучение,5.494
99abdfe18ee2930,control,Преподавание и обучение,3.9321
a8ea51ecb0fff6a,test,,4.8001
5db750c636a38b3,control,,6.9747
6d29f5402f9235b,control,Преподавание и обучение,4.1814
c2387249b6e5806,control,Преподавание и обучение,3.9469
b9c6db75ac3afe6,control,,4.6406
8a674ecab8c2a2d,control,Разработка и инженерия,2.6237
0332bdce906f083,test,,6.2162
d56dbf9c50d044b,test,,4.4072
4b8ce655ab61eee,control,,4.6105
fa34bba3d43ba60,test,,7.4794
571e94541189915,test,Преподавание и обучение,4.8113
2205b21ecc68838,control,,3.1835
215e18ecf04f504,control,Преподавание и обучение,5.9806
4bf283e0fd2a003,test,,5.4393
eed9856b2b2b370,test,,4.3134
1fb4c593c933f9d,test,,6.6653
220bb3c182d00bd,test,Другое,5.9982
a837dc7279be2b1,control,Преподавание и обучение,6.3928
2d1b0642f8b6f92,control,,5.2418
1896db1e6d1317b,control,Преподавание и обучение,4.4717
647b8de6ec773d3,test,Преподавание и обучение,5.2827
64c9aebcf22b93b,test,,5.1933
05d6b18d637b177,test,Дизайн,5.1096
ab5e6e68b51f94f,test,,5.2931
65680143cc0636e,control,Преподавание и обучение,5.3651
34777b38ef6c510,control,,3.628
90df146c2da2990,test,Преподавание и обучение,3.9809
31c0e7a84428907,control,Преподавание и обучение,4.7027
1c5767db3644e36,test,,4.2198
d363d40f70e3b2b,test,,6.4198
88fe0407b73faba,control,,4.63
37103d348060978,test,,6.1266
318316e1d2f7bb1,test,Преподавание и обучение,5.4121
d514021f907f7db,test,,5.0437
ef337a82a3c369e,test,Преподавание и обучение,2.8473
5b94bcebc121d0f,control,,4.2164
8c0e4fb41068a33,control,Преподавание и обучение,4.0759
3f5aa77cfba5496,test,Преподавание и обучение,5.719
e625e4b14141f0b,test,Преподавание и обучение,6.2085
4d4b5bfc06d4278,test,Другое,4.8955
316fb891547f918,test,Преподавание и обучение,4.9707
d4f52d9ba24bdd0,control,,4.0511
b9eb79c7aa4c2d4,control,Преподавание и обучение,5.4967
618169e43fddd3f,control,,6.0051
a485571960d8aa1,control,Преподавание и обучение,4.8232
bca70a1faae5ab1,control,,4.153
34e461956825fa1,control,,4.67
b54d62269b5828e,control,,3.8215
a3643eca13b0642,test,,7.5621
1f8c8975dc82037,test,Преподавание и обучение,5.6067
a74e07e005d6e63,test,Преподавание и обучение,6.939
7c73f2a5787992f,test,,4.2551
57c02d4893cf007,control,,4.9276
12dc7566aca7d98,control,,5.5824
ea825587cee04de,test,Преподавание и обучение,6.2962
a69b92db0918201,test,Аналитика и исследования,4.3974
975abca29d2bd18,control,Преподавание и обучение,4.9727
7a4dfde7cdf4ccf,control,,4.659
6e0ddb5dcf9fd03,test,,4.1061
2f6fede3dcb85a9,control,,6.1985
5742a22fbfa88f9,test,Преподавание и обучение,4.3229
b07a2e62804fe15,control,,7.3917
2353b53e7908896,test,,5.0478
cb6a8a14adb3fea,control,,2.8707
a2e3ff1fbd4ed3d,test,Управление командой,4.2864
face5b00fd8450f,test,,4.7893
b279899640cec65,test,,4.7411
bb77ddaa6a42854,test,,5.7759
7fcd11ca0cb6459,control,,6.2117
b6ea5ab52290017,test,,6.0329
a1be31b3699c0fe,control,,5.3535
fb7fdd6cce92867,control,Другое,3.8706
c378ec91b4dbaf3,control,Преподавание и обучение,4.9005
090faf7a23b6536,test,,3.4525
61eaf8279a99b3c,test,,5.9196
01773c2bfb661b6,test,,3.6933
75c194eae685496,control,,3.644
2fa6a298fa86a4c,test,Преподавание и обучение,3.0323
6bc640cf6d5e168,control,,4.7956
59b56cca2be3dd4,test,,5.7318
fc4e01a815084b7,control,,2.326
613c306e3dfa920,control,Преподавание и обучение,5.0363
84c52e93d18c56e,control,,2.7309
5cbf03a873672fe,test,,6.5782
640e3deed7ff9b6,test,,4.1002
29bbe6784cc21f3,control,,4.8107
885cd91063e3082,control,,6.1275
360acd2308fda1f,test,Преподавание и обучение,5.7514
74ca44427c6c1c8,control,,5.1121
2ed16bd609a5866,control,Преподавание и обучение,4.1622
5c927071e36c7da,test,Преподавание и обучение,3.6785
b27476cc5a5df8a,control,,5.6167
a12cbef1fb0144e,test,,4.4929
3773704124f8fb8,control,Преподавание и обучение,4.1504
539a107dbebd0e9,test,,5.2863
78535ac38a3e693,test,,5.7517
ac34039041d4d3d,control,Преподавание и обучение,3.9486
9c0c354b2855c16,control,,3.9016
69130be40635486,control,Маркетинг и реклама,3.9568
ebca49acf8aaec0,control,,5.2982
cb75cc8392b6865,control,,5.7513
976cbe969d3b6a8,test,,7.1425
967311478d7dd49,test,Преподавание и обучение,3.725
baf0519a5703472,control,,5.2908
ee9249a5c111ba8,control,,6.2109
f5b529b44b9f2a3,control,Преподавание и обучение,5.7198
0a5dd67158e6795,test,,4.5127
bc28beb7579ff72,control,,4.6918
62e5a8dbf5eca7c,test,,6.937
82ad05410201f34,control,Маркетинг и реклама,5.0078
14ac7086054adab,test,Преподавание и обучение,5.8565
eb6fb1bd51537ac,control,,5.3255
4d943f7b7fdc624,test,,5.2152
4a28bd6ef9e6fe3,control,Другое,3.1231
44576237e7656c4,control,,8.2004
27f91692203565c,control,,6.283
ebe703140a23e84,control,,4.879
b1d9aa66b34c94f,test,,6.3861
4e833233ca30e2b,control,Преподавание и обучение,4.3734
5d3d8e22da20f5e,test,Преподавание и обучение,4.1591
72de9fbf8e075ef,test,Преподавание и обучение,5.1642
691db6c64c072f8,test,Преподавание и обучение,7.7491
89c90a54fe59418,test,,6.9531
e5e16549210aa96,control,Бизнес и предпринимательство,3.1041
903dc6d719e1256,control,Дизайн,7.1841
748c8eee687dcb5,control,Преподавание и обучение,4.6721
40e96b30bb5b8c0,control,,4.4949
7d69c2a1cfb822e,test,,4.8938
a975cb26f41ab3d,control,,4.0123
4357a79f90c713b,test,Преподавание и обучение,7.4634
fc9c27955e5aa14,control,,4.7343
c0d77d4888bc13d,control,Преподавание и обучение,4.7218
6048aae8ded91eb,control,,4.4015
05d2a5d0a8e0507,test,,3.645
7b6473905b45db6,test,,6.8775
61443f2dfb344f3,test,,4.5406
53dcc91c10c128d,test,,6.2732
184da950640feb6,control,,3.6618
bb4750371ca5de8,control,,4.1886
9bb5f661f95896f,control,,5.3047
2ff1dbc0f4cbee6,control,,3.3972
bb271bf7fa5686f,control,,5.0983
6437e88c22fe80b,control,Бизнес и предпринимательство,5.1318
38041ce243b3962,test,,3.8274
5851b33da83636b,test,,6.7827
7a3207cbcfd5c1e,control,,4.4025
e95ba0999bca62d,test,,4.7008
8f3e06511e622a1,control,,4.3087
6e13bdaa040d536,control,,8.2342
8e8b5ec422a222e,test,,4.9462
4389e8454ba935b,test,,5.741
3a386fbc684cdda,control,,5.805
d993f2312550e8a,test,Преподавание и обучение,6.9179
1a91a7716ee79ac,control,Преподавание и обучение,3.7938
88815650cec9920,control,Другое,4.3387
0cc30e3a86a7693,test,,4.9593
5e56adaf4208a4d,test,Преподавание и обучение,5.7624
93de39add0f34ca,control,,5.7771
d73c94eb38b01fa,control,Другое,3.3418
cfb760582802244,control,Преподавание и обучение,4.6724
f8dd409c6d48dda,test,,5.5922
15b5ceef9c0992b,test,,5.3131
7df3c66cf1c6c36,control,,3.3545
6a867d6222a1ea5,control,Бизнес и предпринимательство,4.868
3a0d171fe9f0578,test,,5.9303
bbae45c128ffbb2,test,,5.0285
5ca87b749782d0e,test,,5.7373
1c247c47d39b7dc,control,Преподавание и обучение,3.9404
3450a888b01f9da,test,,6.4006
4862129b12822fd,control,,4.2909
f19954b0135cb66,test,,4.6378
20813462cbfe738,control,,4.4499
77f5cd16577cdd3,control,Преподавание и обучение,5.0093
582f25028837db1,control,,5.3511
d9a7d19175f1aa6,control,Управление продуктом,5.5303
7be1613d575d16c,control,,4.3611
491b7254a1897bd,test,Разработка и инженерия,4.3422
08fa9d72e5f62dd,control,Преподавание и обучение,4.8596
02bc7f0ef8637cd,control,,7.043
da106a7ca55379a,test,,6.2136
1cd34137686df15,control,,5.4587
2d1813cdd487aa4,control,,5.9777
25d5de5fee26be4,control,Разработка и инженерия,7.1084
037a6f5b57a7b93,test,,4.3456
d47a6fc4e43fdbc,control,Другое,4.82
8f1d01ffe7cf319,control,,4.2499
726c8e9884a9db9,control,,2.6332
4fa348aa3905eb3,test,,5.5536
34c426e12f2812c,test,,5.1249
c82ad117fd3b8ad,test,,5.1572
c14a8884dbce224,test,Преподавание и обучение,3.097
5fa1c9aee2b42e2,control,,5.3311
4ad3ab172f51188,control,,4.299
c9f38d74ecb7e42,control,Преподавание и обучение,5.1173
6263cbdb74f89b7,test,,5.0167
cceeb6793ed7b60,test,Преподавание и обучение,3.6262
969dcd2ce02ac2f,control,Преподавание и обучение,5.86
8e55557c433c827,test,Преподавание и обучение,5.9998
08ebb75fb9b64d9,test,,6.5973
c2d56cadbf4ade3,control,,2.2499
f03c38c1c0019f7,test,,3.8186
e9c668c1938e7d7,test,,4.9375
cda05ae210833d9,test,,6.392
830380f36838c71,control,,5.3585
8488182dc6f0aff,control,,5.0339
923e7ba5b0ba4f7,test,Преподавание и обучение,5.5419
a566ce2a5326947,test,Преподавание и обучение,4.621
8f61cd9276fecd6,control,,3.5402
1fb2208f5a798a9,control,,5.8633
8138b9bcc23ec21,test,,4.1257
cc0c3315c3b1f08,test,,4.2399
1e6323b005071e9,test,Преподавание и обучение,4.2695
017f830c92d554c,test,Преподавание и обучение,3.9793
c33af270411824f,control,,5.4746
131e587e9ca2605,control,,4.3001
cf7cffb1b92c5d8,control,,6.0368
8ae8cd9bc842df4,control,,5.3295
701e70f5a2a68c2,control,,7.0686
0d31f7acc3196e2,control,,6.9083
5222795e17a6e82,control,Преподавание и обучение,5.0602
8d8fba278f4e15a,test,Преподавание и обучение,5.503
5038e509353b1be,control,,5.0508
ed19f4cfbed4079,test,Управление командой,4.4816
850365372af0549,control,,5.1962
fc147fa01f78d5f,control,,2.3458
c6bfe90146bbcd9,test,Преподавание и обучение,4.3049
1343d3a8a5bf1a7,control,,5.5096
fb72e98e324e9bf,control,,3.8204
cda226c98ee0809,control,Преподавание и обучение,4.402
cc1b02376a182df,control,,4.0419
0c174155a0b8913,test,,5.295
7e07467283b8c0c,control,,5.6706
70c2cc654e7d194,test,,5.5813
b9b79e89adc543b,test,Преподавание и обучение,4.265
8636c24161e3c7e,test,,4.3332
8a318ae917cc1e8,control,Преподавание и обучение,4.8086
16f14dc91245acc,test,Поддержка и сервис,4.0145
57a63041b6e9a8d,control,Преподавание и обучение,4.7686
98e92107e1a3add,test,Бизнес и предпринимательство,5.0225
f20a8960ad8c489,test,,6.0142
6e6a96b87f00723,control,,3.9258
1c10f3ca551d1a6,test,,5.1783
99f7d5c06c385bf,test,,5.2125
46fa0db18737c01,test,,4.0703
172cc4ee5caaca2,control,,4.7663
26969d707554047,test,Бизнес и предпринимательство,7.1167
9569cc6b3f808c5,test,,3.9049
07182c27c52277d,test,,6.7288
613c5626f71ce21,test,,4.1701
59f921feb274b70,test,,2.435
e4ff8e17ff4ec77,test,,5.0708
e811ab1c522a48a,test,,4.1869
b55cd435ae7fada,control,,4.5433
06af4a2e86d9ce5,test,Преподавание и обучение,5.9102
fee5480633f6f0e,test,,3.9253
164d20f54a4e8df,test,,5.4967
4137343a002821e,control,,3.8264
59517c133664e93,control,Преподавание и обучение,4.0451
2dacb078107fad6,test,,5.1676
cee468d8b9d007a,control,Преподавание и обучение,9.0785
06ab7357728c7c5,test,Другое,5.7582
fb2725efb0e1061,control,,5.9603
fb779d1e390100a,test,,5.3706
cd78404e61ea803,control,,4.6696
e8f58a4dfe2bcdc,control,,5.9044
8b71dff40748460,control,,5.7571
b53a62ce5ee82e8,control,,5.2676
54cd1dd64d69352,test,,3.3618
055b52dd8f0932c,control,,5.8247
0f92750b69eead1,test,Другое,4.8325
58b490c98da4e45,test,Преподавание и обучение,4.2918
866a1f2ff352ecc,control,,6.719
76c83d0604a74cb,test,Управление командой,5.1435
09d6cfc8da2e2d4,test,,4.9752
1cae9c412513580,test,Преподавание и обучение,6.0795
fbd4e73e5d08db0,control,,5.6983
fdd3509ba474fb2,test,Преподавание и обучение,4.8556
cec53c1046a8947,test,,5.7378
f64589c9c8aca73,control,,2.4859
a55b9f6bfd4118e,control,,4.735
7ac96b8543f7c7b,test,Преподавание и обучение,5.9721
d552226969980f5,test,,5.7489
cf14daebf2d974c,test,,6.1212
581238bda89971f,control,Преподавание и обучение,5.9719
58076c1d539c85a,test,,4.4861
9105b8443e321f3,control,Преподавание и обучение,2.3979
4021c42a3f95464,test,Преподавание и обучение,6.4156
63382a424539b49,test,Преподавание и обучение,5.3444
2ab3557611bb861,control,,4.0002
69c997f0e1ee9bd,test,Преподавание и обучение,6.0955
7906e3b60fe478f,test,Преподавание и обучение,4.3011
2f4720b4be38e75,test,Преподавание и обучение,4.1782
55605de7a179e9a,test,,2.8935
108b4ca22a7433c,control,,5.5138
a617b5a02c758a5,test,Преподавание и обучение,3.9612
cfebea169ea564c,control,Преподавание и обучение,3.9094
23badce87afde71,test,,6.9517
19c0904354e7bac,test,Аналитика и исследования,4.3378
32afaf3d3068069,control,Финансы и консалтинг,2.8452
8df03338b72e64f,test,,5.7065
882a1c330133146,test,Преподавание и обучение,4.513
d6b072c7066e297,control,,4.7924
529f5b49fc3085e,control,,4.7913
5f1ca81a88ca8be,control,,5.632
a6ed0dca021a80c,test,,6.0452
e1d37cd427fa7ab,control,,6.5846
2c8f7099295c843,test,Бизнес и предпринимательство,6.8431
f3d81bf8e6ed939,control,Дизайн,6.2537
8198d57619f2369,control,Преподавание и обучение,8.0117
dedb830470b5d4f,test,,3.4518
da51ebda8140576,control,,3.4551
61a4f4ac99157a2,test,,5.8755
be93ffce95feaf5,control,Управление командой,7.1855
d2399e685ea8a09,test,,4.1202
2173ef0c90c5ef9,control,,4.5205
79e8b89c9967823,control,Преподавание и обучение,5.8449
516a306c2f61347,control,,4.5107
66c071f62d9c454,control,Преподавание и обучение,5.7261
76735bebe6f3ff5,test,,5.4169
a39c4beba68e005,control,,5.8114
81c918e935834d1,test,,5.4875
4a32da9e19738da,test,Преподавание и обучение,6.164
e2564a5cd8e064f,test,Другое,5.6055
ca17f547ec79676,test,,3.7712
55b1c05834fbcc6,test,Преподавание и обучение,5.5552
ba0468c907f5cb6,test,Преподавание и обучение,5.7368
bc410046e023203,control,Преподавание и обучение,6.6569
92a2d4f0e065e91,control,,5.2664
a125d468f2bb9c7,test,,5.717
133953dfee48f56,test,Преподавание и обучение,5.1185
ebf5e8ff8e079c0,control,,5.0832
bd615589595a05f,test,,3.9147
481f98e02126994,control,,4.8009
8a1020fa5c1b3bf,test,Другое,4.3489
5978a12774bca76,control,Преподавание и обучение,5.1128
c036fe59a48239e,control,,5.9319
a9950c40c2de568,test,,3.8409
d2b4d29f5a2c8f1,control,Преподавание и обучение,3.352
ed90573c7675a07,test,,6.444
b1acd534fff73aa,control,,4.0571
de1b3edf6528077,test,,7.0567
91b08b31befa8a8,control,,5.7529
f34be2358172b01,test,Преподавание и обучение,4.2597
8ec1526ad61781e,test,,7.1832
863d7d63b30e978,test,,2.9379
a84b0173d3657c4,control,Преподавание и обучение,4.1779
7fe58fa70cabbf7,test,,4.4662
95981344633ebe4,test,,3.0771
4742bcc8bd4b8d9,test,,7.6923
1bf87cecfe7ef2c,control,,4.5945
39a27257056dcd8,test,,6.3751
c724999848625df,control,Преподавание и обучение,6.0048
ab62fa47ada24e7,control,,5.3601
f4cfac892f24c11,control,,5.7709
24e11084848b8d7,test,Аналитика и исследования,4.5618
ce0765b45187af2,control,Другое,3.2097
7fc04bb2da75c8d,control,,4.8182
b9c1b67b9fcdc7b,control,,7.3878
e17f33e49895ebd,control,,5.1649
0f9bf72133461ac,control,,3.8622
246441695b5afb6,control,Преподавание и обучение,4.8077
55af208298b88a1,control,,7.234
3c666379290bfc0,control,Преподавание и обучение,5.5801
7baa8ee6160afa7,control,,3.4651
2847d8b0683bd59,test,,4.4982
f333aba531a35bf,control,,6.0064
b9257022942c7b1,control,,5.513
fe40e623e0aabee,control,Преподавание и обучение,4.6978
390e66557f2a0bf,control,,4.9407
cac8f04ce944dc8,test,,3.7168
fcb1f19a8fa4753,control,,4.0158
65638d7c486be1e,test,Преподавание и обучение,6.318
94d6f825bc88f8d,control,,3.2734
a405695a839c771,control,Преподавание и обучение,4.5372
c161914213b5a8d,control,Преподавание и обучение,5.4699
783932a962ba674,test,,6.641
2aa25953f1963fe,control,,4.2432
d6721dfa4859cc3,test,,4.1733
0e0d52c459f828d,test,,6.5253
ddc915ebd27e60e,test,Преподавание и обучение,5.6222
f0845d7ca336141,control,Дизайн,3.8714
0bae4c670e24c90,control,,5.7822
98b5b8e9f68e074,test,Преподавание и обучение,3.5847
33f99837ce2ddbc,test,Другое,5.845
5c12b3b39494d27,test,Аналитика и исследования,4.6357
cbd862a6d752c32,control,Преподавание и обучение,6.8543
c69abc968e89ff8,control,,7.9472
fe931ad03102af8,test,Разработка и инженерия,5.2621
2fa75e8be600801,test,Преподавание и обучение,5.9594
82ecfc0995fad42,control,Управление командой,4.6197
f2ccb0fc9720f2f,test,,4.4081
e5ade928fe99df8,control,,5.3712
fb056b4d377d118,control,,3.8523
56eb038b5d8623b,control,Преподавание и обучение,6.207
9563f83de7a626f,control,Другое,4.3047
361090490540873,control,Преподавание и обучение,4.2925
79e9cbed25592bd,control,,5.2369
b3f16d7746f9f2f,test,Преподавание и обучение,4.5024
781e5b51114eb9d,test,Дизайн,6.0748
03d3aebcfff1b10,control,,6.1656
528260b7c97c504,test,,4.925
e229158ab03d7d9,control,,6.7858
a95c620af9d4564,test,Преподавание и обучение,6.6476
3aa650f42113ca7,test,Преподавание и обучение,4.6575
59a0b66225d703b,control,,4.4115
cbf910dddbc26e8,control,,4.091
973f4a69fe2f0ba,control,,6.2553
8d2d2589812e004,control,,4.4117
fb0f24517f76f8c,test,Преподавание и обучение,4.9504
aa5e844fe827e06,test,Преподавание и обучение,6.7408
f1dc992375c26b2,control,Преподавание и обучение,5.4994
b0a60e068bcf31f,test,,6.0787
0d2549a28721b68,test,Другое,5.6394
fa4b65f80b61f26,test,,5.9466
bfce8f6dd520c31,control,Дизайн,5.0282
9a66b42615894e1,test,,5.1726
625c6947ae3a13e,test,,4.568
c82798cb4655f63,control,Преподавание и обучение,7.3744
258c8849da0fc6a,test,Преподавание и обучение,4.9539
2d95b6ea0af6d65,control,,6.1297
61b2c7d1e1ee4aa,control,Дизайн,5.0467
a715698f7804a24,control,Преподавание и обучение,6.3961
67b7e122e335e7a,control,,3.3114
522f30fb35cd455,control,Преподавание и обучение,5.4419
c4dbd3de122df4f,control,Преподавание и обучение,7.16
e8301018c96268e,control,,4.2698
0d9768b59fa6e16,test,Преподавание и обучение,3.6956
78eb5afa8786cbe,control,,6.4027
37e6597c8cc17c8,control,,7.5794
eccd2f461252839,test,Преподавание и обучение,5.3063
7955b9b8353ed86,test,,7.2107
8d80a840fc1d72a,control,Другое,6.2877
89a8e964df0d827,test,Другое,5.04
c90448870f75d09,test,,5.6777
5f06b3e62ab5635,control,,3.566
b5c64ae44c491d0,control,,6.0787
e3b80b07cf0279e,control,,3.9366
0f152d80726231b,control,,4.2457
e85b40a50983dc2,test,Преподавание и обучение,7.8436
57e4441c159a29f,control,,6.0005
a8c7fdb49591d48,control,,4.8666
f7ca98c5de71c49,test,Другое,4.0475
974b21cf2bd6a9e,control,,3.9823
34e993eff027f14,test,,6.5058
51c455610bdb10e,control,Преподавание и обучение,5.256
ed161c2a85704db,control,,5.6211
bd22f53af77bb20,test,,6.3135
b720bc49b34e817,control,Другое,7.8407
b9b99e00c6b0742,control,,5.3575
f53a1e56f935ba6,control,,4.0696
354af218f139cf7,control,,5.1768
2e9a46a964d55f5,test,,5.3995
dc47b1cacb4deff,test,,5.2177
ea7e97d79978ab7,control,Преподавание и обучение,5.7368
a05cb4ebe9927f2,control,,3.879
ea4f680c67508db,test,Преподавание и обучение,7.2011
c5515ae29c97fc3,control,,4.8109
5bc6f925be5b139,control,,5.0312
2939530bdefd399,control,Преподавание и обучение,5.1652
b96568a4d3ceda6,test,Преподавание и обучение,6.2591
dc37335ab92934e,control,,5.52
2a9b5a7bff37182,test,,5.6967
47f4d896634cfe9,control,Преподавание и обучение,4.8714
565e1b81b99c214,test,,4.1405
ae73f2ebb5ae9e3,control,Преподавание и обучение,5.9035
3fe99defefcd703,test,Преподавание и обучение,5.8638
8941c8c3a6d2efb,control,,5.8004
3cacd48ab17a9b6,test,,4.4365
99c564b64898aef,test,Преподавание и обучение,4.1456
aab110a5db3e7d2,test,,5.8249
3ab322f4adb2551,control,,6.1934
3902fa10e4ea518,control,,5.5044
f7d4db9bc88f799,test,,6.9647
5da425b64c5f978,control,,4.3009
67bea799fff366e,test,Другое,3.3215
32518532c8dd56d,test,,6.9051
76df5358a1c4c5c,test,Преподавание и обучение,4.8774
f513ceb72894c3c,control,,6.1326
e90402b98b9e0f1,test,,6.2769
5b4fe121171daa7,control,,6.3307
6d8edb9226754e4,control,Другое,5.4248
c4659f5a8788c9e,test,,8.1829
04b825cd230e4d9,control,Преподавание и обучение,5.6104
5aa029c374e8cd3,control,,4.7915
236e0a9694846d3,control,,7.5575
df59fdab6fb9200,test,,6.1239
51c9bda69fa115c,test,,3.4354
23fdef47ece135f,test,,4.7044
f46926892385003,control,Управление командой,5.6198
e8276760085458e,control,Другое,5.3237
bc8e1f09c857933,test,,5.2094
15d7c2abe89112e,test,,4.4449
db78d84b009b4c8,control,Преподавание и обучение,6.0008
05bfb78fb1b7001,control,,6.6412
fa97105f748ee7c,test,Преподавание и обучение,7.2445
ef222aec62dfce1,control,,5.6792
00758af08c98326,test,,3.8142
44c1e9bccd18123,test,,7.1201
e5fda5f0babeca8,test,,5.6384
6b3a7b55ab2e651,test,,7.601
0adc9afe850598c,control,,6.5235
50bd521f2270744,test,,5.1554
9151a01e18be4ee,test,,6.7497
85fa820dd7d9ae4,control,,6.8995
5beb7e613023c17,test,Другое,4.5321
e41af8c51ba0193,test,,7.2117
04b2aae6270c32b,control,Управление командой,5.2374
30775a75830cb89,control,Преподавание и обучение,4.7386
322fe769849a588,control,,4.4742
5ed01775ce5c23e,test,Преподавание и обучение,2.3874
e87b096638bb0bc,test,,5.4329
5762b8e7e52c2e8,test,,5.363
4e2774594471eb0,test,Управление командой,4.9502
c0c77d59a0f3b82,control,Бизнес и предпринимательство,3.4269
0860c1aaa4ce6e3,test,Преподавание и обучение,5.8784
52fae69d506d194,test,,5.171
f5007a40f287bc8,control,,4.2331
1cdbaa0033b9e1c,control,Редактура и копирайтинг,3.7414
1f4169adf8ed238,control,,5.7083
ddafc57b4634f59,test,,5.4029
960f00b88a15cc0,test,,6.3278
88ca73e424b3d0d,control,Преподавание и обучение,2.6588
c9e2fbbe2f0f9d7,control,Преподавание и обучение,4.1253
0f4eda8895d64ff,test,,4.0169
21418a9a30bc037,control,,6.2726
2a25d354a5bfdfc,test,,4.6242
e495ef9c32430e9,test,,4.8771
0bfb6bacbe9c6fa,control,,3.9656
ee7f672e1145c3e,control,,3.0681
1ac6fb9f0442de0,control,,6.2271
c42bb2dabf93f08,control,,4.468
ca49604710ffa27,test,Преподавание и обучение,6.1269
94b2d7a5fe51c63,control,Разработка и инженерия,5.8244
bfb63ace0dd9471,test,,6.1569
4007dda9f32bf4b,control,Преподавание и обучение,4.9772
c76bf9ea03c5552,control,,5.5983
cad978b66f59608,control,,3.6202
bb8ed6c4cae8ba0,control,Управление командой,5.0296
32ef243b7afd384,control,Преподавание и обучение,6.3807
1e56cf2554ba785,control,Другое,4.3427
5499d8c667afe47,test,Другое,6.6114
373364992421cfb,control,Преподавание и обучение,4.7922
d271a6c3683ddfe,test,Преподавание и обучение,4.3493
01e4f50cf5fc77f,test,Преподавание и обучение,7.1159
c3c1382f7071271,test,,3.7743
391ca64fbf5fbb1,test,,5.875
229fa83436e0dc0,control,,5.605
a07898f85e630e8,test,,5.2082
c08de6728c6a5fc,test,,4.0669
287d1c0131cf5c3,test,,4.1091
a0e770f16eccb75,control,,4.4009
d8e750a6adb4a64,test,,3.4737
380d4f91d246ec2,test,,6.9376
4aba7f646735978,control,Дизайн,5.4301
4fc5557f2df3784,control,Другое,4.5949
d7d71028376f14a,test,,5.2465
396a4563957aaf3,control,Преподавание и обучение,7.7087
33fff9095ccc751,test,,6.4478
0d7b093686f7299,control,Преподавание и обучение,5.9401
3962a0ea59dd0d3,control,Другое,6.1334
1ddd3de44065c34,test,,6.2863
a009fa14d8446c6,test,,5.2073
272f14d31d0369e,control,,7.3539
4dbc58acdebf143,control,Преподавание и обучение,3.416
8c1818b4ac16c79,test,Управление командой,7.0285
1b5785d1dbb1ff2,control,,4.137
b526cb6ef87b3e7,control,Преподавание и обучение,5.2755
29c428a63ba95c7,control,,3.7365
ebfce3f6b668d5d,control,,5.5788
031e6cf55967c31,test,Другое,4.5791
e5504045203d3ea,control,,5.2938
b13e68450d3ec3e,test,,4.8443
371da8482f2c1cf,control,,6.5622
4b29df2652ea005,test,Преподавание и обучение,5.0609
e57c0164d7df297,control,,5.3547
a2c6789222b1709,control,Преподавание и обучение,5.9161
49bab1539ca95b8,test,,4.4084
df6286866a3210b,test,,4.8757
331700d084ee76a,test,Преподавание и обучение,7.8553
982109fc4dbe0f3,test,,4.3863
529513cbde3ee47,test,,3.8366
86e7666e9cff5a4,test,Преподавание и обучение,5.6461
6458ae778330887,test,Преподавание и обучение,4.5063
059abe5e3f71f01,control,,5.0785
4af97471f1d7685,control,Преподавание и обучение,3.7561
7e71fe58b41a0ec,test,,2.9979
e127c97a9eb5a30,test,Разработка и инженерия,5.3018
8f4fe628f36cb6e,control,Преподавание и обучение,4.0605
ac161bc57b38ed5,test,,7.4899
970d4df0d319653,test,,5.2635
6ea6076242039d2,control,,4.3638
7756e7f55f28841,control,,5.1793
c0b963921342328,test,Преподавание и обучение,3.9654
2ea98f09ac160f1,test,Преподавание и обучение,4.7011
020ce244a0cf021,control,Преподавание и обучение,4.5053
e571cb515ed2b86,test,,6.3455
f6f0461c1f1087d,control,,6.0127
e59c1f9b084abd1,test,Преподавание и обучение,4.9548
d7a318f4fa473c2,control,,3.7128
b47f2009817016a,control,,3.6363
80999aca30258df,test,Преподавание и обучение,8.0429
3d6eb5aa3f763d0,control,,4.9483
02cc7512188f927,test,,4.8043
e3c301e6ef90736,test,,8.6741
fe2443769c88ad8,test,,6.6562
576d87b572aec3a,test,Преподавание и обучение,5.5325
72d6fa497424d8e,test,,5.523
2e15872d29fa1f2,test,,5.0241
7fe45ccade5597f,control,Преподавание и обучение,4.872
db6a8442d3b5e96,test,Преподавание и обучение,7.1373
889147235d2cba6,test,,3.9688
6c5dcd45dbcb60c,control,,4.423
b49c7ae5e6bee60,control,,6.1907
37893e0caf43ea8,test,,9.1449
62e612a05ef7705,control,Дизайн,4.9999
5626b5dc5070b2d,test,,6.0961
e42084dd009a8ee,control,Преподавание и обучение,4.156
3aecf608e3dc113,test,,4.4548
5ff1b2e5280e463,control,Другое,5.9266
98148a9d03ec593,test,Дизайн,5.744
26ca267d02a0b45,control,,4.3901
a1d56cfb4b6ab36,test,Другое,4.8683
21d92cd1dd14b21,control,,2.8964
bfdfb69b7ce35ac,test,,6.1616
a5a094ceb44c9a8,control,,4.8228
10d2fad8ca1426b,test,Преподавание и обучение,5.3281
da6ec924c77ec72,test,,5.8378
11f0e6299c51237,test,,5.1126
0a275b2f79f4599,control,,5.4689
f13d956b7a2cee5,control,,2.9899
fadbba192bf4031,test,,5.4377
ca42a5f804c0f95,test,,4.6784
9c423315aa9706d,test,Преподавание и обучение,4.7107
3a4aec148ef0a63,control,Управление командой,3.6248
ada6ca6a63b4ba7,control,,4.2418
a804462edbe3306,test,Разработка и инженерия,5.7737
8977ec42c348c83,control,,5.7382
674f64886829f20,test,,3.1891
5e17b21a0abd4f3,control,Преподавание и обучение,3.9659
6d5b33005e4e355,test,,5.3403
e60727ed3740530,test,,6.1529
3563ac9550a5d09,test,,6.8437
cfc6144955f533b,control,,3.0475
f5e1672e80081fa,control,,5.8062
814a3483df87d57,test,,4.392
d229065d51dcede,control,,5.3143
5d7067c88eca0f1,control,,4.6427
d59f00e2a9fa5fc,control,,6.6112
31b959e5049eeea,control,,5.3089
6e56918cf4d9042,control,,4.9736
9b2e4dd280b0192,test,,6.2204
7545e8543871835,test,,6.8707
f9e3e6e39444b37,test,Другое,4.3347
8c0ccb56f15962c,test,,6.1703
b9722679b5dd07f,control,,3.2415
3d419fe901936e6,test,,4.9691
6bcacae051f30a4,test,Дизайн,5.1924
61f67482137305d,test,,4.8155
836605e1e9de639,control,,7.3254
4e019d19acc07ea,test,,3.7618
9b9cc755680414e,test,,4.4562
74a9029fcd5427d,test,,5.9873
c0e8b2b6feacd2f,control,,5.304
164ae44471ec648,control,,5.8276
9307a816b309fa8,test,,4.8926
150d7dda377b509,test,,4.4889
b471051ec60f0f7,test,,3.6444
6010113226585e1,control,,3.8419
95ab0bc6021dfc4,control,,5.3573
67f9cbedb2da4c6,control,,5.3953
6076d219cfbd61f,control,,4.439
ced1581e83698b0,test,,5.2035
3a8c86720c40ad8,control,,5.7192
826137e6af61db0,test,,6.5465
b0d1d748cd68480,test,,6.0504
2bbd0ab74b83e03,test,Другое,3.8646
bd921c05c2df55a,control,,3.2276
529c40cd32fc89c,control,Преподавание и обучение,5.2822
a594ed06fa7fb74,test,,4.8914
c5f203c0fd54752,test,,4.7923
f3c15806051856e,control,,4.5161
285a91cb7beb46e,test,,6.6538
27dd467777f3590,control,,6.7322
84f05745b40562c,control,,4.7248
25e9263c41f1126,control,,2.7793
4e569b9861e346d,control,,5.0855
6568c1187c765a7,test,Преподавание и обучение,6.8401
bc4a46e227204c0,control,,6.3351
5d4ecb85de130e8,test,,6.0447
a7c42ca822ba0f8,control,Другое,5.0285
810d24e65ea09b9,test,,2.8247
250493f7377be19,control,,4.5904
507e9a8149b2dca,test,,7.2516
cb5d49273465290,test,,3.9784
d21e36bd6e18ec2,control,Преподавание и обучение,6.1529
1fc28ef1ffea9da,test,,6.6091
9891064a658c18b,test,,4.8026
0ca966c137cd818,test,Аналитика и исследования,6.6382
2941073b53e6a7d,control,Преподавание и обучение,4.1715
87d7081f11a1d82,control,,6.1641
0855bc903d22c06,control,Преподавание и обучение,4.6389
81228e1fc208c8e,test,Бизнес и предпринимательство,4.7612
26fadacbd8c3665,test,,6.2574
93ff68534474caa,test,,5.9773
6a948a0ce705eb7,control,,4.9265
ad66a7b8de8066b,test,,6.7723
c7444b1e94b1113,control,,3.8955
2c5b2ca7ec3ac64,test,,3.7151
324005759a8a1dc,control,Преподавание и обучение,3.6058
df5a1cce0d0d574,test,Преподавание и обучение,5.4757
a07e1e73514ca8e,control,,5.2319
ac217d7d5bc5870,test,,5.5522
f518368bf140af4,test,,6.6552
cf3a1c6984f6440,control,Преподавание и обучение,6.3311
1e8eec057a54e56,control,,6.5138
1b53c1748415c74,test,,5.1969
8df1405dede970e,control,,4.504
026db9d4f7d9cab,control,,5.2232
b43f82a3c86aa80,control,,4.9023
0d15ded3a45275a,control,,4.2673
6a3d9ef0534a0bf,control,,4.2947
928e6ddf55e89b0,control,Управление командой,3.6244
82cdafe01ff4347,test,Другое,6.5108
54ee286759c689c,test,Преподавание и обучение,4.759
73f1ffc43d4efdf,control,,6.2496
c3965a4248edd85,control,,6.0756
09bdfa1e65a0d8a,test,,4.6454
a9cb5f9df02ee2c,control,Управление продуктом,4.5851
35e60c638b7c110,control,Преподавание и обучение,5.3774
7c21f41dcdaed17,test,Преподавание и обучение,3.2746
5708160a038cf4a,control,Преподавание и обучение,4.7642
7875ad3380f03de,test,Преподавание и обучение,5.2365
7e0b04ea86f022c,test,,6.0258
12b1b8af33f9f61,test,,3.7029
ef99a6ec8c1c98e,test,,3.2636
e9cb9310847847e,test,,5.2284
14cd4766e3db237,test,,6.1023
a874a9168cf4c8b,control,,6.4613
9f4ddb1dc10b696,control,Преподавание и обучение,3.3469
3aad83ba9b46312,test,,6.3508
cd8fc7dd28643f2,control,Преподавание и обучение,6.4563
3742502ff298749,control,Преподавание и обучение,4.4494
1f7da3738d77f56,control,,4.5462
620af757a1e7a43,control,,5.5947
9a717db4e6f2cbf,control,,4.2706
ebd86d5938d340b,test,,3.7085
06b9aaf4cf0c2ee,test,,7.1776
84502a726d09bb2,control,Преподавание и обучение,6.137
6b607f4955ef91b,test,Дизайн,4.9805
f9f16ad8236729b,control,,4.9769
d6215e68eafd787,control,,4.4912
db042b67337e997,test,Преподавание и обучение,3.7922
4f0026a3808c81f,control,,5.3867
612a7efd9d2e22e,test,,5.548
15aed89f7a5f954,test,Управление продуктом,4.9436
2a5c6418b86da0d,control,,4.2535
5165d7e7742b368,test,Преподавание и обучение,5.4769
9016d27c2a62b4d,control,,5.9575
12c61509c6d6fd4,control,Преподавание и обучение,4.4924
1069efd3f4045f7,test,,4.4765
8fda398d25d7ee6,control,,5.4962
df16f36e1fd3fc9,control,,5.1029
a18ec9e00722377,test,,5.8482
2e5c06494c0e3c4,test,,7.5209
c92f6f2601b3c7e,test,Разработка и инженерия,5.1538
cceace0040847c4,test,,5.7644
8971a2235f4e254,control,Преподавание и обучение,2.6781
e4d015dab4e5898,control,,8.2114
c86b05264110ae9,test,,4.9151
8ad275ff452dbfa,test,,4.9698
2e1e975fa41b525,test,,5.7946
9d5a1b495087715,test,,3.5367
890047fc4377840,control,,4.9418
eebe1fcc925d17c,control,,3.2437
b86b796bd3d1bcb,test,,5.6432
eda3584f92da658,test,Преподавание и обучение,5.6224
ed8b91cab0c62ba,test,Преподавание и обучение,4.8575
0c6e245c8d56371,control,Поддержка и сервис,7.4116
ccd7406db555240,control,,4.272
50ea661faca3bf9,test,Преподавание и обучение,5.9207
389d7057188d142,test,,5.6809
415e66340c91fea,test,,2.9206
2418aa9073b97b1,test,Преподавание и обучение,4.287
9e679326fc556c1,control,,3.7957
01c17c817bfbe88,control,,5.0384
4b3ae2726c7d12d,test,Преподавание и обучение,6.6041
348b6e71c730c73,test,,6.0675
37ac25388d01d1a,control,,4.0428
df640afba622666,control,,5.6252
339358c53d7622b,control,Преподавание и обучение,6.2299
54ec7fa27b67ffc,test,Преподавание и обучение,6.5469
33222898e32448f,control,Преподавание и обучение,4.2212
8079f278c943499,test,,5.6126
9a43efbdb5d58eb,control,Преподавание и обучение,5.6417
02aa52651d5ec7c,test,,3.3722
1535c724b2b9219,control,Преподавание и обучение,6.7643
133dde0a496e208,control,,4.1093
4f26b8472dc2702,test,Преподавание и обучение,3.0551
ece1ba631ebc321,control,,3.5037
fca2986b04dd4e8,test,,4.7104
c46287fb3102a8b,control,,4.9609
a5ee852140b68d1,test,,5.1504
b2e62c6e2107662,test,Преподавание и обучение,5.1801
3056a1c4ccdbdaa,test,,4.068
6354fa67c251fe9,test,,6.2498
ea7b9e72c21345b,test,,6.1242
39ee7dc4d20d5f6,control,,3.3482
fd2ec9ece6ce534,control,,5.6528
f1a0dc78e8c0fd7,test,Преподавание и обучение,4.7503
2852b8326e50fe8,control,,3.178
574c894af405829,control,Преподавание и обучение,3.9919
0e5d1530bf3231f,control,Преподавание и обучение,7.2999
1e1d3727857d57a,control,,4.1663
74e275970be1f96,control,Преподавание и обучение,3.5772
8f14add01f2e14d,test,,6.2826
6023e3be462e725,test,,3.8037
82d9dd9b1447e91,test,,5.7724
c912992904f87b5,control,Преподавание и обучение,2.8186
74327536fdfc2f5,control,,4.6845
cd30414834541d5,control,,4.8569
f88a8b6a6625ae0,test,Преподавание и обучение,4.9527
f54e4ddfe38974b,test,,3.8576
6e3aa0944ae6212,control,,3.1239
6cd8804e8e5139b,test,,6.4021
e7633baa17d58de,control,,5.1911
7c51f1cf6c6fd1a,control,,6.5628
8f6ac25ca2b30af,test,,6.7257
96ca55dbe2f6795,test,Преподавание и обучение,5.2447
12ade6bb29b28ba,test,,7.0122
9fb0e9a1978c127,control,,3.4246
8980449c0103168,control,,6.7791
330d69d3830cf42,control,Преподавание и обучение,6.551
234a5d2155848c7,control,,4.9411
54619240ccb1690,control,Преподавание и обучение,7.4157
b87584cc6552449,control,Другое,3.8937
f8240e5cf4ab1c2,test,Преподавание и обучение,4.0412
f51c28fc2528bab,test,,7.7373
bc8da292ee79e47,test,Дизайн,5.5821
4a34f193dd71e11,test,,5.1921
5757c2d9737864e,control,,5.1706
28ed163f350eb98,test,Преподавание и обучение,5.5941
45c5c9b8e0f1546,control,Финансы и консалтинг,5.6063
8ee9e56a9728f89,test,Преподавание и обучение,5.1704
8228efeaaa92589,control,,4.2756
c8a772fc4c9da3a,control,,5.1791
fcfd4632dca713a,test,,3.7686
89de20991022b3b,control,Преподавание и обучение,4.6735
451ae43aca7587f,test,,5.437
49afcbf0870d494,control,Преподавание и обучение,7.0153
19d21045abc5473,test,,5.0751
5502156b2bf0ff2,test,,4.3581
c21d0daade36641,control,Преподавание и обучение,6.0847
888e6ec480ab6f1,control,,4.9526
73270f2bb32fae1,test,Преподавание и обучение,5.0531
4f012e103bf26dd,control,,4.7296
e29e92f53bef306,control,Разработка и инженерия,5.315
df3070babab1dcd,test,,5.8845
301577712cfa778,test,Разработка и инженерия,4.0893
64976a2b8a16a4d,test,,6.7865
82e223986a646ad,test,,7.0869
c21f6653a3fa365,test,,4.2976
071e77d30c8edc2,control,Преподавание и обучение,5.6135
e1dd2f10de9450f,control,Преподавание и обучение,4.9301
b3f6d4c1826bfdf,control,,3.1661
e2786561ba9dddb,test,Преподавание и обучение,4.6707
3cb3cfd25ffe933,control,Разработка и инженерия,5.6802
196ccdc9a32057e,control,,5.6462
097b99737feffca,test,,5.781
03f142725556dde,test,,4.8616
4d49b2d0e5dd5cf,test,,2.9564
7f2cbd7b6c24911,test,Преподавание и обучение,5.8257
1c0a096e1579d6a,control,Преподавание и обучение,5.4606
a9fd5f879587547,test,,4.2721
f6cd641baac403d,test,Преподавание и обучение,3.6286
4489b565c287829,test,Преподавание и обучение,4.1513
e12af570458099e,test,,5.4718
9ed059caef36524,test,,3.9954
4dc9f3656ffc819,control,,4.8727
d621426437e4c12,control,,4.289
4c076279089480d,control,,4.6202
c11047041071306,test,,5.5726
7b8fc78204ba0ba,test,Преподавание и обучение,6.2259
1fa69bb8bf780b3,test,,5.4649
fa3d04346156fef,control,,4.5215
6229222fb1f6247,control,,4.574
33350e29d44af46,test,,4.4243
92f68aae8b56c00,control,,5.8747
f0031130d708373,test,Преподавание и обучение,4.7313
88a09c8343fc342,test,Преподавание и обучение,5.3963
1417cc67c586442,test,,4.436
98615234a4aaa6f,control,,3.8743
04d82ba48478276,test,Финансы и консалтинг,3.6057
f68ab356fb09ff7,control,,5.2028
154d8f8696f6e87,control,,4.4517
8dd3af771c537af,test,,5.5927
e5aa44c0b220418,test,,3.9475
2be962cec7d6d08,test,,5.2553
aefedcd4f030913,control,Преподавание и обучение,3.593
6c1e1109c3ae2d5,control,,5.1668
1f1d0bb40c4b46a,test,,4.8537
6580dac1b55c40f,test,,3.7266
1e1dab0db13bb69,control,Преподавание и обучение,5.9022
e638cbaf4abbe67,control,,5.3441
106a9143e649300,control,,4.6794
582d6b7c03e5a2b,test,,5.8612
3d917bea5bd463c,control,,5.3615
59df1047e868c43,control,,4.4554
abee4bff69fb01a,test,Преподавание и обучение,6.8616
ea0fca57b25843a,test,Преподавание и обучение,5.6389
eddc4ee2ddc197c,control,,7.524
35d76eb210cc278,test,Преподавание и обучение,5.5738
b21846c205e5c80,test,,5.7284
7850bdda6f2ee9e,test,,7.3444
5972ff3540956c6,test,,6.7324
0f95d096fb0685e,test,Другое,5.8422
85c9e9d691d8631,control,,4.1039
4d6825fa2ff9bed,control,,3.9048
f23426abae99b42,control,,4.9281
1f93ab5cd9cedad,control,,4.91
4743d41802162ef,control,Преподавание и обучение,6.0714
168822a30fe242e,control,,5.1144
dbeca267ff46a30,test,,7.1639
6b98f8d69be5571,test,,5.0655
42625327d898918,test,Преподавание и обучение,6.7103
77327195e9a69a8,control,,5.6685
12087cc7f698df9,control,,7.5116
2006db9f5baa51f,control,Преподавание и обучение,4.9675
30d1e8b9df99923,test,Другое,5.8882
aa500e87f18a73c,control,Бизнес и предпринимательство,3.4031
5e42c98d85154bd,test,,6.5278
c6f987eb2c37347,test,,4.7003
d7776e46b19b2c4,test,,5.3174
4976fea8930ea62,test,,3.8419
e69b03ccf78eddd,control,,6.0665
a8d9c7f6bef47e4,test,Преподавание и обучение,5.509
5c5f42a0df3e211,control,,3.9612
c183979c29a007f,test,,6.3405
8c57998e44b7669,control,Преподавание и обучение,4.86
0762d4ff4f0311a,test,,3.8886
bc54548f4412f2e,test,Другое,4.8549
c790aae94d93505,test,,5.7649
cd845f8a3d0e387,test,,5.7264
874c9cfed47867a,test,Преподавание и обучение,4.138
7b3c374161248e4,test,Преподавание и обучение,6.4883
46f3e532d32d6c4,test,Разработка и инженерия,4.2489
546cea3754d011b,control,Преподавание и обучение,5.7549
9cea441d44bb261,control,Преподавание и обучение,3.6426
9fba53c6466ac30,test,,4.5277
c3fbded02b4cc1b,test,,4.6057
f940f97091f93c6,control,,6.0015
1154718ca06605f,test,,4.8279
0481a437ecc6849,test,Разработка и инженерия,5.1171
4dc8539fcdb01a9,test,,5.1183
a18db45dc0560a7,test,,4.4102
787d22a2f392458,control,,5.0726
a85fae629b79f23,control,,6.406
826c1454462c59a,test,Другое,5.2685
c06717b1fb21b60,test,,5.0614
a1eddb40623e9ac,control,,3.1669
c87357e26e2c95a,control,Преподавание и обучение,4.8686
740f372f77f9a8f,control,,4.2767
f4b97e387170fdf,control,Преподавание и обучение,4.8016
1b2f51172a4d537,test,Разработка и инженерия,4.7036
68b3bf8785b9333,test,,3.7835
4e060c302853bd7,test,Управление продуктом,5.3042
769250c105b842a,test,,5.7234
7a4d0438fe59801,test,,5.5604
890a1dc8bdee338,test,,5.2472
611c55fabadcc58,test,,4.49
f43b8bb30612938,test,Преподавание и обучение,4.6116
646410b295c8167,control,,3.9097
1400a0cafcbe0c1,control,,4.9756
9ea4ae281608c0f,control,,4.3033
9bf9cab0f55f1a2,test,,3.9671
a65027830464e11,control,Преподавание и обучение,4.5805
7dc436dfa168aea,control,,5.4279
8d76872254165e2,control,Преподавание и обучение,5.0695
b09efda0d49bfae,test,,4.8402
cbb24b63a3d732d,control,,4.0631
590213d0a2f2bab,test,,3.7524
3d969fe7be8c816,test,Преподавание и обучение,4.5224
fa838fae49cc446,test,Преподавание и обучение,4.4125
4beb8ccec9afde0,test,,5.2694
76419d716a3bb60,control,,7.0279
53ab582e21beb3e,test,,5.3194
00aea9efacd4d90,control,,4.2263
80ec486257226bd,control,Преподавание и обучение,4.3496
f0dd2adedfcdc10,control,,3.4557
cc5e00acaf353fd,control,,6.8634
105ad5ffcf7c381,test,,4.8704
a7a99217e58565a,test,,5.0827
0eb2b5deee6d0d1,control,Другое,3.9629
2feb28b97a89067,test,,2.6761
eee9a6e10965a5d,test,Преподавание и обучение,5.8352
6b13a2889f5f39d,test,,6.2008
643fa36ae54c974,control,,6.129
9ce9f8485ad8072,control,,7.3032
63deded6b75b427,control,,4.8974
41fdb7900a2f05e,control,,2.8294
9dd969221d349dd,test,,4.8517
192197fa8959208,test,Маркетинг и реклама,6.9779
8be7190eff99f30,test,,4.0467
a2fad8bde4ea697,test,,4.9318
17ecd8cb6d00828,test,Преподавание и обучение,3.9834
8692348b2d4b44e,control,Преподавание и обучение,3.5665
320d7ed507eb9d8,control,Преподавание и обучение,5.9725
a255f541b8641d5,control,,5.3071
509c46e50449f8a,test,Преподавание и обучение,4.6952
92bca088ff0c690,test,,7.0093
c6b4d2b3f8a1487,test,,3.7107
ece384d2f61e972,control,,5.2429
7cd18fbb41c3dcc,control,,4.4372
5794e6ceb8b8e58,test,,5.0861
d15042514c50c03,test,Преподавание и обучение,5.4134
97fc4abbff7b5e1,control,,2.8334
edf9139a95f5224,test,,6.781
e11d62dd7af4593,test,Дизайн,5.0155
9538d43a4fedd3e,control,Другое,4.2116
b1b5974f9ec9166,test,,3.9085
31de888d7b87dca,test,Преподавание и обучение,6.1554
07fd710a57e9166,test,,2.9117
e059b247c74ff9b,control,Дизайн,4.7628
6eb33ac65e27137,test,,5.7067
61573dd04b42b75,control,,4.421
84abd1cd499a61a,control,,6.5117
1bfb642786bfa05,control,,4.9053
1ac7ba1d98efde6,control,Преподавание и обучение,3.3251
d77bac94f68f31f,test,,5.1604
d59d9d2a2109c02,control,,4.275
461d04e1b7bfcba,test,Преподавание и обучение,5.3233
3a003e5311228c0,test,,5.6511
c3641138a086dc1,test,Преподавание и обучение,4.6612
fff78cfabf63d54,test,Преподавание и обучение,4.6929
988c401f688258e,control,,5.756
8e365d0b793efc3,control,,6.1178
d1a70cd2919db51,control,Преподавание и обучение,7.3576
9a05e778374b070,control,,5.5633
9c83b4df63817b4,control,,4.6981
a2085fb6134c390,control,,7.4762
1866a79258298eb,control,Дизайн,4.6642
5ae592c098bdbd7,test,,5.1267
578dd19631c4ae7,test,Преподавание и обучение,7.8612
ef87d41bee6b1c1,test,,6.7642
153a2125393867e,control,,5.7993
d5f1b90767e2c22,control,,5.7377
81868d4c24c50d0,test,,4.3238
0fa05753af84f50,test,,3.9393
bb0d649271339a2,control,,6.541
2e741fa1e946a3f,test,,5.5056
8117dad307e2d4d,control,,4.6892
d3a29bbe7d839d6,test,Преподавание и обучение,4.4027
0069b141760757d,test,,5.7863
f68bd8e6d75de92,test,,5.0804
3b408ec75623f19,control,,5.7501
9ca2b593633c2f6,control,,5.1879
be247c629ef6f08,test,,5.1333
5818b02d1e08641,test,,3.2922
dbfe46831ef601e,control,Преподавание и обучение,4.6613
0c43ca848768314,test,,5.885
66edc4b0bf6e694,test,Преподавание и обучение,4.8604
ab833c4be70130f,control,Преподавание и обучение,6.0669
f8c6811062b5432,control,Преподавание и обучение,6.1992
0337315dab1e3c8,control,,7.2916
2bc797b90bd1da4,control,Преподавание и обучение,4.8048
4a56cc21049496c,control,Преподавание и обучение,5.116
6a6a84a429b141c,test,,5.8048
63076d7566998bc,control,,4.6314
22a69e20b9b548b,control,,6.5
13a71eee274afc7,test,,5.3635
4c07e728f2bfaa8,control,Маркетинг и реклама,5.4502
07f6d2735485adc,control,,6.6319
7a8c052a93c212d,control,Преподавание и обучение,4.0074
892a4528e05bd68,control,Преподавание и обучение,2.3124
91c43dfcb4b1ecd,test,Управление продуктом,6.2897
8d7e7909205bfb9,control,,5.2778
8a277e82e30bbad,test,,4.9562
67f93360b50a90e,test,,7.8239
1954ca4d64110a3,test,,7.1594
c37ad7a59bb1071,test,,5.3036
f1858f02b315b54,test,,3.755
78ab11ae4a75aad,control,,4.5058
e6299e890ed2447,test,,4.8145
c66006592712f52,control,,5.6494
a0ccc89602bc27a,test,,5.251
3c38ab6afc209a9,control,,4.3482
808a645420127b1,control,Преподавание и обучение,5.2524
1f263914c372505,test,,4.5615
9eda4d459092188,control,,3.754
0fa646490333d3f,control,,5.8564
8a4e89fd2604038,control,Преподавание и обучение,5.099
ee5f1a281235380,control,Преподавание и обучение,4.561
c3e0b9c80fddc4f,control,,7.382
b74678a0fab7a4b,test,Преподавание и обучение,7.427
89bfa545de52da3,control,Аналитика и исследования,3.4406
343dd0b0c64c801,control,Преподавание и обучение,5.3798
1d8d1d69dd8df41,test,,3.9462
7f5ae2c34675de5,test,Преподавание и обучение,4.8862
5eb8b9d16203d85,test,,4.1278
9ff5ad00a2a285b,test,,5.6906
56b190b510de1b1,control,,5.4354
dfafafe20815200,control,Другое,5.4584
875eafc12a41ee5,control,,5.1361
78ba3a0767c5999,test,,5.552
e7693158921198f,test,,4.8213
8a5ac0309f03592,test,Преподавание и обучение,5.8674
3d9a55e7cc56a41,test,,3.3583
ca8e1044cab6719,control,Преподавание и обучение,6.071
a8a2792b71c5cf8,test,,5.966
39764ee4a895ddd,control,,4.8516
998c028e8c19137,test,Дизайн,6.7915
9fc8af490c54114,test,,4.5996
59b14a776328979,test,,5.1912
30bff0e4260af18,test,Преподавание и обучение,5.0572
2954f9995302a0b,control,Разработка и инженерия,4.8852
a385cc580c93ee5,test,Редактура и копирайтинг,7.2568
9ead9d8b8da4366,control,Преподавание и обучение,5.2181
ea2ce48c8b23532,test,Преподавание и обучение,6.1412
f06bd477d1efd2e,test,,3.5904
849db4742b8301f,control,Преподавание и обучение,6.4037
a2877db188e7cd9,control,Редактура и копирайтинг,5.7768
a120a837faa6993,test,,3.9663
1b5829c2a6b8672,control,,3.81
de3a71765ac6d7e,test,,4.5172
42ea317adde1967,control,,4.3437
5bc5fc0013d485a,control,,5.6859
97af322dafbe12b,test,,3.9125
232524268ea8e0e,control,,5.0111
e894243f94692df,test,,4.5688
568b8873faa55d8,control,,5.576
c780ff037af027d,test,,5.743
4826234a1530072,control,,5.7026
12491cb4bc02972,test,,5.0169
a27547145c21aca,test,,6.6123
d1fd4d6fb5a8fb6,test,,4.4163
3efac7ccd7625be,test,Поддержка и сервис,6.2108
d8c8c2238638090,control,Другое,5.5865
bfc9f9b46c27ad7,test,,4.5954
5f43f702f8202b4,control,,5.0616
aed6c91fc40ab18,control,,5.1618
9fdb81ddcce760d,test,,5.3369
ac5154dc36564e7,test,Преподавание и обучение,3.18
fa34a951699b1bb,control,Преподавание и обучение,3.8042
f20b7ca23582b59,test,,5.2811
a33a0457f1cf5f8,test,Другое,6.4096
d37c888cd1c6ea5,test,,4.2359
1a0f982897debc6,test,,4.8269
6e932583c964564,test,,3.593
1fb358604ea0924,control,,5.1836
10c1b733186f872,test,Преподавание и обучение,6.512
fbaab1b227c950f,control,Разработка и инженерия,5.2743
08f7bc355a18da5,test,,5.6714
0e9dcc7e38115b5,control,Преподавание и обучение,4.6922
11479a66054ce5a,test,,5.2032
9592e532a0fabb0,test,,7.5193
aee329dbc5aa3ef,control,,5.0744
04c43703b7880de,test,,5.6569
f904e11440090d2,control,,4.2448
9dce1599213d146,test,Преподавание и обучение,5.6312
3246fd4a256b463,test,Преподавание и обучение,5.5058
a935662b766038f,test,,5.4471
70807edd1fe55a4,test,Преподавание и обучение,5.9094
8d216ef7871b6ad,test,,6.419
e13d6636b9a0691,test,Преподавание и обучение,4.4284
07462f5958998da,control,Преподавание и обучение,5.1827
2dde89d19d647a6,control,Преподавание и обучение,5.1026
8c7584097819c44,control,Дизайн,3.4078
00d7e392d89cb83,control,Бизнес и предпринимательство,5.5496
7b661a21574ec00,control,,6.5443
f14b478459a3f4a,test,,4.8661
f5c597f9805c873,test,,6.9134
1e8f52aa1134e0b,control,,5.6386
ebc43f23c95c6e2,test,,3.5936
c145d400868c6b8,control,,5.6754
b531a4b13341957,control,Преподавание и обучение,5.1013
5c1e5718e2acf3e,control,,4.8266
7872d33d98aae9c,control,,2.8374
e80a60fc639d1b8,control,,4.335
485e35e0ac4cb17,test,,6.1125
8ae2b3b59de02b0,control,,2.4884
68b85178529f942,test,Преподавание и обучение,6.7739
ed10f5d078bce48,test,Преподавание и обучение,7.5865
513878db83d3b8b,test,Преподавание и обучение,3.8868
67fc13ab6bcdcb0,control,Разработка и инженерия,4.009
70404d0e8aeb535,control,,5.6284
9ae35aa3b853f29,control,,3.5621
ff2145642973dce,control,,7.1561
db93460d60a6014,test,Преподавание и обучение,6.6424
157d27bc3f03165,test,Преподавание и обучение,6.8123
62e94186307a308,control,,4.7426
99ebb527c8f719f,test,Преподавание и обучение,5.1865
80d645c97f8a1f3,test,,6.2745
f4efd409862aa1f,test,Финансы и консалтинг,4.9703
b8a0d66f57b97d9,test,Преподавание и обучение,8.5594
37ba53f3639d506,control,Другое,4.7211
554b5289b3c26de,control,,5.6286
807f4bdde29ccd1,control,,4.129
4ab9139b325845b,control,,6.4578
edda5061c0e05fd,control,Преподавание и обучение,6.4137
751ddcc915416b7,test,Преподавание и обучение,5.6098
17c112b43525297,test,,3.6692
c8ff6a95993b780,test,,3.6911
33d24760423e344,control,,5.9975
d6ba21c19fe9318,control,Преподавание и обучение,4.2593
a15797bf0e05b1c,test,Преподавание и обучение,4.0109
fe3d83a95f55731,test,,4.2422
71e797722360837,control,Другое,5.56
6763a6947abda7e,test,,6.3994
121ca75f14b34ed,test,,3.0635
6335ac68c19c224,control,,5.3059
6f276dda52b3f96,control,Дизайн,5.0222
e24cf2439a73d9a,control,,4.8396
3da018d550eb088,control,,4.5377
b8cafe4e9d69b87,control,,3.3488
de48154600bc121,test,,6.0007
fab2114894d574a,test,,3.7759
a8eef677bddfaa6,test,,6.7423
5532e5d48c96121,test,Финансы и консалтинг,5.9374
864d2ef3dfdff81,test,,4.8764
594b29070980f3d,test,,6.7283
5d5ffab75512503,control,,5.3933
c437a7355c9d87c,control,Преподавание и обучение,2.2089
3eddd45b4b3387f,test,,4.1574
468082712a92ce5,test,Разработка и инженерия,4.8206
bffecfc18a638d9,test,,4.839
4b5f56d1790b141,control,,4.0119
6d09b8c1ff5c703,test,Преподавание и обучение,4.9868
294afd3ac87d0cf,control,,6.944
954e2f03f2b6f57,test,Преподавание и обучение,5.0181
4570f3a23c32c66,test,,4.9
59de536b62fc194,control,Преподавание и обучение,7.4219
4a0c97152c0216b,test,Аналитика и исследования,6.3879
5f2d808a4ad29e9,control,,5.9556
7267291dce285b4,test,,5.8487
beb79eb84a63722,test,,5.5104
f27b0506a54f189,control,,5.0039
22e2a19ad0bfa9b,control,Преподавание и обучение,3.9265
7661bc822ce2d80,test,,5.8025
1c3f6f2d42b057f,control,,3.5452
2b82b6f4d782ca4,control,,5.1511
dd1c7afa71e32a0,control,Другое,6.1352
c0c6f9da6582ee5,test,Преподавание и обучение,4.7756
049e4961948d7c0,control,,5.18
9d0e5d914fffe72,test,,6.1318
3129bbc3eaa7278,control,Другое,4.7988
8a081884833d754,test,,5.8572
1b9379d6417f1a7,control,,5.4861
476d3e4f9728ef7,test,Преподавание и обучение,5.1645
384b7dd9ccbe21f,test,,5.4171
f07e2d738697ca2,test,,5.7131
e70ba8465ac4ed2,test,,5.6794
a6995cd317c3542,control,,7.9656
18222e14cefe3d0,control,Преподавание и обучение,6.0425
52db69f39187f3d,test,,4.2065
c4e9ad73b962e39,control,Преподавание и обучение,3.7291
50efdd5aaad61cd,control,Редактура и копирайтинг,7.1773
575e63e66f395da,test,,6.284
5fc3b827cabd28c,test,Преподавание и обучение,6.5884
9581389af576684,control,Преподавание и обучение,5.54
8d8040520d22a07,control,,2.6275
a4ad0cedb7463a2,test,Другое,6.8256
081d12ff7af9097,control,Преподавание и обучение,3.9297
9c47849830f355e,test,,5.5207
a1caba59b1e24c8,test,,4.8793
8ca09b47525a06c,control,Преподавание и обучение,6.0906
8694654fb9f21c0,test,Другое,4.4175
52715f8ee2e49e3,control,Преподавание и обучение,4.3023
a2023b74448c93b,test,,4.1676
e8114855c982e51,test,Бизнес и предпринимательство,4.7286
293f3731d05fb11,test,Преподавание и обучение,6.2047
1f491156c2fcd5f,control,,4.353
940b7624e23c0a4,control,Другое,6.0572
0c2d516e452f42b,control,Другое,4.9337
24d707d1ce74c9d,control,Управление продуктом,3.4321
b348c8f5de792eb,control,,3.3791
065f7a9938a2ad7,test,,5.6666
927c260e8538813,test,,5.3539
9f1fcfab6e08943,test,,5.3986
adfb1240910bcec,control,,4.2141
7d7fafcc80865ed,test,,5.4183
1f09efe79dabe3e,test,Аналитика и исследования,3.4972
61f2e93afca35b5,control,Преподавание и обучение,4.3815
604effa120dc567,control,Преподавание и обучение,5.358
78d37502eefd876,control,,5.9926
4e273047e17d769,control,,5.733
6df777961571add,control,,6.7294
9832ee1a64ac9c1,test,,6.3667
bb63b1e6f6bbb85,test,,5.5865
fd81c9ea1f3c199,control,Другое,3.8283
03cc3c4e53fcf52,test,,2.5581
5a40091637e2a0e,test,,6.0579
39b908bd85bf6f1,test,Разработка и инженерия,0.7089
763e8f9642142ca,control,Преподавание и обучение,4.7743
5f0540971cdf1fe,control,,4.6352
4e9f8923e837049,control,,6.4843
82210964c6ba579,control,,6.1203
d27578c94f0d482,test,Преподавание и обучение,4.8445
125ed0d8e6ba3ad,control,Маркетинг и реклама,5.4768
5881d7c8d7dfeeb,test,Преподавание и обучение,5.6124
154fac8d383fa18,test,,5.493
b4c094a4b499444,control,,5.042
e45e2c8ba992370,test,,3.4797
a7ead777311fcfe,control,,5.1761
4002181c7411593,control,,6.5011
1b62cfa9e9da3ee,test,,4.2985
9bdb2b72efd8568,control,,5.9285
eec074eb10245d9,control,,3.9998
14d1c9f69bdb030,control,,4.0149
dd555856fca0dfa,control,,5.0492
bc79a2f3c634dd2,control,,4.7552
e3081ae5acc6166,test,Преподавание и обучение,4.4591
a31d3c279e7dd77,test,Преподавание и обучение,7.8322
bde63af42d43ff3,test,,6.287
74caa94e4bb8849,test,,3.2805
7e6f8472a3535ee,control,,3.9622
ba0a89f185c9788,test,,2.9711
b6b3a71c670180c,test,,4.0829
c63b387ea2334c1,test,Преподавание и обучение,5.3961
711f0c9755be6fe,control,Преподавание и обучение,5.7686
399a1ed906d013f,test,Управление продуктом,3.8032
b061a50daae231b,test,,5.0694
5e5535b41ba9246,test,,2.9807
4ccbaa2171956d1,test,Преподавание и обучение,5.3156
b7b54903484c281,test,,5.0014
64fc0ca700cca94,test,Преподавание и обучение,5.9161
154dc6c99453351,control,Преподавание и обучение,4.4125
753a1efb6e5b012,control,Преподавание и обучение,4.7803
47196d29ad0375e,control,,5.4601
9671176151aa372,control,,5.9939
c1b657cadedd44b,test,,4.6375
18a53fd00c1392b,control,Преподавание и обучение,4.778
5b70fe380ace1a0,test,,7.3662
b65b3da55383ae4,test,,4.3578
01635dec8945801,control,,5.5793
0c006e358b53147,control,,4.5571
136c8c915f7a89e,test,,4.2835
a133563e17ceca0,test,,6.492
942bf5296ab65c6,control,,6.0094
4155f0304cfe86c,test,,5.3101
957718ef107c43a,control,Преподавание и обучение,5.0409
080a0994276ea2b,control,,4.97
90c3400eb5a6054,test,,3.8836
792788fdab4f6bc,test,Аналитика и исследования,5.3244
bc1986dd3c269c5,test,,6.2095
491692e1454811f,test,,4.602
ed6aa2b7fff905b,test,,6.1986
a4ba2dcbdf20714,test,,3.9599
4ba7893dad6f437,control,,7.0059
6fb516efe1e5ed1,test,,4.2449
504a36471ed711c,control,,5.4834
96a3b45c31e760e,control,Преподавание и обучение,3.979
3844fc9a6cd3407,test,,5.563
d96567a1e77804b,test,,4.6735
13e2c230e76ee76,control,,3.6855
35dfe02a07c9831,control,,4.469
e142064e24d945d,test,,3.8954
3654aa3543d9ce3,test,,3.6256
2264d43020b8a06,test,Преподавание и обучение,4.7989
007e5cb1c9c7163,test,Преподавание и обучение,4.5452
1f661aff466617a,test,Другое,4.451
2142cbd839f1ad3,test,Преподавание и обучение,5.4233
d98e0ceaf1fbb6e,test,,4.4362
d9d60987632a5fd,test,,4.6878
35a1bb441710d59,test,Финансы и консалтинг,5.5875
7c71b24531f3241,control,Преподавание и обучение,6.7761
6abe260d487e711,test,Управление командой,4.805
4749e94d2432c3c,test,Преподавание и обучение,6.4255
a97ce4c75cbdaa5,test,Другое,3.1846
1910e397bc91dd5,control,Преподавание и обучение,5.6856
4fbe797c3d8127c,control,,5.3136
4f90c675b2a7f03,test,Преподавание и обучение,3.1099
55afb7443ab63ae,control,Дизайн,2.71
bc87f7ef1b7b57d,test,,2.3669
f6197890dda12e4,test,,8.7143
1b0ba8aa6c5b8b0,test,,5.6814
0e75b79c239ef60,control,,3.7224
eedc0e059f9ba50,control,,4.5498
989d7c83f10e998,control,,5.3738
141e734cddcc85a,test,Преподавание и обучение,4.7689
1a71933c9d4ad32,test,Преподавание и обучение,7.499
62c9d74fe24455f,test,Преподавание и обучение,3.1387
bca2caa2d058979,test,,5.6625
a666a589d599259,control,Преподавание и обучение,5.7418
90d08879c5aa71b,control,Управление продуктом,3.1959
b9077b48490c3b0,test,Преподавание и обучение,7.4122
10837627e0a010b,control,Преподавание и обучение,5.1902
fa539b89a0be68f,control,,3.9199
01f611da9c705b9,control,,5.3772
d5ea7cfac3eadb7,test,,7.5338
6ac97b95f893d0c,control,,4.6988
27f0336eed463f9,test,,6.4859
ee7f635db73bd85,test,Преподавание и обучение,4.9293
07ec16d3e8e102d,control,Преподавание и обучение,5.0024
0816aea1d290059,control,Другое,4.0993
b2f0400b96b9a34,control,Преподавание и обучение,4.0565
fa9b4451c6a6ad6,test,,5.0593
1065fd5f8a9154a,test,,4.5591
6ee8b115a73a490,test,Бизнес и предпринимательство,5.0321
edf1b1925b1ca5c,control,,5.1413
93af91a0cb7bf99,control,Другое,4.4464
1f06ee11f453b53,test,Преподавание и обучение,3.0161
282a482ab1bfeac,test,Аналитика и исследования,4.7064
192e06a41d67168,control,,5.6626
3c8a911c1c00060,control,,5.478
c755ddfb1d851f2,control,Преподавание и обучение,4.6045
f0059bb156170e9,control,Преподавание и обучение,6.1363
66c056b1f2d7324,test,,3.4394
4e2bf90d516c797,test,,5.3095
e432cfe1f0a1113,control,Другое,6.1808
6a137a04f833e55,control,Преподавание и обучение,5.5934
6496596c2080517,test,Другое,5.2522
265c7ec02b8ddf5,test,,5.5128
209876c5904709b,control,Преподавание и обучение,5.5803
d064fa6d01fa459,control,,5.5188
3074f7746ec0352,control,Преподавание и обучение,4.8609
d60f7db3a0392b2,test,,4.4345
6a0ffc371516d56,test,,2.4945
2eb5204ce48688a,test,,4.2883
d3665c0950dc419,test,Преподавание и обучение,5.7642
a1ced341a85aae8,test,,7.1841
c7871197dff44f2,test,,6.2993
56180393f99ed03,control,,4.2451
0f3f13fe43f79a6,control,,4.2348
b53e8598aa58abf,control,,5.0161
ddfcd78eccbadf9,control,,7.1231
b63514e7f040faa,test,,5.0888
09fdd342e4c47a0,control,Преподавание и обучение,6.266
110598e02c91a32,control,,3.6811
341f2eda3a4bcde,test,,5.7622
d64e60d804d24f6,control,,5.3274
a18a045a5f51a7a,control,,5.563
d739c07eff4624c,control,,4.3896
61638161c27f652,control,,3.7633
76f08c278cc3869,test,,5.9371
97d7070d2301990,control,,5.5195
9e35c85cd9b6473,control,,6.4448
75f7d9ca1625b27,control,,5.4209
bc6e1e14cfdc78a,test,,7.348
35ea8af7970575c,control,,4.9938
20c19c88cb59a39,control,,3.3507
05116bd5e39c924,control,,6.6729
72b0908af989218,test,Преподавание и обучение,6.3145
de8c66a3628bbc8,test,,5.1692
f1462b5c38c4ee3,control,Дизайн,7.4177
c9bc0f3ca5d61f0,control,Преподавание и обучение,6.3835
a87b57120ff07ce,test,Другое,5.3933
cbf0e0ca1faf755,control,,5.3743
3e7c4abac598fff,test,,3.9036
a1de2b7b2731896,test,,6.6519
15ad00f8f4b5736,control,Другое,2.6659
9dd6bd18678c323,test,,3.6329
dd589b04d2544c4,test,,4.1413
827633a9d847e55,test,,3.2327
559a7544f7ceb49,test,Преподавание и обучение,5.977
0cb8e5abb5ee087,control,Дизайн,5.3686
46133ddd20b72c1,test,,5.9488
7ab3eb35aa503f8,control,,4.1823
933a597f626b321,test,,5.2064
d46a055087f886f,test,Преподавание и обучение,5.6459
5420c592257d3e8,control,Управление командой,6.8485
6d2f86adc0548ab,control,Преподавание и обучение,2.3861
43cc425ffc1fb93,test,,4.1463
579956872c248bc,test,Преподавание и обучение,5.9795
2017bcedfd7d53a,control,Другое,3.0997
34722cf1ef1f51f,test,,6.1388
63c2fe766d2751e,control,,4.6226
6866cc48a2f549a,test,,5.3737
d86b7da51511780,control,,5.23
05542f916644cc9,test,Бизнес и предпринимательство,5.1128
67c069baf6a83b9,control,Преподавание и обучение,5.5453
56a9a9a4943f20f,test,,5.5496
23e5d28e0f73d3d,control,,5.5363
c2d8e65db31346a,control,,5.2683
daf4f94425468c5,control,Другое,5.0623
b6d5918c15a7552,test,,5.8376
6955a66fc6db96d,control,,6.9698
7ea8a537e3bf925,test,,2.7556
16e03ccda3bf146,control,,5.0537
b013777d9e93e8d,control,,4.7352
d0efd9b7267839a,control,Преподавание и обучение,6.9856
73cd9a80fed15dd,control,,6.9757
a72f241628d4eb7,test,,2.5546
a1712a75198f7b2,test,,5.1772
5bb54523cb30044,test,,4.1477
2f8114b9d0bc9e7,test,Преподавание и обучение,6.2648
738dc475af9e757,test,,3.8337
26f149e3df07c22,test,,5.3222
d553d9f9c607fc6,control,,6.3176
221383403772bf4,control,,5.6867
c5ca42d1a6409c3,control,,6.2776
5b9a524231222df,test,,5.1051
69fbad3f995dc32,test,,7.5052
4b990520f1b5739,test,,5.8152
8b06180f3e40ffd,control,,4.7933
c973d814bbdbe1a,control,,4.0333
c18c190ecd30aae,control,Преподавание и обучение,6.5639
2f67923ce711447,control,Преподавание и обучение,2.0019
cc3cc88ed60fb69,test,,4.5232
8b003c4a67dba36,control,,4.3789
fb88d2f297c79f6,control,,7.8909
2a25aaff5b40257,test,,7.5036
84e188e6fa5d727,control,,6.6594
2c957c48a36abec,test,Преподавание и обучение,5.8932
e68a3190f8b16eb,control,,5.2443
96beb08171a1528,control,,6.7463
440d3a098962931,control,Преподавание и обучение,5.3784
16c9630f7cb01e3,control,Преподавание и обучение,5.6746
e324b6211bb46c4,control,,5.4964
a5c78d195795fe1,control,,6.0648
c5051e00af8837e,control,Преподавание и обучение,5.9142
5812a46616968a6,test,,5.1379
4f0187e045a18b1,test,Преподавание и обучение,4.3755
761dc7fa6def8b1,test,,5.5609
336321e54f7a037,test,,6.2285
8cf4bb9fd78988d,test,Преподавание и обучение,6.3817
570b80b38e2a953,control,,4.7812
72fd25e3346a24c,control,,5.7176
e0abc7645042bfe,control,,6.0378
a02245f204ba145,control,Преподавание и обучение,5.7385
e947a6239a49a6f,test,,5.6646
8c637fd14a940c1,test,Преподавание и обучение,5.2705
3ebc004b5aa6a1a,test,Преподавание и обучение,5.5616
aebf94fdd16a378,test,,4.796
db866511b588ea2,test,,3.3513
6b4909a59c4f444,control,,4.7428
a4cc4ae2459c700,test,,5.1167
424010772c9e7ef,test,,5.5505
603526560490e85,test,Преподавание и обучение,4.9912
1736070cc6a469f,control,,6.1156
96a86b9403b8384,control,,7.5341
0b920a73610a024,control,Управление командой,6.2647
c6df5e4c37a9156,control,,6.116
4b4ab77b240f7e5,control,,5.96
37f73108ebeafe5,test,Поддержка и сервис,2.746
a853e759cdf381c,test,Управление продуктом,6.1146
8e716ebfc0a7678,control,,6.7081
42aac93b8dfa714,control,,5.0947
432c69ab2949ed0,control,,5.898
c1dc4928151c3b8,test,,4.8392
d12aca58f18b142,control,,3.8804
0496d01bc17d1e9,test,,5.567
0aa72143c22813d,control,,5.2222
897317856530c4c,test,Преподавание и обучение,4.5855
f2efee17133aac4,control,,5.5423
bc9103d4999a52d,control,,3.8027
457fa9ba86c6af7,control,Преподавание и обучение,5.5463
3aad505ba918ed6,test,,6.2819
77efd0483d330a8,test,,4.276
4b93156c37078f5,control,,4.5338
b901da549a9dcfb,test,Преподавание и обучение,6.3605
953ac69fedcde56,test,Преподавание и обучение,5.0717
c41229995ff4bbc,control,,6.7739
dc2215b0ea657b5,test,,6.0551
fcbee43dcc7cac9,control,,4.7046
4e9c3c6237f0cdb,control,Управление командой,5.2459
03e733a1e6a7df8,control,,3.8295
9b767a8b7e8e7bf,test,Преподавание и обучение,5.9113
b685d95ca9cfba5,control,,6.8275
711633025f4041d,test,,5.6734
083a302c1da6e3c,control,,2.4981
ef0a1d021032e1d,control,,6.8942
45a1419fd6e4715,control,,4.8958
74fe599bd072232,control,,6.3881
b6a6ff26b5d4ce1,test,,4.6978
c4d4d2d6076a17a,test,Преподавание и обучение,4.2174
2ee0ebc94ac676f,test,,4.4985
68916e0f78dff9b,control,,4.5119
f28f93765867a64,test,Другое,6.8419
99b24901ea946b3,test,Другое,5.4311
ae64c4536ffcc0f,test,,3.9755
6243378103c9937,test,,5.6079
394b1158c4d4c76,test,,4.1775
2cb04b4a7a0dc0e,control,Преподавание и обучение,2.574
26820bfedd1f6ce,control,,3.9407
28af7be92eaf9d2,test,Преподавание и обучение,3.5962
740fc77edb748d4,control,,4.0377
6c0cbe42dc87cbf,control,,4.4266
4872cf92b8f0d2e,test,,7.6028
40f5e2209dfbdce,control,Другое,5.6757
b75ee44dd96cbcb,control,,3.3271
2eaf8f579e70c3d,control,Преподавание и обучение,3.7713
4893edfd96af8ad,control,Управление командой,5.4349
9ab7978ee015ff7,test,Управление командой,3.1239
f4641ef2f70a437,test,Преподавание и обучение,5.3574
65d78093e0d79af,control,Преподавание и обучение,5.2312
820ff3e1ee4c776,test,,5.6296
8f1a244aecf757d,control,,4.1139
4eba67f729b76fc,control,,4.5704
5c801f1a3ec14cb,test,,6.0614
f17699b6670463b,test,,4.3153
6c3f84fe0a2a744,control,Другое,2.453
8e611cc6a99fff8,test,Преподавание и обучение,6.8227
ae3b042c76cc492,control,Другое,3.9023
d56af924d2cc6a3,test,Преподавание и обучение,5.046
a0881c57e816813,test,,5.2664
c75e39e53a725b5,control,,5.8425
cc493a44881fd55,control,Аналитика и исследования,7.1419
6fdf4341adf05e5,test,Дизайн,6.7609
a3b4f7c083fcc81,test,,4.1235
86c788718219e29,test,,8.4819
6c3b42ca2bb4184,control,,4.0596
33864ebb8f10f7e,control,,4.9208
5262360b1bb9815,test,Преподавание и обучение,7.6966
483e64579f98c60,test,Бизнес и предпринимательство,4.6681
2841b635cd7ad3e,test,,7.2374
7c7171ad6ff9138,control,,4.5777
9236488e11bc7a5,control,Преподавание и обучение,4.9774
4e4b246fed234ea,test,Маркетинг и реклама,5.551
2a65d1501ad1768,control,,4.6285
da3d374c8897cb1,test,Преподавание и обучение,6.3299
add8fd1a2861f8a,control,,4.5151
7eb005e56f7f9ef,test,Преподавание и обучение,5.4711
19a0099b4ab29a5,control,Преподавание и обучение,3.4344
3ff73e71be8456a,test,,5.4956
2cf1eab13f8d040,control,,5.8033
f3e0313a094fb35,control,,4.1391
65365f790eb69de,control,,3.7808
7c0feb448e63c6d,control,,7.0333
6a6494d4556a39e,control,,2.0762
cbf92afb4d32698,test,,4.5748
4d25258e516663a,control,Преподавание и обучение,5.2567
1a446b73be7e1da,control,,6.2693
01313413a3a5042,test,,5.817
c79932ab07e3617,control,,4.4722
b1e068469d1f826,test,,6.3991
e5644b7d4ec0a46,control,Преподавание и обучение,3.2386
d1352f732715beb,test,,7.2156
60fccfee086a3e3,test,,5.8319
6b4e421e765b397,test,Преподавание и обучение,5.111
8c2098d766893b0,control,,7.0111
9b2a16fa9da313e,test,,4.3335
3550053bcbdb77a,test,,3.5228
491db1b87c5868a,control,,4.8348
386969f495acc85,control,,5.0478
c961c8f24c28714,control,,4.8385
120c364f11e4d2e,test,,5.9591
844acce37d71534,control,,8.0187
93ba3446fc37ba1,control,Преподавание и обучение,4.1516
81a1e2a0b1cb777,test,,7.3875
b566031b692635f,control,,3.7245
8d18b469c6e46ad,test,,4.5972
db1d42ea2165817,control,,4.5235
aebe82d538e2e3f,control,,5.1663
b941c6055a87d2f,control,,6.1381
861df5cef487dc8,control,,3.582
e61fa1276b2b279,control,,6.1459
be3198640c96f44,control,,5.17
8c8e15faec17060,test,Преподавание и обучение,4.2181
fd0a6b765742a19,test,,5.6272
8bdcf1f96b52f3b,test,,5.8239
40c6dbf7fb3a309,test,,6.3942
8cfd67a730facba,control,,3.9662
42c34274139089b,control,,5.5248
941a0516ad1fb7c,test,,4.4937
e7662d67bf1dc87,test,,5.6088
70ad6ba9114701d,test,Преподавание и обучение,6.6457
af91deba074cd39,test,,6.2528
c255a4aa2c783fd,test,,3.7876
4befb0f7e837793,control,,4.0103
e8c3933dc69dbc0,control,,3.0243
7f027da70b7fb35,control,Преподавание и обучение,5.0244
03fcc033f4bc5c9,test,Преподавание и обучение,5.6801
e7b59fa613a0df0,test,,4.895
6ca3cb11eefc824,control,,5.3244
d767b729541a7ca,test,,5.9469
e10700f1f87b63e,test,,4.303
dbe7513838eec3b,control,,4.7573
62a507d66201a7d,control,Преподавание и обучение,5.875
11b51de71367121,test,,4.4304
5ca10900d31286a,test,Преподавание и обучение,5.4084
607eccf3e9200c5,test,Преподавание и обучение,5.6195
0e563c53750ebe4,control,,4.8002
29845d91cf1d91e,control,,4.915
b2beebb7e32a50a,control,Преподавание и обучение,4.0987
8fd9dc8d19d0dcd,control,,5.0544
f0db5af670a3679,test,,6.1999
de2d3d3ac2f29bb,control,Дизайн,5.8166
3e32a7574ce5bd9,test,Преподавание и обучение,4.8769
0bbda61429d21ff,control,,4.6316
26770d2f4d50e4c,control,Преподавание и обучение,4.5269
012da2f64304cf0,control,,6.9947
85ec0cc3427de15,test,,3.5221
df04728ccc9482a,test,Редактура и копирайтинг,4.4867
2f61d395e8d1f93,control,Бизнес и предпринимательство,3.9506
33df95a8871f978,test,Управление продуктом,7.935
2d1894e38b69f83,test,Преподавание и обучение,4.2558
1637af1fbd50e42,control,Преподавание и обучение,7.2966
a76ee7e11beca28,test,,4.2854
d08d2c14ee326cb,test,,2.5787
e312ef1e3b5d4fc,control,,7.3503
e16276ad046a2e1,test,,4.3688
ff2f2f92be39474,test,Другое,5.7689
9f84149b23233a0,control,,3.3984
785959f2dbc36f2,test,,4.4406
9bec491b1601d45,test,Дизайн,5.8861
72605c2c5ea4cc3,control,,4.1912
9b22266be420675,control,,5.7187
838b4233f4c4cb4,test,,7.0959
8909928c8a22198,control,,6.6263
f86082a685ecd36,control,,2.5192
14b9962513e616b,test,Преподавание и обучение,7.0693
a724cebfc2233cb,test,Преподавание и обучение,3.4025
51dce77e43562cc,test,,7.0661
995236b8e77641e,control,,7.9848
41f8c133c8adcd7,control,,4.7467
3983aae98050c15,test,Другое,7.0498
7b4ae7824a4ccf3,test,Дизайн,5.8073
617c3485f22cd1b,test,,6.7492
947f48f85b4319b,test,,5.1433
a9cef913b34c4d4,test,,5.2669
42000afc551fb15,test,,3.928
a49eef5bd384cc3,control,,4.7706
7d685265fea3836,test,,3.6151
3b32b83dee2e4a2,test,Бизнес и предпринимательство,5.1288
2d9b2fdcc98f864,control,,5.4844
c2c1583d34aa036,test,Преподавание и обучение,5.6913
5688f22b86b1393,test,,5.678
be649176bd1ed93,control,Аналитика и исследования,5.2945
a577b75625ffd14,test,,4.4263
ddc8fb8c9b786ec,control,Другое,4.2758
c118a59cff0e243,control,,6.1308
810a4c82b722829,test,,4.7928
56e429011a9f167,test,Преподавание и обучение,6.5321
edfce6579113531,control,,7.6673
4309d3776aa0b5b,test,,6.2214
34d02206a3a37fb,control,,5.8039
23c270dd5d29765,test,Преподавание и обучение,4.8498
42dc1d79439aacc,control,,5.9013
6b210883c44ea7b,control,,5.529
a527b3d5a73dcda,control,,2.9753
0f317140a6c2428,test,Преподавание и обучение,5.3808
e7f1308b0b92e77,test,Дизайн,5.3315
ff9689b563ada0b,test,,4.6007
4389c6772297d4f,test,,4.6388
e36093d5a061913,test,,5.4773
c6b20b712c96050,control,Преподавание и обучение,4.722
8ac0e83ae4ab3e8,test,Другое,7.1066
e709257b57bbbfb,control,Преподавание и обучение,4.6929
53b3d2cb9c29934,control,,7.0441
5b7cb459c3f26e4,control,Другое,4.7083
b3063abccc0ef9f,control,,4.5523
5eab31ddb3e5ddd,test,,1.9681
6765823f29f4ee0,control,,3.8876
41a3026573bad08,test,,4.4716
d2d31be98bd0e0c,control,Управление продуктом,5.447
6e9139717611de1,control,,3.3538
2fa38ad1abd9c77,test,,5.0646
8eec147350b5c7b,test,,6.5461
267ce7b64a89fb7,test,Преподавание и обучение,6.4778
fd34e3917226be5,test,Преподавание и обучение,6.0548
76ee83c138c91f3,test,Преподавание и обучение,5.4194
44da6f57e63d5c8,test,,5.7875
f02c86f50058a5a,test,,6.3872
0cce4aa8a3902f6,test,,6.7712
79134ba28d984ff,test,Другое,5.0728
500b6f47714822f,control,,4.5803
0d62eb78b33606d,control,,6.1041
c6f6319bbc849da,test,,5.636
937b10d7fefa6d6,test,Преподавание и обучение,7.478
3df4eed7c3ed401,test,,3.2036
6926eed70fe762c,control,,3.7753
89d999a5861611d,test,,5.3865
c2983cde20d2811,control,,4.8125
f3c60751d175a0a,control,,4.3254
3f835da4bf379b2,control,Преподавание и обучение,6.5957
b7a10e68e24a107,test,,5.9912
75aa686c469d8f2,test,,6.4171
fbf187a51ab8397,test,,5.9578
a9423daf6538959,test,,5.5644
9613c26dc211699,test,,4.8031
cf75d02d8ca036f,test,Разработка и инженерия,7.0225
8341b2fc2191902,control,,6.1031
f1ff972c1a67a71,control,Преподавание и обучение,5.9549
54b3770c76841d5,test,,4.1099
b145041e85cc8d3,control,Управление командой,3.9448
e8b96f6ac1a4f6b,control,,5.9764
03c36c4d1d35f58,test,Преподавание и обучение,5.9293
8d92d060d22238f,control,Разработка и инженерия,5.6682
94451eb0a7306e3,control,,2.1196
64d50793f46274f,test,,6.7397
6663a8280d47b80,test,Преподавание и обучение,4.6464
73d668fe3b19d43,test,,5.9564
51b0b26ccf6ba63,test,Преподавание и обучение,7.4135
d9c56106713a5ae,control,,5.1373
57eb962e3d37479,test,,4.7431
93ee96b79008d0b,test,,4.1076
2f826275d555bfe,control,,4.2786
df5ada72d1b0f0f,test,Преподавание и обучение,3.6698
07d4ed677e89e82,control,,5.2634
5d78fda30177fa3,test,,5.5183
5055d9ca22a6287,test,Преподавание и обучение,5.346
3122d2145086c04,test,,6.6692
85955f151071375,test,,5.0234
b4c2d650485247f,test,,4.3812
717aef8bc5e21b4,control,,4.4107
c5a31d3721a91a6,control,,5.7154
88376a36cd7fc6d,control,Преподавание и обучение,3.6596
57699c12a10d010,test,Дизайн,4.13
fcd9544b713af53,control,Преподавание и обучение,4.3978
6826c5931a8f80f,test,,4.4155
c56e48faf2e2fc5,control,Преподавание и обучение,5.2924
46121501a830af2,test,,5.4912
2dc2be86d0d4f88,test,,4.4423
d5d0c2d08daae84,test,Преподавание и обучение,6.8732
2700a195d7dd300,test,,5.162
25509aeb1a84415,control,,5.8253
c4a0d30e7e9187f,test,,2.073
36de30f38c01d58,control,,6.3333
3ab93dc44314fbe,control,,4.2013
94cd8102a8e6c6e,test,,5.0102
2bede042072dc97,control,,5.1861
abcd560dc841dfa,test,Дизайн,3.4339
72b366609c2fce6,control,,5.0783
238cc2258b3427c,test,,6.1591
0ad56ca57c7495d,control,Преподавание и обучение,4.749
40525bf04811b0b,control,Преподавание и обучение,4.7097
f373c3e01a99787,test,,5.4196
2b3d385910e6deb,test,Преподавание и обучение,5.6069
1aea0468ede1ed4,control,,4.96
007f32bcdb34d47,control,,5.5245
fff074035163b6a,test,Преподавание и обучение,7.6272
725359a90014941,control,,4.9673
94b3061170056ed,control,Преподавание и обучение,4.0291
aa0bcb7a06e7701,control,,6.7006
ec1d4ca9ea97484,control,,5.6536
8dfe4495e2fba07,control,Преподавание и обучение,4.1805
e1283ac702cf440,control,,2.8745
efb6772cbc44d40,control,Редактура и копирайтинг,3.7761
15342c8e66cae1f,control,,4.482
9fa2ef152bf6371,control,,4.0035
7009f5b9dae2761,control,,4.9199
5b22dd1dd1c3c61,test,,5.0561
4c30d705fa8ee42,test,Управление командой,6.2867
2eac04a0cb67624,test,,3.7733
20db25618fbcfb5,test,Бизнес и предпринимательство,3.9332
61eaa4974372203,control,,3.6872
daffdeee8e05091,test,,4.1187
0dc3055d493a7e1,control,,3.7422
535ad1c301b2875,control,Преподавание и обучение,4.0671
3b6ba984c11eccd,control,Бизнес и предпринимательство,5.333
41352a19289c727,control,Преподавание и обучение,4.0416
bfa87bae4d57ed4,test,,4.7261
fc920fe6b67a87b,control,,5.5046
0760894d51e499a,test,Преподавание и обучение,4.2225
dab81c655c9b612,test,,3.9406
fc42e253a56b5d0,control,Финансы и консалтинг,4.344
d9860d94b652af3,control,,6.6005
67209fe2880e97d,control,,5.2875
f804ab1b61d56c8,test,,4.6422
390f88b057f9dc1,control,Преподавание и обучение,5.9499
900a4134bd37f91,control,Преподавание и обучение,6.4463
b7ee1d8aef5dada,test,Преподавание и обучение,5.9116
780ba9d227cbcb7,test,,5.3006
56d5db26fe4d05a,test,Преподавание и обучение,5.2947
420bf5dc99c913f,control,,3.6156
ead1c0131d0cf89,test,Преподавание и обучение,6.0562
6dcbd1b7f43fd65,test,,3.8171
7cd06c216ac539a,control,,6.2927
c23dd47ca38d16d,test,,5.0178
3047d9129ee2fa1,control,,5.5643
82f67b1c093c562,test,,3.6791
1687f422f55121d,test,,6.494
5532260294f20fa,test,,2.7362
f7866d547b5e18d,control,Преподавание и обучение,4.0486
08e5b2edeee1e55,control,,5.8529
a2a17ba173db275,control,Преподавание и обучение,4.6827
2d282a215da1132,control,,5.1038
75951b519e62585,control,Преподавание и обучение,4.2339
5e015c953979d78,control,Редактура и копирайтинг,4.3532
ae84b011063c07a,control,,4.9256
632de2bf269fd81,control,Аналитика и исследования,6.0439
d09a05a349f400e,control,Преподавание и обучение,5.3061
650f64119284584,control,,4.9012
a3386c29b34a711,test,,4.6028
daba14e0add35dd,control,Другое,4.1642
7d93bd60497db90,control,,5.1848
4b97138ada68222,test,Преподавание и обучение,4.755
867a89cef0c7f53,control,,5.15
c400a9837c711f7,test,,5.0765
f7b52fd88d2560e,control,Преподавание и обучение,4.5535
2aa699828d99890,control,,5.2115
b21229ba693d8ab,test,,5.1914
42020a1c2c76304,test,,5.6327
97c062f171aef76,control,Преподавание и обучение,2.6479
b20bc7be77afe16,test,,5.1338
d3eca2296c5dfa4,test,Преподавание и обучение,5.9917
a405f81255c0965,control,,5.2452
67770568f31caaf,control,,5.4694
7d60c019f8f9a49,control,Преподавание и обучение,6.0931
8ac95c7bbf1796c,control,,5.431
6a5fe768287aff0,control,Преподавание и обучение,6.8855
77de25ebf7e4891,test,,5.2195
285b8193dbb73bc,control,,7.8752
484e33ea9d28475,control,Дизайн,4.0922
446c2bb227dde4c,control,,4.3609
0469f500d0ebeb7,control,,6.3588
8fd12c3fe602567,control,,3.9733
e2f2ffe8103f68b,control,Управление командой,4.0397
b8be74c7b764a38,control,,5.308
fd2ef4e4e767b12,test,Преподавание и обучение,7.0467
739246b2fa72089,test,,6.156
0177679eebe9a27,test,,5.7739
5e930a4b9fc0276,test,Другое,4.0983
0e8d8c52f4f9bc9,test,Другое,5.6029
632c4edd47c972e,control,,7.4281
c83cb51a19c056c,control,,4.4215
32aeb1eb63cbe92,test,Преподавание и обучение,2.8709
f83a47e1d5fd65d,control,,7.3631
7c0123da18e3911,control,Другое,5.3316
797a6e95511dcb8,test,,5.174
1ec9d1d92717c0c,test,Преподавание и обучение,4.9938
bcd7f19193ac64c,control,Другое,3.306
791b662a8b8b7ed,test,,4.5318
437e33acfebbb0d,test,,5.4082
591f18f801cde2a,control,Преподавание и обучение,4.5036
d5a95c1f0609ea2,control,,5.6425
a5c4717068b61e6,control,Преподавание и обучение,4.9346
b57fa5f5c20d9b9,test,,5.0305
b0943e98b0c12af,test,Преподавание и обучение,4.9342
e2c2e72e14c78b0,control,,5.8467
ac846b2a344e6fb,test,,6.6429
5756d5a6db16222,test,Разработка и инженерия,6.0204
abe92a4c66408ac,control,,6.7204
592e85a4f29d6db,control,,5.3599
7f50b7d87c6f4a6,test,,5.5293
1353ebe2d3f5ce0,test,,2.6506
bdf8456a64cebc2,control,,3.7613
cc2ab55616fe1bf,test,,4.5804
4f3735de72c5bc5,control,,5.0341
b7ccf3af0c363c0,control,,3.9237
5caebd2a1fe9c64,control,,2.6406
c5ea56c77776c79,test,Преподавание и обучение,5.1615
0a80f6b578b0e3f,control,,3.1531
4bc530f4bbe6f69,test,,3.2494
6ebd673cb48435c,test,,5.5482
c2665cb2cef40ac,control,Другое,5.2748
900468bbab65d16,test,,4.8157
ac4d6ed589f05e7,control,,4.7578
cabaf69823f0114,test,,4.7857
8122e7d641da5d0,control,Преподавание и обучение,6.4679
d5932716579a83e,control,Преподавание и обучение,4.1525
62279d44c420ee0,test,Преподавание и обучение,5.9376
1c197f4244ed78e,control,,4.9722
1e7419a0784a054,test,Бизнес и предпринимательство,5.7018
1e90ba65fd0ccac,control,,5.0006
6b19cab1e024bfd,test,,5.1919
e636a04bcde7576,test,Преподавание и обучение,4.6691
d46115449766d44,control,,4.7088
710e8e47e2180db,test,Преподавание и обучение,3.3575
09b4c817faced31,control,,4.9927
78dfe59440ffc59,test,,6.3173
ef904f23ea7bb6a,test,,4.0934
1b2b7745780683a,control,Преподавание и обучение,5.0659
4aae99ae79cbdac,test,,3.4195
fadb7a8269b783a,test,,7.1125
8ff4b9174a47bab,test,,5.8911
b2952822229bbc0,control,,7.3859
181118d19a83914,test,,4.1024
005e60dc706f9a9,test,,7.7995
24691630436a5f2,test,,4.3652
d5b2d6084bb531d,control,Преподавание и обучение,4.3342
30839db5ef8bc14,control,,4.4171
8ed58b762117f57,control,Преподавание и обучение,4.7546
91b37cc34d68040,control,,5.4446
daba2c3da2f0170,test,,3.8443
56798b7c3aadde8,test,,4.6702
85cb693ca9cbb98,control,,3.8486
daacbe8df1aed23,control,,4.8357
69887c8a3297ce7,test,Преподавание и обучение,4.508
435a939952eb464,test,,6.5145
02c77ede83261f8,control,,5.1518
4742ba016c4e913,control,Разработка и инженерия,3.1717
f8dcb859a916942,control,Дизайн,4.5728
328c9160091bdee,test,Преподавание и обучение,4.0101
7ba8f7d692d2afb,test,,3.9337
30588309f728b94,test,Преподавание и обучение,5.1681
3c531f389908959,control,,5.495
6f558487c0533a8,control,Управление командой,4.8412
9ad6dcea4459de0,control,,6.3298
4f6281c49928a96,test,Другое,7.4324
9e3b6257a960511,control,Разработка и инженерия,4.9229
c3817852b2cf63d,control,,5.5924
9f40e5c1db79eae,control,Другое,6.8396
4c101b293f64911,control,,6.0801
a217cea8841b5da,control,,5.0918
61e6e36d934866f,test,,3.3442
2e52824aa2ee896,test,,4.7842
dec668ec9acaf0f,control,Управление командой,4.1935
a93494cfda80cf5,test,Преподавание и обучение,4.0591
db9d6bb0ce7d82a,test,,6.1173
f48f39adb3b6648,control,,4.0665
21f244e25c1030e,control,,5.1984
06ffb425399a643,control,,6.7074
e38d233754b874d,control,,4.4027
1d95d1ca602102d,test,,6.9317
a61787d1d98bd23,control,,3.6893
a1b55aad8e28fc8,control,Преподавание и обучение,4.0734
d2576ebec863722,control,,5.2477
bcc91e97864c236,test,,5.292
a563365e287c795,control,,4.9904
ad1d436f304d47d,test,,6.8604
017f9fae9811feb,test,Другое,4.4371
5688d7a49d79406,test,Преподавание и обучение,7.8672
bc1890936925295,test,Дизайн,3.1766
b3657997358c286,test,Редактура и копирайтинг,4.4926
4168babe4535775,test,,5.7931
c2854267ab07f6c,control,,5.7013
fe14601dfaff364,control,,7.3557
2a5c0d6501a539a,test,Преподавание и обучение,7.2404
cef63deb07b42e1,control,Другое,4.0687
c7ae84bd814e340,test,,3.9402
0e3fb54d13cd252,test,,4.4748
21147be09ff3eca,test,,3.7304
46e4fb7a102e5a5,test,,4.889
a05775292d2b6cd,control,Управление командой,6.1389
2910acad233fb26,test,,5.3405
85d533217620572,test,,4.7283
fb40e03bc1cec16,control,,4.4362
5e896031b052be4,control,,3.6979
5624a5c7f6d2393,test,Преподавание и обучение,5.463
de5ae50930fffcc,control,Разработка и инженерия,5.1305
4bae4f018bfd466,control,,5.5081
4d1245685cad41c,test,,6.389
cc5733e2640a9eb,test,Преподавание и обучение,6.7658
fe65946a6054fee,test,,6.3887
8d5826b68f179b2,test,,5.1971
b0ef0ad81c55a09,test,,5.2725
b5e76d5e994f46d,test,,4.3169
3be198f90152a29,test,,5.254
f94df78c09bfd1f,control,Преподавание и обучение,2.7865
cd2cf41be497cd2,test,,4.9931
cf1c5ccff570293,test,,5.297
3875544c50c7a4d,control,,4.898
8902721f713f614,test,,4.7984
1af5d8024df64b9,control,,2.2876
1e6edf2f7689588,control,,5.0258
03c03a8f92dfb78,test,,4.0246
d664d96952cfeb5,test,,4.9523
f31087b75d967bf,test,,5.1247
d3723c57ba89059,control,,4.9794
dfc4bcd2e4ea1a8,control,Преподавание и обучение,7.4739
e7dbd788c44a620,test,,3.8813
6e98a6fa05b6b89,control,,5.7379
8e410711b4f04d0,control,Преподавание и обучение,3.2157
9e5cfbd61822063,control,Преподавание и обучение,4.7778
0c236b46b6e7385,test,,4.2679
fde4d505c96b2e5,control,,3.9547
4ee7f671a8e5bcd,control,Другое,2.9337
297f95f65a229eb,test,,4.0657
2599cd14b0db51c,test,,6.3806
c18bc0dac247c6d,control,,4.3329
b0bfd5ef8abb27c,control,Преподавание и обучение,4.4423
ba92c857db87fd6,test,Преподавание и обучение,4.0226
636ac4810a1cdc4,test,Преподавание и обучение,7.5083
13c086fe293f2f1,control,,6.2355
f59e02a2e61fb85,control,Другое,5.0345
6f37104c6e7285f,control,,4.6834
d4d92c0a16c3400,test,Управление командой,6.9277
d007eb9e1712c7b,control,,5.8452
c483c5930032731,control,Преподавание и обучение,5.049
f22830a56fc7d8a,control,,6.0351
2a3590deaf96405,test,,5.8811
09d57a1a19185aa,control,,4.855
573ce7255b4ec27,control,Преподавание и обучение,4.4725
254b85c080c3584,test,,5.3426
fcb1fb37de85d51,test,,4.0553
53ce386d74bc734,control,,3.476
6edddb8d5fa9fc3,control,,4.4448
7e4475a1f6da991,test,Преподавание и обучение,5.3599
22c0b49e810a2a4,test,,3.3495
a0a5580fe2ff959,test,,5.3938
c7eb1234fd233bc,test,,4.6583
d45251feb8b18a3,control,,4.4922
f2f450945d1b8eb,test,,7.5241
1b5f3e287b7ec60,control,,5.4935
32017742b18fd24,control,,5.1268
70f771b54d7e3c6,test,Преподавание и обучение,5.5797
72282cc055f449f,control,Другое,6.5875
cb0c614b1298e58,test,,5.4494
b3d16b547d503a9,test,,3.6176
014aad50e4d3872,test,Преподавание и обучение,5.676
5220480eab6a514,control,,3.5635
05992082ff2701a,control,Преподавание и обучение,5.5942
b0ac277528d6fd1,control,Преподавание и обучение,3.6698
a400991196b6160,control,,5.439
f93fa381dd030f8,control,Преподавание и обучение,4.4074
50471964d527c7c,control,Преподавание и обучение,4.7245
4fe5a24fc372aee,control,,5.3639
cecf955e648ae65,test,,4.3646
02bfffe4bbbd4f2,control,,4.9859
a80d1617dd975e7,control,,6.8469
0e01f0659f71df2,test,,5.7114
b9871ad7baf4177,control,,5.8731
93ff810e897f58f,control,Преподавание и обучение,4.6997
cf7f6bf23e73020,test,Преподавание и обучение,6.0646
333e061ab4ec6cc,test,Преподавание и обучение,5.0563
1c34bac278bc11e,test,Разработка и инженерия,3.8735
098b3c8d5f652d1,test,Преподавание и обучение,5.1812
52bbda0d8ec03ee,test,,6.7098
7349050cdb280e7,test,,5.779
db36a18fae6d155,control,Преподавание и обучение,5.0643
d8c49cbd8c492cd,control,Преподавание и обучение,5.7669
6a414728a780ae6,test,,6.7319
4ede57dc97944d5,test,,5.3858
a1770ed95dee693,control,Преподавание и обучение,6.8693
82bfb18f8c2f42d,control,,3.1796
062c091ddd33f38,control,Преподавание и обучение,4.9152
036e772bbb81262,test,,4.8399
f89501a25bba8f2,test,,4.0321
6db9306a9809a16,test,,4.0568
01ede9e3ea099f9,test,,5.1486
e9c4ad94c31c805,test,,5.6707
090915a8deb663e,control,,5.8651
cc1f539c513b77b,test,Преподавание и обучение,3.0717
99fc2ae9f3658b6,test,,5.5917
b0005bc4808b088,control,Разработка и инженерия,5.033
db6338066c73384,test,,4.1914
314d85c4fcc300b,test,Преподавание и обучение,4.3664
e3b324e0ffa53de,test,,5.9193
f67d85734016938,test,,6.5354
61ea38c42da1074,control,,4.3376
a6cf50f906d5eab,test,Другое,3.4386
39086c42e04b27c,control,,4.5969
75ef3a75fc738e0,control,,6.0514
cddef0c799a3003,control,,4.0152
d0ddc4592f6569f,control,Преподавание и обучение,6.8331
9fd8fdd4943a066,control,Преподавание и обучение,4.1753
e89e0c694c7dbcb,test,,6.1062
ab1fc2542e7d040,test,,4.2194
a48261baf644c29,test,Другое,5.416
130d80edb71d7ba,control,,4.6531
a62f450cf9efd81,test,,4.4452
932749d9b02c407,test,,4.8045
978f87aafa7daeb,control,,5.4792
2d5757c7837baae,control,,5.8768
49a7f34c7dbd601,control,Дизайн,5.3108
313d9017d9c1ce3,control,Преподавание и обучение,4.2053
6bdf507646b8063,test,,5.2078
cd5078641ecbbb3,test,,4.5599
3edd1af484493d0,test,Редактура и копирайтинг,4.2332
027670127485d01,test,Редактура и копирайтинг,5.4178
4f17826e72fed3f,control,,6.2062
72894dc502eb639,control,Преподавание и обучение,3.5346
c5359dec210a586,test,,4.8199
d4039d94ad15cb9,test,,3.5537
1efaf7f38614893,test,,5.2734
af53bfdc69133c0,test,,6.9744
0305bf0ef8dba60,control,Другое,6.6337
4006862a4246de3,test,,4.9002
eaf55578e6020dd,control,,5.3038
358b1345fdbcb39,test,,3.2586
49e630cea4c9cc1,control,,4.0574
96e1babd6b835f0,test,Другое,5.4787
4aa60b11ade81ff,test,,6.4616
ec9fd5b703b1e7f,test,Преподавание и обучение,7.6547
aac44a2a8d6a1f4,control,Другое,4.3459
d88cab3216f70b7,test,,6.4782
4390ff26259a779,test,,5.108
2cb686078e38c04,test,,4.8315
cc8f55cbcb4cf46,test,,2.1566
403bebb1da5bb69,control,,5.3417
4385a67ecc56c74,test,,4.5764
f7f0f83b3167982,control,,3.898
2dbb4afb47849e2,control,,4.1545
1cd01cce5f68266,test,,3.4819
9f9cc30b6882fbb,control,,7.0398
dcebf0332a783e3,test,Управление командой,3.8744
5e33718deefd9fe,test,Управление командой,5.3235
959429700239e5a,control,,4.2224
1e676df69ab97cd,control,,4.0191
a48e094b589c939,test,,5.5242
7593f279ae97d0b,test,Преподавание и обучение,4.4342
3c6a9db34dc72de,test,,6.9619
d715eec7a6b268f,control,Преподавание и обучение,4.604
9e418b5028e68f7,test,,3.3739
38c71b7f7d402de,test,,4.5279
a98e0005227514d,control,,7.1787
1ac2be061caa488,test,,4.664
821dc6227456ff2,control,,3.8062
8a84cbd7ef2262e,control,,6.5869
fd6aadf3b037342,control,Преподавание и обучение,4.7389
e35b026589bdbe3,control,,5.9626
7f9b7a362194540,test,Преподавание и обучение,6.045
54b5d7e7c111859,control,,6.9431
27df86a242ea286,test,,6.3931
981feb58963ec71,test,,3.6366
f5772abaa9d9a4f,test,,5.0902
717bb961fab1805,test,,4.1387
9f336cbf50594ee,control,,7.2505
d0635218786a17b,test,,6.5594
f5a6b6a9440842c,test,,3.7007
8dd5a76b432cd1c,test,,6.5777
93d36b6559da465,test,,5.9729
066dea8eeba1549,control,,3.6476
f91a57b2a1a891e,control,Преподавание и обучение,6.0541
aa6ee6af161cfdc,test,Разработка и инженерия,5.9344
294856ae737714a,control,Другое,4.4775
8a85976b54a242c,control,Преподавание и обучение,3.2305
1b78e9512ca1623,test,,6.6073
8f2cccb6af2c448,test,,5.1526
b7db478659e0a64,control,,5.5549
ff32658b9cfbfbe,test,,6.7175
455dbf10782e5f0,test,Преподавание и обучение,4.6975
d50c1635de4d050,test,Преподавание и обучение,3.5736
79001c52d0b73f7,control,Другое,5.4199
17b97b4d70432e3,control,,4.7264
46db860571710ee,test,Маркетинг и реклама,4.8196
402d1f04984574f,control,Преподавание и обучение,4.8998
87785fce2b6fcf0,test,,5.9233
eb5c1ea05f55a68,control,Преподавание и обучение,4.7585
54c8efeba5574b7,test,,5.6045
0bfd5ed68f67843,test,,6.9751
46b33ad3d6731d0,control,Преподавание и обучение,4.4577
61d077a6a8188a5,test,,7.5305
0a22705fd41960a,control,,3.6421
06f320588cf76ca,test,,4.3597
0054d4149a82a0a,control,,3.1119
df9a766b2d9d140,control,Разработка и инженерия,5.0992
e61518500bacad2,test,,3.8505
f441809d89988a4,control,,4.9657
7d1c81528c410b8,test,Бизнес и предпринимательство,5.1953
b9aed38e7eddeda,test,Разработка и инженерия,5.9745
50eefed7bf4251d,test,,7.279
bd2085cfdd2ef9a,test,,6.7551
599b270b7527100,control,,4.1331
a53fe5aaa9a25e1,test,,5.6288
f3880f1ca4b559d,test,,3.8395
1e1e9bd0dc298e4,test,Другое,4.6725
f405a0757290f1f,test,,4.6417
ae04f6108d3625f,test,Преподавание и обучение,6.1856
7cbe2e5c7a288f2,test,,5.7999
a3072e3d74f4efa,test,,4.2909
51fe9661f5ae170,test,,8.1546
95361079f0cc971,control,Управление продуктом,4.2454
ec7cdc266419c9b,test,,6.9264
35ae7530fe79f11,test,,6.2942
fe5ad4a1627040e,test,,4.3624
c24976d17b9b661,test,Преподавание и обучение,5.4965
e592de080296978,test,,5.5435
5970f35207c148f,control,,3.4389
0d33c9aeded5691,control,Дизайн,3.2594
15549836a1ba136,control,Аналитика и исследования,5.7588
343cd64324a3a1d,test,,6.0306
acb8f670dc22260,control,Преподавание и обучение,4.9652
44e862d895ed0bc,control,,6.1858
37c03aab86f747e,control,,2.8916
16af21f2f1de8a1,test,,5.684
fb3b6c7ad7a176d,test,,6.3634
ab313d15a8b8572,control,,5.1784
5c508ed6d07d83b,control,,3.9209
2ea0bf66b6d2d78,control,,5.1006
fff108e43c453c4,control,,5.5078
bf1bdfe1b6beabb,test,,3.3224
152d42684dbf156,control,Преподавание и обучение,7.365
87a147536d3aa05,control,,5.3036
910e148e8561aa1,control,,4.8978
a3b33ae7550f620,control,,3.8245
3962188a1aaf17e,control,,5.6977
81225fda7977a3c,test,Управление продуктом,6.9999
2d36c8199dc6a73,control,,4.5661
66cf80060e437b2,control,,6.5594
7524f5e3502d5dc,control,Маркетинг и реклама,2.0704
c3ae3154806d885,control,,5.8428
715c5553a8f5ef6,control,,4.316
97903ff0768c410,test,,6.0218
c3e109e400f6c9b,control,Маркетинг и реклама,6.2452
8541afd7825740a,test,Преподавание и обучение,6.3441
df7c5160a4a2002,control,Другое,4.2881
d72fe2ef8220c48,test,,6.3469
f69340a1e37ecda,test,,5.2562
8806d6260e89e55,control,Преподавание и обучение,5.5668
59e2b6b61c89ae2,control,,4.7695
b9ac32d6464f48e,test,,5.0439
4f5eb4eed39cef1,test,,7.6649
265e810bcb32bb1,control,,6.6468
7be35afecc8dd0f,control,Преподавание и обучение,3.4218
d3fb01b69f609fa,test,,3.7753
5395862f679002a,test,Преподавание и обучение,4.7602
7b43ee7e6554edd,control,Другое,3.2523
874a5391c468f51,control,Преподавание и обучение,3.9803
39eae3426d27aac,control,Другое,3.1653
ff7199ebd0d1852,test,Преподавание и обучение,2.5952
8d6bb336a48978c,control,,6.2243
fb276072c6e1401,test,,3.5956
2035b9a31113203,test,Другое,5.1071
c23296634d57ce9,test,,5.9655
6744d7bf81899be,control,Преподавание и обучение,3.5079
059b12257dda9ee,test,Преподавание и обучение,5.3876
7d1206392b4e68b,control,,2.6387
a0176e93d543b35,test,,3.0308
1dc87b5a4598fa5,test,,4.6562
12988ec5fe63c75,control,,4.3554
4c8a3fe860d03c8,test,,5.9881
1981e410dccf57b,test,Преподавание и обучение,4.3409
69ff3a14579a125,control,,6.1407
c1e597b540d3e29,control,,3.8112
0c9e11962b3d176,test,,3.1914
0a57a5c15fedea0,control,,6.328
bf92fc0b0f1532d,test,,3.8284
c1b4a0e01589e9a,control,,6.8079
e5546e2894c82d0,control,Преподавание и обучение,5.3064
f596657b77c6108,control,Преподавание и обучение,2.9359
1abbca7c081d0d2,control,,4.7421
4a991ad09397adb,control,,1.7774
d644c496097e9f9,test,Другое,5.1256
553834c84a7063c,control,,4.5935
2dadc80888a7bb8,control,,4.3859
ce2314d1cfb2183,test,,5.4497
4614023118832bb,test,,5.6989
be8ebce2817750f,control,Преподавание и обучение,5.0889
02535eb3dd0782e,test,Преподавание и обучение,4.5866
37aa41a2904924e,control,,4.6953
5221f813a5f7308,test,,4.0249
92c1ac6156de78b,control,,5.5083
2ab3bc0b23d46f3,control,,4.5858
18b3a9d50fb99df,control,Преподавание и обучение,6.1777
d33fff3108aad66,test,,5.2644
1afc5e724c66290,test,,4.9455
d92e12c6b37efc3,test,Преподавание и обучение,6.4568
6637a80e7d28302,control,Преподавание и обучение,4.422
95efda6bf9d550c,control,,4.7403
42bd51d4198436a,test,Маркетинг и реклама,2.2475
2c913640135f903,control,,5.9607
e1f48b7184dae19,test,,6.4703
5209391540250ec,test,Другое,6.6794
1e371cb9f72120c,test,Преподавание и обучение,4.9893
be6a1602f2cd648,control,,5.8654
ff924fb8ea20170,test,Преподавание и обучение,7.4242
273e6107ed8efc0,test,Преподавание и обучение,5.8703
737f89a34898d4e,control,,3.1457
d7d4bbd73f18b4a,test,,4.4576
2042357062eb181,test,,5.8877
2fb8be48126de8b,control,,5.254
0442d367d921dfd,control,,6.6325
ef7fb57c4ca4af2,test,,6.2901
3ee4ddf8b57899d,control,,5.8024
828b8912a7e9606,test,Преподавание и обучение,5.6613
95f328a5aca38d1,test,,4.8864
42077a9dca17aaf,test,Управление командой,6.3338
f46411d321bb8c5,test,,5.4831
ca5398e87e76e5d,test,Преподавание и обучение,1.021
1286d99fc1c9827,control,,5.9164
2f25745a8fb0732,test,Преподавание и обучение,4.5823
e1453ab85f52a11,test,,6.3909
612d02a11ee2a8b,test,,4.4099
04373f047aa9d03,control,,5.656
026a8a89d16579a,control,Преподавание и обучение,3.7435
8b81493c98b12b9,control,Преподавание и обучение,3.7381
32f1fdd0ae063d8,control,Преподавание и обучение,4.6212
81050e0d8e2c596,control,Преподавание и обучение,4.2121
6e1c6403c6dd52d,control,,4.2884
593e8490db3957f,test,,5.1719
8acf1abf27437b8,control,,4.9848
cc2d32124e9690a,control,,6.4424
180418e203ce334,control,,5.739
c5e77785a3728ed,control,,3.3264
3d025a65d9d482e,control,Преподавание и обучение,5.1975
aaf92d06cca9488,control,,4.4438
a5de734d46de975,test,Преподавание и обучение,3.4892
9fbbfa4bcee02d5,control,,2.9774
2e55a1ef47c14be,test,,4.7396
6e3c5966a84d9a8,control,Преподавание и обучение,6.4108
e625d7fc6a415fc,test,Разработка и инженерия,4.8121
3338c757ca38112,control,,3.4618
967f544f609e99b,control,,5.3724
1e53d20969d4b3b,control,,3.9348
831c9762b113d6b,control,,5.4475
1ee43b304d478a0,test,Преподавание и обучение,6.2725
ff4cb5f33b64351,test,Управление командой,5.9572
2d4f4f9c4e57ae2,control,Преподавание и обучение,2.9656
50493bcc6be4c4b,test,,4.4931
0b24333ea998946,control,Преподавание и обучение,5.5719
1e88b18625ba3f8,test,,5.2675
daf4e476e7dfd68,test,Другое,5.0996
6bdfa10288416eb,control,Другое,6.3258
c170ac82714f9b3,test,,4.4799
8666fdfb09eb736,test,,5.8368
1cd4f3daa49ed0c,control,Разработка и инженерия,1.7024
4fd4b76b78963d8,control,,4.2272
8e68e1c1756b566,control,,5.4977
3131a2532be351c,control,,4.6505
cd287ae4d195523,control,,1.9445
7ce2f72a56ec2e5,control,,5.2005
bbe1941e7b07656,control,,5.1431
446554d8e06efe3,control,Преподавание и обучение,3.7641
b123a861724ce0b,test,,5.2392
d52744d6ba21f14,test,,5.2404
2f09e99238427a4,control,,6.2331
8168a3723eeaf6d,test,,6.3384
f3694f6b117b9fc,control,Преподавание и обучение,4.3012
1c2956a3aff60f4,control,Преподавание и обучение,5.8922
65281bd23695e47,test,,6.9758
181ab4017aa29bb,test,,5.587
9e02e35d20a3e6a,control,,4.4991
e688185dee00ed5,test,,4.9749
d274ad87c18ba6d,control,Преподавание и обучение,4.2596
e75ed7910294d54,test,,5.4863
5cd3c6859873181,control,Аналитика и исследования,5.0859
53cf8d0f3b34cf5,control,,5.3373
5c626dc03e04845,control,,5.1686
318076e61b9cd6c,test,,7.8022
56cd03285cd4a17,control,,5.0303
e65d942995ee7d2,control,,5.1893
e1eb3695976b6f7,test,Преподавание и обучение,4.8452
367f4fccfebb78b,test,Разработка и инженерия,6.2018
0324a725308639a,control,,3.3718
3a62c89c2e09a99,control,Преподавание и обучение,6.2383
0293bade826a804,test,,5.7479
16d4a763991a913,test,,5.0271
0423aef47680c61,test,,5.7674
24a8e6702fc3e40,test,Преподавание и обучение,3.6107
9bd8edf5877d903,control,,5.4156
a86e68c29f3f580,test,,5.5072
97a23d6c7a1304a,control,Преподавание и обучение,5.1647
23725646017d393,control,,4.1829
1d99fd3f88c0cff,control,,3.4623
95d4ac94f458c75,control,,6.8786
2ae7525b599b12f,test,,3.4347
bedb61f73032ec4,test,,3.9497
fae786380629286,test,,3.9045
ed34d30de51f487,control,,5.8561
6c4a2d1ad8899a6,test,Преподавание и обучение,5.8076
05e0f77ac634c81,control,Преподавание и обучение,4.2623
7679bd91855fd38,test,,5.0849
41be878f7a64f63,control,,5.2547
4fd66061b26d1b2,control,,5.8013
f371a33a1a3bb14,control,,4.7345
228448bd8d51891,test,,4.477
09d62aba3b71487,test,,4.5962
2f37720c2f1c6e3,control,,3.9773
2e0e25c0e79adc1,control,Преподавание и обучение,6.0652
e605f89d75751f2,control,Преподавание и обучение,4.1072
487860650dacb7f,control,,5.2339
d878541b877ca96,test,Аналитика и исследования,6.0667
800789b3214c217,control,,5.7535
a87a1653a6b534c,control,Другое,6.9264
37bee68ccd1d176,control,,5.1631
683034e50b86a77,test,Преподавание и обучение,2.7651
f8f2489858002d9,test,,5.7232
5b13dca5f8bea6c,control,,3.0863
01c3cfc4b784f75,control,Преподавание и обучение,6.5634
7c4e28209a7afaa,control,,6.9957
d04ee33d13c48b5,control,,3.9171
34c272cf5333b7f,test,Другое,4.3329
1704b6b43aff265,test,,4.4519
a45adec8b3b03e4,test,,7.1083
9326839f05342af,test,,5.3874
eaf01798b592a4c,test,,5.5344
4402d06fcfefaca,control,Другое,4.182
cccaf57e7c8ec60,test,,6.1919
6ea8c9c1f99d8eb,test,Преподавание и обучение,5.6399
4fb90c766360603,test,,6.6256
681684682441810,test,,3.6634
8da2ac130194faf,test,Управление командой,4.868
4e4e5a538f4d5c7,test,Преподавание и обучение,4.8645
dfd02671fb07655,control,,5.0064
d848ad2f946241e,test,Редактура и копирайтинг,4.2705
e1d026c7504328c,control,,4.0422
b241a6099ff1e90,control,,6.1374
1f07a3e28b882af,test,,5.8813
5f0b75e7a3f026d,control,,3.8015
fa5adcf5b91bcc6,control,,4.6908
8da2664d05ffdad,control,,5.5031
064e82a92e04262,control,,5.7776
1b97cc3b64d1bd9,control,,3.1604
635e5ad85e1fdd1,control,,5.2119
04fc45b5b3100af,test,,4.2767
19cad2854f99870,control,,5.8894
3088e47a73c6d15,test,Преподавание и обучение,3.9843
f756205ce348f48,test,,4.8733
5645b606b785eb7,control,,5.2014
0bd1c407135deae,control,,5.97
8fad846b14860b5,test,,4.9459
aaf1458b02465c8,test,,5.0114
f54bc45fd184327,control,Преподавание и обучение,6.0124
eae0d339c78255e,test,,5.5993
b5f1da4f98f12aa,test,,3.913
e62305d1920c16a,control,,6.0247
995ae131e3d7eaa,control,,4.7814
b223e9324d2d946,test,Преподавание и обучение,3.0523
04f8124a6202982,test,,7.403
0cc1d36b7180a09,control,,5.6076
f053d5458efccea,control,,5.9887
5ab3ac7472d863e,control,,3.6996
18397f0d34e05d5,test,Преподавание и обучение,4.3483
74eac76a2c44085,test,,7.1399
3122ecc8cfd4487,test,Бизнес и предпринимательство,4.8831
c1eaec69d7de97b,test,Преподавание и обучение,4.7965
a422a7cce6ed25b,test,Другое,5.643
0452e230dbce6ee,test,,8.0135
3624ba4a1bc53b3,test,,6.1014
5b0caa3211dff5e,test,,7.5955
7b7e1f9be947ecd,test,Разработка и инженерия,6.8129
a49c8241756d004,test,,4.8855
3671458000c6e8b,test,,7.2185
da940ecc294d183,test,,5.6119
91a34f1968eef1f,test,,4.2966
76eb579ede46e09,control,,5.3907
a87d5b4d6963348,control,Разработка и инженерия,6.7217
fd81f61e6e43bad,test,Преподавание и обучение,5.1176
b62b1383b0168a7,control,,5.2261
0b2aaefbf259631,test,Другое,4.0345
9ce35c29536de42,control,Преподавание и обучение,3.5172
49b0de7a59f4fb3,control,,5.2607
897ab15c2e1050f,test,,4.3266
5f4222e9661f848,test,Другое,3.0294
be75138c89ee17d,test,,3.8289
db64af27437e51f,control,,3.6966
2c79c85b9eb7b28,control,,5.6853
2e317ff8bfc60a5,test,Преподавание и обучение,5.1442
a91767de67d3135,control,,2.8568
73c6a38dcaf3529,control,,4.3339
20b7b5f5db4e389,test,,5.9611
fff5c1b5876a06d,test,,5.7089
34e73fae70c839f,control,Разработка и инженерия,4.1096
0c467bbc2815242,control,,2.4206
073e4d33e710146,test,,5.3299
0c85a79e4f7fb15,test,,6.3041
5ded96a49785c69,control,,3.6353
e31deefd19adf86,control,,5.1638
108a27a944e8702,test,Преподавание и обучение,7.3468
5dbc01e8c3ccdfd,control,,4.7306
fe0295d1b1870ad,control,,3.8184
05d898aa5c655d2,test,,4.8601
fbe1d6e239adf64,control,,6.0724
bfe4c97457a4655,test,,4.6881
e68c9c8cfee497a,control,,5.5569
ab3228112e7d6ce,control,,5.8931
ff89af98bec9580,test,,4.2366
df2165bc1ceeaf5,control,,3.7769
5ff8e70e652a0a2,test,,5.5854
2da49ae0d1f4f72,control,,6.8804
d56ed2b8edee42e,test,Другое,3.5388
d53aa7fc9e1a541,control,Преподавание и обучение,5.8195
0acebd9fd2cba91,test,,7.1142
d51651a6dd9b749,control,,3.8757
7d0a5355a8b0d5c,control,,2.1497
27791bc26d24e54,control,Преподавание и обучение,5.5673
ceafe6aaf280f0f,control,Преподавание и обучение,3.5497
6e12fc4acf827b9,control,,3.7182
58fbfee8c2a82f2,control,,5.391
e6ea36d69783f5e,control,,3.1547
395f8ee94c7a42d,control,Преподавание и обучение,6.9365
df33407d31aa9aa,test,Преподавание и обучение,4.1708
c1e89b0bc3064c5,control,Другое,4.4969
3afb73caf5d5b65,control,,3.6529
6cd9e53745176b2,test,,4.7925
b13f58c8beb86bc,control,,5.4687
71fbb0e3f5033e9,control,Преподавание и обучение,5.8258
8447825e2e10a3a,control,Преподавание и обучение,5.3131
1a8c180adc09196,control,,6.9146
e865fa53c6f6976,test,Преподавание и обучение,5.9853
ddd70afd22a0080,control,,5.4115
220eeeba303ff5f,test,,6.0117
7baeefc731b5687,test,Преподавание и обучение,5.8226
40229afd1700722,control,,6.3391
b0a078e28bced80,test,Дизайн,4.6487
a0896ad4ad86226,control,Дизайн,6.0334
391b339a6c54051,control,,7.4948
b3aa91ab4f953cb,control,,4.3028
2b1fce9d600e32f,test,Преподавание и обучение,5.139
2f4fdebdc49ebdc,control,Преподавание и обучение,4.2887
834b51f848adbd1,control,,4.4737
c60aa5e316bf43d,control,Преподавание и обучение,6.8838
a47aa2d87e3fcc0,test,,6.6839
4f694548052594d,control,,5.9065
99adec1d2dc3a98,control,,4.4337
d018dd2b709dc79,test,,5.3826
5151c17ffb95744,control,Преподавание и обучение,2.9083
e3a4b01d6e995d8,control,,6.472
1d77b57b4a18740,test,Преподавание и обучение,5.0742
634aa1b0d2f49f1,test,Другое,6.949
f065d4e2c662158,test,Управление продуктом,3.3388
4a175df331f49ba,test,,5.4256
295e11a44a62226,control,,5.2625
a855ea0cd42a007,test,Преподавание и обучение,4.8621
76d202b77974b91,test,,6.7119
6cdb85b06b9f26f,test,,7.4017
aebd9a48c896903,control,Преподавание и обучение,5.4628
5df1a9e57a53700,control,,4.1017
decb8a16cea21eb,test,,4.7401
337174e048a6a51,control,,4.8316
2e9dc9891099adb,control,Дизайн,4.9278
680a4375ac00124,test,,4.8712
0f3879e022b3a56,test,,3.8543
9bdac60d438ff8b,control,,4.1051
f73ab0772fb9234,test,,6.5862
250ee8845d922e6,test,,6.0027
d8c11c72548e4f0,control,Аналитика и исследования,3.8008
b39f8059073c461,control,,5.1096
a4419c34d51982d,control,,4.4286
d3f87fca2b58edd,control,,4.2036
dc929b89674d236,control,Преподавание и обучение,3.6385
a971195d43460e3,control,Другое,3.734
bfba6a6f4106ae1,test,,5.8993
189d9727a7903cb,control,,4.9344
b31114c117136c1,control,,6.6893
95603e32c18a94e,control,,5.9214
39b34178695dd8d,test,,3.9192
c488118cbc7d855,control,,5.0123
3bbb5d8496df222,test,Преподавание и обучение,6.3551
82c9c114f0980cb,test,,5.3401
67328d6e7a64d42,test,,6.6913
4b7873955067ac0,test,,5.6401
57aadedd32f693d,control,Редактура и копирайтинг,3.6053
27b1f90f125b318,test,,5.9776
25e7458701bdfb5,control,Дизайн,4.3922
0b3febe2a24b574,control,,5.2768
d31f78dd1d07efc,test,,4.4181
b654ac293730f53,control,,6.2705
ca330cf2cd965bc,control,Преподавание и обучение,6.4508
1413686e499c65c,control,Другое,4.0947
dbc8478c029c752,control,,5.8725
1dd83e94f4520e0,control,,5.1135
53555481b88a138,test,,5.3508
4e9a716449a5949,control,,4.7752
7ce2590fac541f4,control,,5.0249
3aa87c7165d5aef,test,,5.4228
247df6025c3ae6b,test,,5.3371
533e67d2e6e2361,test,Преподавание и обучение,3.1423
c8702a26523580c,test,Преподавание и обучение,6.4533
f2a18164a554898,test,Преподавание и обучение,5.7727
5d4a510f84108a2,control,Другое,3.7115
9b2a9d0a67047af,control,,4.6245
9f5874971ead64f,test,,4.718
da34be6f7b33ba9,test,Редактура и копирайтинг,5.5337
71755647e9ab67f,control,Другое,5.8163
02b4749f24f1854,test,Преподавание и обучение,6.6624
15d37eafce4c435,test,,5.526
6cc95b8d47c93fc,test,,4.9314
9b6f109a6dd2501,test,,6.3537
cc2e57e44c786be,test,Преподавание и обучение,5.1283
7d07c4b89ece9d4,test,,6.2604
6c2837e5684137d,test,,6.6178
e2fc191535cb964,control,,6.3766
978bcac441ae32c,test,Преподавание и обучение,3.4647
865d9db41eb2b03,test,,5.8127
9e3f120a207f7f4,control,Преподавание и обучение,4.9375
74fb07546f953f2,control,Преподавание и обучение,3.703
866e241e92f9186,test,,2.9514
8f423d1314035d1,test,,6.2082
7b5f583e06e14f9,test,,5.3331
b68af3e214440f6,test,,5.2936
702a4fc012b45a2,test,,4.4699
f0a4f4739f59a23,test,,8.5739
98882a3412a6066,control,,4.6095
95d2c976bc611af,test,,6.0438
bea2128cd1d281f,test,Преподавание и обучение,5.9943
047f2473f445dea,control,Преподавание и обучение,4.403
2de6634ea56e626,control,,5.2915
867fd25b940c342,test,,4.5624
08bc4d0240aae3d,test,Преподавание и обучение,5.6107
6ef746fc122eedb,control,Преподавание и обучение,5.82
fee24648302c8e2,control,,3.7945
e4a79f3c54ab71d,control,,4.3687
8485baa06c71cb0,test,,5.785
91ca6971ce6c850,test,,4.5607
8099720351d7e49,test,,2.3924
4e8f2749bba05d6,test,,4.0506
db58fe6c6687b4c,control,,6.6703
1c0ea8b33f656cb,test,Преподавание и обучение,4.5185
9a22b9632d29379,test,Другое,6.1095
f0a6507c76f8ed7,control,,5.2101
a00e27b228341b2,test,,2.6447
3cfc3e17ad32c55,test,,5.3215
04fe3bc48308cc7,test,,4.673
afa6666e59b85a2,control,,4.2676
14ac86d90b1dcf4,test,Преподавание и обучение,3.3696
274c8f61ea0a9da,test,Преподавание и обучение,6.105
d8d8fcb2d485784,control,Преподавание и обучение,5.2126
05ca3373164a195,control,Преподавание и обучение,4.459
ddc059b8708ffa1,test,,7.1973
41c294fa6394e80,test,Другое,5.1222
d0529ff112aa483,control,Преподавание и обучение,7.4971
02db3f2c1ea3689,control,,2.8465
55c9bea4364b407,test,,5.0183
685888da999be3e,control,,7.164
775fba1f3d4f019,control,,7.5444
84c4640d0f0bca9,control,,4.4959
d28e800094401be,control,,6.3444
c8a9a30f1db77d5,control,,4.5144
29fb3055411e603,test,Разработка и инженерия,3.9267
d1f60e8ecaa473c,test,Преподавание и обучение,6.5375
67a026f07ea94f9,test,,4.0068
a17fd604c8b0145,control,,3.1332
26a00ab3684c1fd,control,,4.242
95fd0b5b1cad3b8,control,,5.618
7b3f817be394081,control,,5.772
35ba960c2f5d202,control,,5.7936
0cae66517732a1b,test,,5.9954
c3a7e7c4a6c7267,control,,6.6196
7c5a463470cfb51,test,,4.0768
d52c1ebca9bc42d,test,,4.9583
c7462aba1ecbe29,test,,7.4421
4ad9950027119fb,test,,6.2608
8c09dcb31154c6e,test,Преподавание и обучение,5.804
2bad5bd000bd13f,control,,4.9224
a53727e0e94f739,test,Преподавание и обучение,5.5583
deb76c86a40e5ae,test,Преподавание и обучение,6.3638
d4006d872766b40,test,Преподавание и обучение,4.894
6f15c2a850cb9c2,test,Преподавание и обучение,3.1074
a03c543a6786351,control,,5.8293
dc94c6c4fe04a12,test,,5.0948
acdd9bd2b99766f,control,,3.9605
6b50feeec3c5139,control,,4.6064
9dbcc0e6acef5bf,test,Преподавание и обучение,6.9083
475db54c4300c4c,control,Преподавание и обучение,3.6317
5d33124c39f825d,test,Преподавание и обучение,3.7861
9bc31c0f82aa23c,control,,5.0963
80f274193dbdd9f,test,,3.1375
fadc8c54600868e,control,,7.0824
beae4a47907b246,test,,5.6174
7163e99471e790b,control,,4.8566
196ab5ba2686465,control,,3.923
00d2a0fc71e2d36,control,,5.7209
4155785db394029,control,,7.2384
b1997cad149d5c9,control,Преподавание и обучение,4.5675
3670b73e31e447c,control,Преподавание и обучение,4.9763
c5218dd5a3141e9,test,,5.8463
16e340913e7af8c,control,Другое,5.2871
1e35831c80ef4a0,control,,4.1674
8d8b29d1fa73669,test,,4.913
2f2140fe470ffa2,test,Преподавание и обучение,5.1144
2cad2a880c63e0f,test,,4.9588
c893c4b3457e7ce,test,,3.7331
d161d1fe3e14941,test,,2.6978
735b6aed96ff5ee,control,Преподавание и обучение,6.8933
56d1d584cc3915b,control,,4.2648
c332475d3a3813c,test,,4.5948
1fa8c06aa69161f,test,Финансы и консалтинг,6.65
53a4ab8e2ff3de3,control,,3.8131
e212888c546d02a,test,,4.3369
a8c24ffbda1965c,test,,5.806
2cdc59c408582f4,test,Преподавание и обучение,4.9649
3c1d1f0a4be2d07,test,Другое,5.8967
832f80496e65ce9,test,,3.069
a0aae60430ebd1e,control,,4.5721
97206bc4d45b3d2,test,,7.1478
418c78a190a3599,test,,5.3617
8aa7e0afac5a731,control,,5.7496
84a692176707497,test,Преподавание и обучение,4.8881
53369082e2fb1ce,test,Бизнес и предпринимательство,4.7903
0b12c50039f6220,test,,7.0773
423d7d2377e04c4,control,,5.8666
2a912fb4e7fd65b,test,Преподавание и обучение,5.3367
40f283363f60669,control,,5.5808
24b3016830fe4d3,test,,6.6529
6ac611c48e17c3c,test,,6.0029
fbde4b610ae9359,test,Преподавание и обучение,2.9008
252c1f970d6ef9c,test,,5.662
1511af179ceab04,control,,6.4041
c7edef114b5d54c,test,Преподавание и обучение,5.0294
8fe0a3830641642,test,,6.7211
5bd451a8f851387,control,,3.294
f574a171612c463,test,,5.4357
854a3ed1120321b,test,,5.7484
4c2460962618575,test,,4.6786
0dfb4a4bea8de98,control,,5.0995
35a57a67fc1560c,control,,6.2755
8f2874d6c0989b0,control,Дизайн,5.4645
4f2573e2acec466,test,,4.9101
056fbab7e721bc9,test,,5.7393
07b69e8d2aa0f65,test,Дизайн,5.227
5865f20d41f0754,control,Преподавание и обучение,3.98
71166703de96b73,control,,2.5635
95ccf1adac674c7,control,Разработка и инженерия,3.0644
6805e7c9c1cab3c,control,,8.1897
74cbefe84d797b9,test,Преподавание и обучение,5.1685
27198f722b44193,control,,6.4272
d5266a326004adc,test,,5.7437
d89192782564fc8,control,,4.1459
0921a3fe4d20375,control,Преподавание и обучение,6.356
3febc8e8dc4dfe9,test,Преподавание и обучение,4.5707
f3e0176b72c111d,test,,5.2148
af6ce25ae681127,control,Дизайн,3.7757
79ac4369222f84c,test,,4.0093
39b1d17bf9a918f,test,,4.5694
5221f3e36c12bc4,control,,3.2796
1476655bcb0d136,control,Преподавание и обучение,5.7335
aa23cd6e07eeb48,test,,5.2782
5fdd848b3cf32f1,test,,5.8593
b7e9fa1e958bd6a,control,,6.4598
ab99bf69291e6d3,control,,4.9803
51958de2a9b9b75,test,,4.7979
480d5ed06bc019e,control,,5.3281
64016d13e376ea4,control,,4.404
1493fc7f1692c5d,test,,6.4054
f52268453259067,test,Аналитика и исследования,4.5141
ed1367fa3ba5f5d,control,,4.0106
200b597f944b534,test,Преподавание и обучение,4.8515
5007278becc7aca,control,Преподавание и обучение,5.9903
3e0199a9f018bbc,test,Преподавание и обучение,6.3678
c9a166f3a1e8da1,test,Преподавание и обучение,4.3241
77a8bb37855a7d2,test,,5.1581
d75f81aef215753,control,,4.7608
d3b3bbf92577632,control,,4.5978
aa8669dd34af375,test,Разработка и инженерия,6.5978
f20539d2dc9c182,control,,5.0206
5d03e4b0ad07b1e,control,Разработка и инженерия,6.9573
79c7811b3ed5475,control,,6.9846
64b2b41861682d9,test,,5.1658
42d3e10983bb6d3,control,,4.4022
c1fca26d0255aa2,test,,6.424
f62aa0aa8b423f1,control,Преподавание и обучение,1.6101
763e43a0f6ff0fe,test,Другое,5.0315
1059b93db27528b,test,Разработка и инженерия,5.3549
930581c6f84c1af,test,,6.3444
d8b3d5fa8f7ad0a,control,,6.1604
3da3ca1e9a543fb,control,,5.9683
ae1263d5b11498b,control,Управление командой,5.4521
9e7e97b8071a75d,test,,2.4259
fd57d01663d6dee,control,Другое,4.6288
bcf098686034fa7,test,,4.2075
7ec397e1a7ac86e,control,,6.1418
2f94983fa63a4fa,control,,4.7032
846bc1fefd3aa90,test,Преподавание и обучение,5.9301
2e588eaf122bea7,control,Преподавание и обучение,5.1493
8e1d7faa24ff891,control,,3.8433
9b218af3e7a2999,test,,6.6629
fee6ae2ee22cd05,control,Преподавание и обучение,5.0021
9495e76d916c14f,test,Преподавание и обучение,4.9354
f4fb8b33678ba57,test,,5.6748
493243a8754b629,test,Преподавание и обучение,6.8101
23424c34442c726,test,Преподавание и обучение,5.3378
7eaa087cf9ebcf4,control,,6.3826
64d717538619747,test,Управление командой,4.8917
e8341d6cb359f51,control,,6.0203
d4ff2f8e2c5c11f,test,,4.8532
16657cf433c8922,test,Преподавание и обучение,5.826
ef7fb5a9cce8c22,test,,4.4075
e3cafa9beff45a3,control,,4.8376
4f98a4ad78c38a0,control,,5.9445
f4576d10598c9ad,test,Преподавание и обучение,7.8408
51155f679e370fa,control,Преподавание и обучение,2.9268
09f486982fd6cc1,control,,4.438
9c4fdef114e472c,control,Преподавание и обучение,5.4192
e99ce86465e3aea,control,Другое,4.5608
ae4dcb5b9b81a9a,control,Преподавание и обучение,6.7413
8c31918aed7ebe2,test,,3.0131
c2b190908a28a24,test,,5.9285
64bb8201b0516f3,test,,6.634
97d9a47bb5071b5,test,Преподавание и обучение,5.4722
d0e533a888ebd81,test,,7.0013
5ba5dc84e8ec68f,control,Преподавание и обучение,4.8881
8e25103a13ecbfd,test,Преподавание и обучение,5.0397
6966384cb566936,control,Преподавание и обучение,4.8022
8f9cb0a6f3fe328,test,Преподавание и обучение,6.3616
854cd1d6f896599,control,,6.021
437645695a85cb1,test,,5.1294
6f3b89be6668874,test,,7.0203
6b3634879d815c1,test,,3.3748
1a9054cba8b23ca,control,Бизнес и предпринимательство,4.2314
db2556c3c55c446,test,Другое,6.0664
3f2fda31b6e854f,control,Преподавание и обучение,6.58
077a0dc8a766dcd,control,,4.9956
cb58199a57c1ea9,control,Преподавание и обучение,5.1725
91e663881299bda,control,Преподавание и обучение,4.4907
f742f27ea90324d,control,Разработка и инженерия,4.6752
c9237dd7a44fb46,test,Преподавание и обучение,3.1662
d06b55a1b8b37df,test,Преподавание и обучение,4.9113
bafbc229232dcf5,control,Преподавание и обучение,3.9248
b6039103b3471a3,test,Управление продуктом,4.93
df3b9ba674b9eb9,control,Преподавание и обучение,5.3781
6b21e0fe0a1efa9,test,,5.0772
21eb274f17930e8,control,Преподавание и обучение,5.1822
f40b6091908ea6d,test,Аналитика и исследования,4.3207
8bafd984f149b00,control,,5.8402
808d85ba3779605,test,Преподавание и обучение,5.1046
60f39ab6fece4a9,test,,5.8869
3bf9dc4e9006f51,test,Преподавание и обучение,5.2877
414bfc57484b5a2,test,Преподавание и обучение,5.5367
2f4baf0848831f9,control,,5.7839
a713c0f6ba6d9c5,test,,4.4588
21023e51e54ce5f,test,,3.0279
2909880a6c7c029,control,,6.1124
590507c2d3aa094,test,,5.7709
611f31a01df435c,control,,6.6016
9f056dd78f6ee3d,test,Преподавание и обучение,6.8544
8588d835cc3efae,control,Преподавание и обучение,5.8093
44f9efe82a945fc,test,Преподавание и обучение,4.7398
00acafe0e366a82,control,,4.9222
a751d0843ac6437,control,,4.3063
c9dd45608197186,control,,5.1484
899a9ca590e7279,test,,6.6721
f76bf3cdee67f24,control,,4.2557
e103daf01abe5c7,control,Преподавание и обучение,6.2738
d2c7c4c24649c60,control,Преподавание и обучение,4.7562
11c9dfe58dbf5b2,test,Аналитика и исследования,4.7089
ccfc104f9d0d972,test,,4.3899
0df96a360dfbc33,test,Преподавание и обучение,5.4219
468b78e20beeb1c,control,,7.4076
dfe9da2c205f893,control,Преподавание и обучение,5.1889
e0d176999e037c1,control,,5.13
90440a398befe92,test,,5.6466
e181c48d3d02160,control,Разработка и инженерия,5.1606
407f66469961cd4,control,Преподавание и обучение,3.6911
d3da5dc7b7eec45,test,Преподавание и обучение,3.0607
31c0bb085a17e14,control,,6.9478
2c93be4112e2d0d,test,Преподавание и обучение,4.8164
ec3d592a10a6cfe,test,,5.5646
b497af7e22f3f7d,test,,5.9677
4be94802a451135,test,,7.115
79448a75159473d,control,Преподавание и обучение,5.0837
20be64d189a2973,test,Другое,5.9271
80d286167d11d98,control,Преподавание и обучение,6.3346
6366b427b609543,test,,5.1672
b18e69c2e878502,test,Преподавание и обучение,4.6624
2a6a969927d20ea,control,,2.6832
e3e5a6bb1fc3a43,test,Управление командой,5.2417
92d2002552a988c,test,Преподавание и обучение,5.1454
a6adfd728bac410,control,,3.0494
d7ce360ba63588f,test,,6.7466
a2f0ffebf9d6c43,control,,3.8519
851832d7049be6f,test,,4.649
61bdb554b0a24d1,control,,4.6771
15cf34d554b8227,control,,4.0612
2b4d849c3ff9a0a,test,,5.933
ed40669a3635370,control,,3.6627
0b7529090de3da4,test,Аналитика и исследования,5.536
32d2909c9db3146,test,,2.8289
cf00d6cb9e40899,control,Преподавание и обучение,5.736
0ab657c28563e5e,test,,2.0625
177157876dc8dc5,test,,5.2279
45faa5ce7dd7ab7,test,,4.2027
edbf85ea7aa77db,control,,5.9354
fcc6d61a405a8d6,test,,5.3076
5b3f4d2bde6b967,control,,3.4007
1495b93cab7fec0,test,Преподавание и обучение,5.2071
19e18d8be80dbe7,test,,8.1279
e88f645f53fc862,control,,5.5499
5f966d971c7c1ef,control,Преподавание и обучение,6.7273
5ccc5217aa79637,control,Управление командой,4.4887
f7024a50d03c471,control,,5.5383
6ad7ac5b6498881,test,Преподавание и обучение,4.5876
3617ad5ae6668cf,control,,3.0134
e030e5a95710a95,test,Разработка и инженерия,3.2369
d880211c5203aad,test,,4.4776
a332269f70b913e,test,Преподавание и обучение,4.6539
eb03270fdc699e2,test,,4.9679
065adb6392edd5e,control,Преподавание и обучение,6.4374
978dbf60a6b1340,test,Разработка и инженерия,4.0197
faf9370ebadf491,test,,6.9849
d9bb02f2d1f4135,test,Аналитика и исследования,5.6581
fe0cf3ba5640962,control,,4.5379
9a654ce1330ebaa,control,Преподавание и обучение,3.7418
eb977642a969776,control,Бизнес и предпринимательство,7.605
f6ae40eaf68b381,test,,6.8285
ebf76a150201cc5,control,,4.7536
b44b436c0eb9f4e,test,Преподавание и обучение,6.9934
35cea3ca8bffbbd,test,,6.6682
2fc52b8c8fae117,test,Маркетинг и реклама,4.6237
f9e95686d3fce43,control,,5.3765
2d87096562f7c5d,control,,3.7443
1d917cdd426618c,control,,6.1206
192d048d65bea20,control,,3.629
9864559e4da79d1,test,,3.5016
d4c388395d442a5,control,,3.162
b6773abcfa75703,control,Преподавание и обучение,7.8085
4b8fb8b04ceb88b,control,,4.1442
1ed61cc288c27ad,test,,6.2315
0435c1add23026e,control,Управление командой,5.3957
f48fa6a5a38c6cd,control,,6.6906
932ae39b50f94ff,control,,3.3399
792da96354179eb,test,Преподавание и обучение,3.9913
63a3bdaad3628cc,control,Управление командой,3.1897
04055c8d412784a,control,,5.0762
f8bbfe143551174,test,,5.9403
cfd2475bd0245a7,control,Преподавание и обучение,4.5389
8c5b5c6be201fd8,control,,2.5238
8eb74e2b3964bbb,test,,4.5718
e9369ad6890cf17,control,Преподавание и обучение,6.7427
ab2399684eb388d,test,,6.5009
99c3e44ae976ecf,test,,4.6891
46337337495c1d8,control,Управление командой,3.4952
846152b621f4940,test,Разработка и инженерия,7.8582
fffb347d1e97cc4,control,,4.462
fab831e3ab57346,test,,4.2899
cf5d5bd9d578298,test,,4.6094
38676776c0aa305,test,Преподавание и обучение,6.5642
f27cbf64d946958,test,,4.8481
a4e342a6c81828d,test,Преподавание и обучение,3.3967
a9a82c835932c36,test,Другое,5.3567
7ed7d4f16e91a98,test,,3.6848
9b7b1b913f6f92e,control,,2.5215
144d07ed65f1fb1,control,Преподавание и обучение,4.5501
b3134e9a0f8f3c1,control,Преподавание и обучение,3.7942
87d9ed35f9c4736,test,,5.0351
bee65ae7f17c596,test,,6.7018
0bb090cdce33aa6,control,Другое,5.49
c6d956528f905e6,test,,6.8671
6301233ca4a89a8,control,Преподавание и обучение,3.6728
54ad9be6a9a0768,control,,4.8987
177301220d8e089,test,Преподавание и обучение,5.5484
0f653763c1c6f28,control,,4.8621
d8af9ec40e0991c,control,,2.9837
8321c39bbb57f00,test,,5.0625
68749258328648e,test,,4.475
1a894d921d723a9,control,,4.2297
7e41ae6bad697d1,control,,4.0329
c61c22c09554f7f,control,Преподавание и обучение,5.9204
7562fc22164f291,control,Преподавание и обучение,3.668
606ceda6ad4eb7e,control,Преподавание и обучение,4.6171
172c90c2d92b2fe,test,Аналитика и исследования,6.442
8aa911df956c0cd,control,Преподавание и обучение,4.4357
4a87ac7d3298900,test,Бизнес и предпринимательство,4.5842
12494f00ba79e43,test,Преподавание и обучение,4.6886
b930b65198db456,control,Преподавание и обучение,5.1852
895ac6dc3f4250b,control,,4.7844
c580824cd7e582d,test,,4.3449
d56d1d2d71b28d2,test,,4.6089
cefb5dca2eae040,control,Другое,5.6883
d07a78db2ad2f46,control,Преподавание и обучение,5.7266
283df27bf231370,test,,5.0856
cd31a7b5c4d7dc6,control,Преподавание и обучение,4.4133
5b0d1e5b5b931ce,test,,4.0044
37a5a2739bf5dfd,test,,4.7233
71e8e594830ee9a,test,,5.8732
91f4796317dbd54,control,,5.128
f1f8d9e9ee6c593,control,,4.1709
0b51998537b5a04,control,,4.2195
c2f819f439a4bb1,test,Преподавание и обучение,4.4951
a2c500df2b02eb3,test,,6.0743
60012e0ba1cf423,test,,5.8255
a5c7e5f4135e8b4,control,,5.6813
ef1daaf91d8e371,control,,5.948
c5778a55c989985,control,Дизайн,5.2517
d6511692e6524f5,control,,4.6496
549aa5dbe13319c,control,,2.2653
14e3c097b7f158f,control,Преподавание и обучение,5.125
780e7b5cf113e0b,control,,4.5443
242e6b4e2bc1d47,test,Преподавание и обучение,6.6658
f9c1a0ed58b1c39,test,Другое,5.2608
ef9b190eca87ad8,test,Преподавание и обучение,7.4869
ee18a78b391e547,control,,5.6918
d4c3095aa6ae0d0,test,,4.0749
746d673d34f8fff,control,,4.9628
211056a4c677bd6,control,,4.4148
63d75882bfe7035,test,,4.9877
363aecf257d56c7,test,Преподавание и обучение,6.1548
8a18f84dddb526a,control,,4.04
3edd2ca761abed4,control,,5.2213
4b4c8af20553593,control,,5.9855
0afb0192d4401ba,test,,4.5392
0794fcbcb008adf,control,Преподавание и обучение,4.5909
1bef074bf0f94a8,test,Преподавание и обучение,5.8288
2e1d9908f0cb93a,test,,5.9482
479e0f297d0c75f,control,Другое,2.795
f114afe9083e689,test,Преподавание и обучение,4.6073
46736e72a7c3cee,test,Преподавание и обучение,3.4502
1df8eea2df17d2e,test,Другое,3.1903
8ac6dd395ad4d29,test,Преподавание и обучение,3.2221
cb2116db08f62f7,test,,3.8841
e3539f68e570934,control,,4.3435
429a24d8948a3e0,test,,7.0984
313429db7fdd236,control,Преподавание и обучение,5.2392
2ec1784775522d5,test,Редактура и копирайтинг,3.2706
e2c7a98f9e55c49,test,Управление продуктом,6.1492
5e97e8695bb3887,control,,4.5528
15a677a8f6073ef,test,,4.9863
7bb1271fdecae3d,test,,4.5027
e10e23d8e89a031,test,Другое,6.2816
a41b791bbeb5d37,test,,5.6269
bf15c5d01296b4f,test,Преподавание и обучение,3.4082
bce2c9a90558aaa,test,Преподавание и обучение,5.2728
6c30de90fdf8184,control,,6.0535
31ef85c287c7e95,test,,5.5889
d9b9a655b5908f9,test,,5.2818
35aa56d54e0386d,control,,2.5677
555405eca542c28,control,Преподавание и обучение,5.3082
bd0f780c3d68a95,test,,5.5412
b3f8501fe95cbc8,test,Преподавание и обучение,5.5074
96b825e214c9ad1,control,,5.6701
6a5f83ae9b2099d,test,,3.7871
1fcb35ccad1be82,test,,2.9948
95904a0e7b3e336,control,,4.0093
39910107349912d,control,,4.3281
7b56235e37fe5c3,test,,5.9105
cab494e751dfe7b,control,Преподавание и обучение,5.164
9dc35bdbccd03bb,control,Преподавание и обучение,5.2581
679ebfa8c7031c7,test,,5.2007
ae54fe35c2523de,control,,2.5284
687f5f4a2f6bccf,test,,5.4263
ee60e6e6fa7c519,test,,4.6588
a7b585ace34adf0,test,Преподавание и обучение,3.7342
c07f787b71801d6,test,,6.4228
8fcdd5565d72a65,test,,3.7707
e51cd0b79eabccd,control,Преподавание и обучение,6.9777
256fc8733df8eb7,control,,5.3115
159e05c735f873b,control,,3.9479
4a49c34e0d99a1a,control,Другое,3.3588
522284900a95cf1,control,,6.7658
cf83ce6b245de84,control,,6.2315
f011e5d10219faa,control,,5.3974
824026c5313ae9b,control,,5.8977
df1b727ed2670fd,control,,4.9497
678a85b2e0d8ada,test,,4.716
bedec452ebd4447,control,Преподавание и обучение,3.2565
1b19dfd99d064a6,control,Преподавание и обучение,5.0375
88a3498fa6473a5,control,,5.8203
6189d8ba0a928fe,control,,5.7515
c0aa43a25cfb417,control,Другое,3.6221
63cf404564a281c,control,Управление командой,4.7043
366650fa8e23f41,control,,5.1968
5bc7dfe88f80f67,control,Маркетинг и реклама,6.3651
f93f638daecc0fe,test,,5.1365
4fb53b02173a5c9,control,,3.0635
235b5686eb0caac,control,,5.1536
eac12757e2fced5,control,Преподавание и обучение,4.7192
939ab85eeb0ba01,control,,4.525
c603bbd6eb9c81e,test,Преподавание и обучение,5.2789
3d19b95dc1d24af,test,,6.5668
3e0c6321c6bdfd7,test,Преподавание и обучение,3.8438
30196f5c2c75bfc,control,,3.1449
9c68dda2b25e1f0,test,Преподавание и обучение,5.1935
0a9d390107de4ea,test,Преподавание и обучение,4.0707
7447d4740989495,control,,4.7092
083adc66cbae24b,control,,6.1835
6fdbacd29f7fd81,test,,6.3809
cedf91d0ae2ace7,control,Преподавание и обучение,5.6565
20af9071b5ee6b7,control,,5.8111
4618d1bae50582e,control,,5.8215
5f3a9676850a690,control,Бизнес и предпринимательство,5.0318
6cdfca942296178,test,Бизнес и предпринимательство,4.3276
b48273d2f7286fe,control,Преподавание и обучение,3.5601
a944382a061de08,control,,2.2729
d8e1228e3fd2fad,test,,3.3892
c08fa4917afb68d,control,Преподавание и обучение,6.9689
3249e824d2ac9b3,control,,6.0144
8879af438942a4a,control,Преподавание и обучение,2.853
e29b246ed62f7ad,test,,5.2759
ecf86c528b5453d,test,,4.4553
9dcafcd11f26bf7,test,Преподавание и обучение,6.8215
0ca761b3a603f70,control,Преподавание и обучение,5.6489
767348d54f01b2f,control,,5.3351
96494e919c6fe77,control,,6.1961
cb03a26064d66b1,test,,4.7493
9d0982340720b6d,test,Преподавание и обучение,4.0483
2be3b9bef0abcfb,control,Преподавание и обучение,6.2172
42b3e20aa17ccb2,test,,4.2459
8a8459fea60190d,control,,3.8351
a72c85a37ce7f99,test,,2.867
ce1241306ff7fbc,test,Преподавание и обучение,4.4036
508047efc531665,test,,5.0303
4657abcf1c605b6,control,Преподавание и обучение,3.7828
74b090477ad4818,test,Другое,6.3327
e76906d040a5d78,test,,6.1041
0343a78f8cb09c8,control,,5.6956
8b6ce5c24b7a45e,test,Управление командой,5.0785
c8b679384d72900,test,,4.1065
fdd0efddb021e01,test,Маркетинг и реклама,6.0173
7a0dc4121078274,control,,4.0233
eff4e825c4cdf56,test,,5.7311
943f55d7e9da7ea,test,,3.5564
90ea0249a30b220,test,Преподавание и обучение,8.4481
41ef427e8217d9b,test,,4.1938
eb53c7f42ca6028,test,,6.1044
37aadd6fcb5cc27,control,,4.7009
d148e8ec75f4f72,test,Преподавание и обучение,6.7413
a5eeae5a202a91b,control,Преподавание и обучение,1.0246
635a8577ff4d917,control,,1.2673
60643b5f2144e18,control,,6.4404
15befaf36a52dfb,control,,3.0103
1f0d10e5f44cc08,test,,5.7504
2d9b6b036ab2685,control,,3.9383
ee1da8a9440534f,test,,3.5449
1dc5e55a09bd26d,test,Преподавание и обучение,4.3782
9f61d7768fa1752,control,,5.9581
667a2d5982c4d36,control,,5.5955
fc94117789ef21f,test,Преподавание и обучение,5.384
b5adb5b6f20fe40,control,,7.1169
d44cd71dab5e313,test,,3.9196
ee8a550d4f5a7e0,test,,4.2255
483eb82fa61f95c,test,Преподавание и обучение,5.5998
915cc0be368d064,test,,4.0388
72e28b2b61c057b,test,,6.1693
48b6048ca27eddf,test,,4.1073
9b1736a5d00df46,control,Преподавание и обучение,5.3222
ea2be8ac9a51740,control,Преподавание и обучение,3.8173
e565d43fcc21c5c,control,Преподавание и обучение,5.5552
d2df9bb0da48abb,control,,3.5883
4b2d27a9303bcc6,control,Преподавание и обучение,5.3365
d9929d766a08aa8,test,,3.4203
31e65b1535685a9,test,,3.1754
4a04f1db3ac893c,control,Управление командой,5.527
fadf9d71354dd88,control,,5.1745
34c3f6157678fda,control,Преподавание и обучение,7.8552
d3ec682f4795fc7,test,,4.72
8540f02890de045,test,Управление командой,5.2474
101eba582c44bad,test,,2.7058
be66d1e3c3d9f4b,control,,3.7749
890acbfc032684c,control,,3.8046
755cc9f29031256,control,Преподавание и обучение,6.889
78728d50434ff9b,control,,7.5215
994f5ec29b22975,test,,7.9936
a6897f3942ec10e,control,,5.921
8c040d6070b0b5c,control,,3.6299
93174a4a00e62fd,control,,4.099
6a3dacf35ede1cd,control,,5.2145
0d7e7700520b4e4,control,Преподавание и обучение,3.9164
c75f44b118b634f,control,Преподавание и обучение,4.1654
4d1afa2fec7075d,test,Дизайн,5.7077
e5ab59c0ea70320,test,,6.2935
ae3c6b02d4ac1f9,control,Разработка и инженерия,5.6523
f046bfa164fff36,control,,4.6219
fb8e8240960dcd0,control,Преподавание и обучение,3.9578
a9613c369c7efb2,control,Преподавание и обучение,2.9325
4d9981100b0cace,control,,6.655
7fd1760110f8295,control,,5.8082
ef5adc5f782e9c3,control,,4.8845
4bf1a0d1ae6b5a4,control,Преподавание и обучение,5.9366
7236928bc559ba4,control,Другое,5.9712
9a9bf58b9635825,control,Преподавание и обучение,7.6876
3e56c7c9354bc5b,test,,3.4655
f3fea03b816b8d8,control,,4.7801
bfef4096a146e1f,control,Преподавание и обучение,5.0028
7b039aa4b45db25,test,Преподавание и обучение,4.7659
f50f0816ae74995,test,,6.2117
9de2530d8e66c17,control,,6.1264
cf90fb2d172f381,control,,4.605
ce57e6f1c49969a,control,Преподавание и обучение,6.4075
7f0dd7e89d0266b,test,,5.999
815a94660dd4513,test,,4.1796
823220465ff7782,test,Преподавание и обучение,6.0184
6e6a811f632f87f,control,Преподавание и обучение,5.0087
b901a47d2c68edc,control,Аналитика и исследования,4.8956
588c814cbcbb2dc,test,,4.9905
bbdd3372e01a426,test,,2.7532
2f15ae921b50a98,test,Маркетинг и реклама,4.6284
48ec9d32f9645a0,control,,3.82
2d9f551045c25df,control,,6.1433
e9ebcdc0bc6bc19,control,Преподавание и обучение,5.2284
3419b0dbb62aa05,control,,5.097
7b99a83e2b9dcfa,test,,5.6136
adbc0a94b2bf199,control,Другое,4.999
4dc23192dc2249b,control,Преподавание и обучение,4.7881
07404cb3fe992a1,control,,4.2747
41c08092305cdbc,test,,4.8491
988fde4587108e1,control,,5.225
9061366afe45fee,control,,7.2414
1b11732627de2f6,control,,4.4705
a51c1cb62f58305,test,,3.9633
34fc9472c81fd31,control,,3.4612
6093c37837ab7ad,test,,4.4722
edd17088646e9e8,control,,3.6408
147f6b46f028f04,control,,2.2948
47d4682a8abab42,control,,5.1477
1ae9d45c90f595d,control,,5.1556
b7db05af3f406cb,test,Преподавание и обучение,5.5953
9bb2ade5d84b4f1,test,,5.9542
23fcefc161e31c6,test,Преподавание и обучение,5.2016
e6bb7f781a24df9,control,,5.9757
f58eec410c7db67,control,,5.1813
af02f93f71e6f43,test,,4.6947
de6a3588f413656,control,Преподавание и обучение,5.2464
c8598f560f2f164,test,,4.7881
298e970c0f58772,test,,5.7891
a929a52165e6dea,test,,5.4646
5daeb8aa62535e3,control,Преподавание и обучение,5.2579
1f07a51b9d823dd,test,Преподавание и обучение,7.8102
6f9c732ee797c1b,test,,7.1749
de5d5596c17f155,control,,5.8157
91ea0cdfc0a0331,control,,7.0311
70af5fac9fa0de2,control,Другое,4.1172
aa6422791eea22d,control,,4.1589
acece4ab5531b4f,control,Управление продуктом,6.2801
868d2b6b183a0ab,test,,4.3188
1e977849ed9d0a7,test,Преподавание и обучение,5.5221
890f8ac5fa80b44,control,,4.4405
2c394375ed28005,test,,4.9724
2908a979f46c34f,test,Преподавание и обучение,4.763
0110b6c3dd9c2ae,test,,5.5321
8f514ccc1bfd821,test,Преподавание и обучение,4.0726
a11610219a99304,test,Преподавание и обучение,4.7271
c779ba67601954b,control,Преподавание и обучение,3.5512
d84664f5dceae6d,test,Преподавание и обучение,4.4211
dc5da3518209761,control,Преподавание и обучение,3.7394
b1a1766527a3492,test,Преподавание и обучение,7.5742
3e70b965d5066af,control,,6.0395
4e722d6a9d5352f,test,,4.5812
99a61653a2cb11f,control,,3.8732
ffc90c538cb9ba6,control,,6.4262
3c202c9479cdda8,test,,3.0565
750c2acb12ab8c5,control,Преподавание и обучение,4.6069
6464756c69d2308,control,,4.7099
e4aa1bf68472362,control,,5.0825
67998b7abd5e422,test,,4.0833
0cca359cd6a8f98,test,Преподавание и обучение,5.3845
41d863b39a710dd,control,,4.6446
0f6c0a64de414a9,test,,4.0443
3c2fab2191880a2,control,Другое,4.9032
3c6849bc54a87cc,control,,5.9118
18a25641a2860d1,control,Бизнес и предпринимательство,4.7359
ea8b503771aee1b,test,,6.0553
024137a45a1acc7,test,,4.0369
6985074e88324cd,test,,5.3899
57e8fe179418936,control,Дизайн,4.9258
065f8f1b8344bb7,control,,5.3833
4ce38dfed3537ee,control,Другое,4.3648
b60e1dbbd038c43,control,,3.7524
0b067f89e90f676,control,Другое,5.537
4d93e4ace8bfeea,test,Бизнес и предпринимательство,4.4187
d2afdb3c4ef4225,control,,4.5291
dd55884f984d562,control,,4.4501
ce276edbab0d795,control,,6.2851
2fd2eda71844697,control,,3.6829
26a585ef1a8db3b,control,Преподавание и обучение,5.0183
3bc910777cc1e63,control,,2.7001
1175d17b256340b,test,,5.7053
5e6b207852eaabf,control,,7.629
d2dc9a23b463850,test,,4.9777
588eeb5d1b0ffca,test,Преподавание и обучение,6.6354
c91e8bc434b0623,test,,5.0891
9799e3b52aa3ef3,test,,4.2969
779cdadfc79a749,control,,5.1377
02095ab4156f3e5,control,Преподавание и обучение,5.0758
7a7cede3f46a983,control,,6.5499
5b7f961f1f5c62d,test,Аналитика и исследования,4.7436
a3b88f8a0f6ce24,test,,3.9641
96df5572ea4605d,test,,6.0522
95dbf9edd9070c8,test,Преподавание и обучение,3.7566
1abd660e426fc85,test,Дизайн,5.239
b724542d405eb57,control,Преподавание и обучение,3.5422
2f6f9f90dee4f36,test,,3.7173
f04d5c20d3a16e7,test,,6.3076
9af1b1e504f79b4,control,,4.9695
6ac89835ebe6de0,control,,6.2035
81cda1b95b450df,control,,5.2563
1dcdaca4179a643,test,,3.4685
2ff446932a90506,test,,5.3203
1bc89169f5049b7,control,,6.9021
c14fdb8023ef44d,test,,5.5358
c72b5043689abd6,test,,4.9812
5dada50c9855dd9,control,,5.3814
bdb499f8f3e43db,control,Преподавание и обучение,5.0895
c46307e8ff09620,test,Преподавание и обучение,5.4212
1d5d66a2104f200,test,,4.98
1b9a3c632c1fbad,control,,5.5656
58e548609b1d56a,control,,3.7784
432c15064063da0,control,,3.86
6d6f9e4f51bf3eb,test,Преподавание и обучение,5.1506
311077b8f804f27,control,,4.8725
5a2e7c359f4d7ff,control,Преподавание и обучение,4.85
bc9779f103ba30f,control,,6.5702
35168abde51c199,test,,6.2492
2812fe2819b910d,control,,4.1217
69a8a422e14b9d2,test,,6.2508
d9a9048d25f6f6a,control,,4.7837
baf104e5ed08922,control,,3.951
9d9eb1b53e09359,test,,4.5147
56f4ca8c128d1f0,test,,2.8184
e079b0c687e7b2e,control,Преподавание и обучение,5.1554
9a5920885ecbd6e,test,Дизайн,5.4128
7e1269175491a21,control,,2.7051
ca5eaa1a2eac9f5,test,,4.5482
78e1fd9c2173911,test,,5.2637
d2e5f4750d89c32,test,,5.2388
54281011a5322b4,test,,5.8145
77d874d5e038124,test,,5.0923
76b60023fd01efe,test,,5.1522
ed65510b21fc1a4,test,Преподавание и обучение,4.0416
d2a7f5f4a410788,control,,6.5262
d7706fd6ad1f8b7,control,Преподавание и обучение,4.9535
2d86dbeaa13c0e1,control,,5.7015
4caf93731a618ff,test,,6.4707
be90199ac378868,control,,4.74
2a665b9892a6190,test,,6.0309
13b6c4b4072091b,test,,6.621
dee13816bb3c52e,control,,4.522
cb96ce4a86663d5,control,,6.4453
c0abcbfacfb7881,test,,6.7429
490725b7a92eeb1,test,,6.4968
dac3bc513203f02,test,Преподавание и обучение,7.2726
51a98926e6f92a1,test,,4.643
8575aeab8319a6b,test,,5.54
b2ad5732df23dc6,control,Разработка и инженерия,5.9232
c076244475b1577,control,,5.3708
f447f94dfe647a1,control,Другое,2.6623
95c0547d2096b5e,test,,5.1905
49f4052a62dd00a,control,Преподавание и обучение,4.828
4fff3517b9e7d4d,control,Бизнес и предпринимательство,5.6019
980582c6207e7de,test,Преподавание и обучение,5.8549
db77e7280742382,control,Преподавание и обучение,4.4289
e419ea6c74328b2,control,,5.1643
2adaa1e0d0b021c,test,,6.3762
5419781e858d67c,control,,3.5596
fb5bb842c052f15,test,Преподавание и обучение,4.9989
cf069f0fd77b445,control,,4.5933
b9026ec9cfb6253,control,,3.2755
13e822b0c2aed19,test,,6.538
23d8fda1295a9be,test,Преподавание и обучение,2.8785
087b90356a1e31f,test,Преподавание и обучение,3.8932
d523c5ede09bec0,test,,4.3706
b962cf5108b98e3,test,Другое,5.4859
53c742b3bfc895a,control,Преподавание и обучение,5.5358
148ec9745bd9ee4,control,,3.8268
2fda1597fee7c11,control,Преподавание и обучение,5.1989
51d69c04448259c,test,,4.8931
f1b6662f93e9947,control,,5.0069
287c6b324b0d52d,control,,5.7956
5d94062927e50fe,test,Преподавание и обучение,5.7805
0b464f637007c90,control,,4.5981
8aa3dc68bb68a96,test,Управление продуктом,5.1451
05adc17ba5f9641,test,Преподавание и обучение,5.63
e4a7c22b937b8dd,test,,4.5376
5a40188ab48eb75,test,,4.912
c2d36ed28af0be5,test,Преподавание и обучение,3.5729
e629ac6cb7a9e65,test,,4.7336
2738e660386fa50,control,Управление командой,3.9743
a0032db55039c82,test,,5.5009
1ded4e6c97c78d5,control,,5.522
234e50d3ec360ff,control,,5.0201
6e71d5783a89b0c,control,,5.8699
6cf47c55c2c3f0b,test,,6.6036
c9c7215b90d95f1,test,Управление командой,6.4827
6c0c8b2b2a36705,test,,3.8077
84613745fa06302,control,Другое,5.4414
df27bbc820c4e83,test,Преподавание и обучение,4.8529
8d4e9a72898e46a,test,Преподавание и обучение,3.9813
44b5c7cfc1d1e4b,test,,4.2238
d0d4284e0ae053c,control,,3.6693
90bbdb026931bda,control,,3.2967
129af8520e903db,test,Преподавание и обучение,4.4912
86d6926b6392b4f,control,,5.5218
d40f4e88d4a042b,test,Разработка и инженерия,7.6774
2040b3755d460ed,control,Преподавание и обучение,4.381
d95c277e0b4bea9,control,Преподавание и обучение,3.61
04f6c7ad62cebc0,test,,5.9523
e946604089a74db,test,,5.0291
ee69e751e8e9257,control,Преподавание и обучение,3.6632
b05e2e3749889cd,test,,3.8351
494b7814e030f2e,test,,6.212
9a48562c2739148,control,Преподавание и обучение,5.4366
a36ca2b641a33d2,control,,5.222
8fea8a53b9775c5,test,,4.9965
c67de0c670fc584,control,,2.971
b5e94207edab492,test,,6.7838
e24df7f25bb3a2e,control,,4.7181
1b56e48be561fce,test,,6.8677
232d4dd59e31671,test,,4.6508
eb06a514f1fe1ca,test,Преподавание и обучение,4.9396
5fb019b52efe089,control,,3.938
387b9ca713fb4cd,control,,6.5696
048caee1ac3e4fa,control,,5.0042
5153fdf0086eb93,test,,4.1032
9cb59b170374f9c,control,Преподавание и обучение,3.7307
53d1a3a69693ab4,test,,2.6952
91ff8d1ab9a2937,control,,4.2047
599122b01e177ed,test,,5.3144
bbc9afefe1b0b3e,control,Преподавание и обучение,6.5106
c5f836f01e720c0,test,,3.2716
2be2b69488b9d20,test,Дизайн,6.1753
5b71680e0f26a68,control,Бизнес и предпринимательство,5.1363
9a3cd10117cc63f,control,Преподавание и обучение,3.0908
5211621eafa7daa,test,Другое,5.5573
3aae2218ad5384c,control,Маркетинг и реклама,3.4013
037172655b6e9c2,test,Другое,5.4373
d42599613a27c4a,control,Преподавание и обучение,6.8268
b31b408474c512a,control,Управление продуктом,5.6531
8bf6b12ad672275,test,,6.3534
4db6960c6d3ae11,control,,5.7363
a908453270a3722,test,Преподавание и обучение,5.5395
d5bb80da9727270,test,,5.0095
f67bc4f33f7dd16,control,,6.5295
2b4521bbbc7ffd0,test,,5.2098
60a001a6fc468ff,test,,5.0517
a2957394383f2a6,control,Другое,5.4163
9ba39e813e395cc,control,,5.2252
e9606e4ac57ab62,control,,5.1565
18453d62e02e7e2,test,,4.6039
fe36a658ba53a5e,control,,5.5534
33087a132a6c6c6,test,Преподавание и обучение,6.7588
619c210748f4326,control,,2.9678
8899ba5f1729291,control,,5.4536
a574e656a455be0,test,,6.6252
d27688ee224f8af,control,Разработка и инженерия,5.7053
7a5df0f74c63f68,test,,4.4785
4eba86b490e5e63,control,,4.6684
a58c963ef268453,test,Преподавание и обучение,5.3308
c33dea67320e278,test,Разработка и инженерия,4.169
ef709439aa7bccd,control,Бизнес и предпринимательство,4.7899
b7bf99cccf33611,test,,5.9501
18c7dec21b69fb4,test,Преподавание и обучение,3.2442
e9103b37998d5b5,test,,5.6024
6017f4b2724cb20,control,Преподавание и обучение,5.2156
9f400b9b0e9fe03,control,,6.4498
09566b360b44d3d,control,,4.8068
307225eef97f62e,test,,3.6669
085c255d91205e7,test,Преподавание и обучение,6.872
814b412d5abe742,control,,5.3169
70ce1984c520ed4,test,,4.3806
8775274f7391708,test,Управление продуктом,5.0854
b10b95534357329,control,Преподавание и обучение,4.0693
6fff7e25dd1095d,test,Преподавание и обучение,6.1973
b4a01de1b6aa6cf,control,Преподавание и обучение,5.0566
e0cfd93da8848b4,control,Преподавание и обучение,3.9793
2aaf461b1963bb7,control,,4.5196
39f647d328cced0,test,Другое,5.6848
f1b706eb5ae63d4,control,,4.3818
b853d1e90e007cb,control,Преподавание и обучение,6.8676
b73533237380c33,test,,6.6155
82f7e1e4fd74ad2,test,,4.7448
3c01b5d82c4e8a2,test,,6.825
087e197a3fa1afa,control,,7.5092
ded6abe87447d65,control,,3.6276
c800ee71bc02d8e,test,Преподавание и обучение,3.0676
065f879450e1126,control,,5.7703
4f0573fae176676,control,,5.7479
ecaf9f5a8857926,control,,5.0839
b09f08fee0375fd,test,Преподавание и обучение,5.5365
8d88aee7a19d5f0,control,,5.8971
4bf57aaa6310e73,test,,6.6205
7c2012de38506ad,test,,3.3018
c7664af5849ad83,test,,5.9589
dc3201b697b3317,test,,5.6329
b22c05973b828b5,test,,6.3765
3e405ff50adccc9,test,,5.9239
df6e9fbb37baafb,test,Другое,5.082
81685a58348d88e,test,Преподавание и обучение,3.651
1d3f24a7919779c,test,Преподавание и обучение,6.3516
5396fbb777b953b,control,,5.5405
68d68d4ad554c43,test,,5.8237
78ec4503cdc1b30,test,Преподавание и обучение,3.6825
70c0f43bebcd1cf,control,,3.2224
ce188ab5edd5b5d,control,,4.2019
257a0653bf354ac,control,Преподавание и обучение,4.44
455eed1736682ff,test,,6.4081
ddc228d2b94518f,control,,6.1239
720616f418402a1,control,Преподавание и обучение,4.2226
b05368967f184f5,test,,5.858
bfc0a0e5e5d675e,test,,3.709
5909d61dc805031,control,,5.5461
fdf047dbd8f1ef1,test,Преподавание и обучение,6.1844
dd9d5d330fe6130,control,,4.1349
7273e4a46d47ea9,control,,4.3708
3c50db5508e2a8d,test,Преподавание и обучение,5.1233
b73c304028d6d0e,control,,4.8904
987fb31ac452d01,control,,4.2104
334a6851884571b,test,Преподавание и обучение,4.5066
5d8adc3dd131c98,control,,4.7164
4b516acddf728e1,test,,5.5686
3c159f47badc1ea,control,,4.1361
ab1722b55f5c752,control,,3.6711
7925efd3f28de54,control,Преподавание и обучение,7.1828
7c9e5fa203e1d68,control,,6.4674
c53d32417688380,test,Аналитика и исследования,7.1694
76b1c3b0d96afa9,test,Другое,7.0353
130ab48c1ec718e,test,,5.4318
4c8457eaf1df4c8,control,Преподавание и обучение,4.1944
0169121a76e6c47,test,,5.4004
2bf55f2998a286b,control,,5.2268
f24db20d502af09,test,,3.7012
2c9bae2d734b70a,test,Преподавание и обучение,5.914
62560eee059a522,control,,5.4721
319f53d0790aa5f,control,Управление командой,4.6599
e8d169357d88def,test,Преподавание и обучение,5.7291
a11fdb565e9c34d,control,,4.3742
c5830df38ef20ed,test,,3.5577
b2ce0caa0641f0f,test,,5.6845
708144c26f57645,test,,5.0245
f63619e4f59ee53,test,Преподавание и обучение,3.6299
263a7e11829b0ac,test,Дизайн,8.239
067340b022b0de5,test,Разработка и инженерия,3.9445
d353cf50ad731fa,test,,4.2275
18513c74dd2a066,control,,3.78
d3a940ff8ad5364,control,Редактура и копирайтинг,4.8212
b7fcce7e8c5082a,control,,6.1316
514c7b7060b717f,test,Преподавание и обучение,7.2334
e6afb667c0cffac,test,,5.2651
71f264c9b53454b,test,,6.2127
57bd6ea6cd4c479,test,,5.8664
c8fdcb47dc02d4d,control,,5.9502
e68c430a9e72d67,test,,4.3833
90158f71d0a12b6,control,Преподавание и обучение,2.4634
d585536c1159567,control,Преподавание и обучение,3.8615
28a12491af7802b,test,Преподавание и обучение,4.5177
4c03a501b26519b,test,,6.0493
6ac48bad60c0ce5,test,,5.2435
0d509f3790e739c,test,,5.1083
da60304f23c7284,control,,6.5176
afe598fdf029906,control,Преподавание и обучение,4.8675
9be72c130989e97,control,,7.5141
a945e117a3bc806,test,,5.6659
88713da3c5182c1,test,,4.0607
b96ec922b7b0496,control,Преподавание и обучение,5.2801
ecda86e768ad9de,control,,2.772
4f3e6f4cc826bd9,control,,5.0147
a2f54ab132165fa,test,,2.2991
100a715b4dbb29f,control,,5.3026
5da5a728d9d9458,test,,3.7841
97f7d7dd71cecd6,test,,5.0255
e003e3a10ae7770,test,,5.7207
59fb84e9738b1d2,control,,5.0907
9b72b495130a683,control,Преподавание и обучение,4.3564
96bde0fcc5113d8,control,,7.5656
4332cc392347de9,test,,5.3815
17e96a13df246b6,control,,4.1666
20e2975a1faacb0,control,,4.184
2f8ed2b6c88278d,control,Преподавание и обучение,5.8352
ab6e70c792a0d33,test,,3.1579
f7b0c1b00f9fa73,test,,7.4505
c0bf522503afcf4,test,,4.9907
4a59a89c9c65a41,control,Другое,4.2002
672189052ce1f56,test,,5.9968
aaf579d4780977f,control,,5.8891
b5fc2ba26c48b6b,control,,6.2251
0e74d19b033671b,test,,4.8262
2730dafe4b3dd3a,test,,5.3788
2e8a5043698dc14,control,,6.1892
e23ca52ff76151b,test,,6.9356
4066e519c9caca0,control,,4.562
8469c1ef280ea48,control,Преподавание и обучение,4.424
53452e347e72f1d,test,,5.4951
081563cff8afb6f,test,,3.5415
4b57743730ddef4,control,Преподавание и обучение,6.2359
032fefd3936669b,test,,6.1373
e565e969d4a43e4,test,,5.7747
f9852a1f5143304,control,,2.6711
71c2240931c05cc,test,Другое,6.4416
b3ed68d471b66de,control,,6.4233
c33b589baf615ba,control,Преподавание и обучение,5.7554
9d9d2dcde7c31d3,test,,3.9595
05890410f4e4668,test,,4.6988
2f87616091ffc6b,control,Преподавание и обучение,3.2335
e8daca239a1c283,test,Преподавание и обучение,6.3595
d7f83c1bb4058f8,test,Преподавание и обучение,4.6868
dd8e80a7190d5e1,test,,4.5381
288bfe113437c5f,test,,5.2709
0d3b518bbe71598,test,Преподавание и обучение,5.2743
a7a79836df945df,control,,5.0262
d2210448429186f,test,,6.3355
7921797a29708d5,test,,3.7881
da91da7f597894b,test,,4.9431
d33efbc938fd1fe,control,Преподавание и обучение,3.3638
2e7bf1461da56cf,control,Преподавание и обучение,5.9696
15a5d4f5816b2de,control,,6.4013
0518f93b3722bad,test,,3.559
6d3bb12aad7ab94,control,,6.6343
ad3040100929c06,control,,5.5587
dd47b1e1ec88496,control,Разработка и инженерия,3.8966
cdb0528a1ef12f2,control,Преподавание и обучение,6.0815
5950e95c17edf02,control,,5.6929
65ae5f07df51e7a,test,,3.3731
847f54d9afc3753,control,Преподавание и обучение,4.484
f8c973c9b7a8030,test,,3.4571
103c8ad1c27dd5b,test,,7.2909
34919a0b57d6068,control,Преподавание и обучение,3.4846
7c8b02d64c1fee6,test,,5.1406
30f6005252a033c,control,Преподавание и обучение,5.491
93405199f30d60b,test,Преподавание и обучение,4.7617
7b651e16dabbeb0,test,,5.361
9eb6736ed3500be,control,Преподавание и обучение,6.3924
157fa361d359425,control,,5.2356
697fbb340c076e4,test,,6.9166
4a5c7a304f3b323,control,Аналитика и исследования,5.8186
d045d8820eba85d,test,,6.1765
621aace08dfc37c,control,Преподавание и обучение,5.6568
fb21e820ddef121,control,,4.2843
04be7d35ce5ccfb,control,,6.8551
a1689fb490f111d,test,,6.3117
df95951b9cdb384,control,Преподавание и обучение,4.3302
e851c75812f437f,control,Преподавание и обучение,3.0302
aa402f9172ebc44,control,Другое,3.8973
816bc3bb71cc457,control,Преподавание и обучение,3.3047
471a4869146241d,test,,6.4831
e04e77836513c46,control,,3.1005
44fd4b18e8b9b02,control,,5.8119
2897eaeb331e1e9,test,,4.1595
c3ba33788fc0e80,control,Преподавание и обучение,5.531
bbe065cd5058e70,test,,6.7262
5f87ead9f95dcdb,control,Разработка и инженерия,5.2257
e196d863c04b3eb,test,Бизнес и предпринимательство,6.3732
84670c6a56a8ca4,control,,2.5802
8b32b8434cceef7,control,,5.4733
8e4367189ceb841,control,Разработка и инженерия,5.3629
da09c8bd2433be2,control,Преподавание и обучение,4.296
3c7b7a42f4cfa4f,control,Преподавание и обучение,5.5567
757b97c4b8e2e22,control,Преподавание и обучение,6.3324
9f0e5eb838c1a6a,test,,6.559
fa8a9635b4bf5c2,control,,4.7594
dc7596b86fffc66,test,,4.5191
ef1748af0f98db5,control,,6.4409
10cefc2ae15571f,test,,4.941
b1c220aa4c8e156,control,Дизайн,4.6992
e99c7bbdbe3b1cc,test,Преподавание и обучение,5.2666
67f39c3550035b7,test,,5.1574
50f9c4dd321cb05,test,,5.2968
5e42ff5dbb33b02,control,,4.412
0ccc05ca099fb24,test,Преподавание и обучение,4.4773
e23eedb3cf1b242,control,,6.2902
2f7ea934008f2d1,test,,6.2201
8d1a3861caa8649,control,Преподавание и обучение,3.8396
8385fe621efe868,control,,5.3507
f8b77b8881afe5c,control,Другое,6.7578
7eff8d1643b74f4,control,Преподавание и обучение,4.1489
21ffbc5f581d1e4,test,,5.578
2cf887e7d5d9d98,control,,5.2667
806dd34145bb947,test,,5.3362
60d0704330cd8d4,control,,5.8475
25a14aa562823aa,test,Преподавание и обучение,2.2265
1d5be844139daa1,control,,5.0672
edbd0d586cfc84a,control,,4.9026
299f726e101ca54,test,Преподавание и обучение,6.7788
560ba538642fe75,control,Преподавание и обучение,5.3622
5c7129e25cc917f,test,,3.8594
fc20dad33330dec,control,,6.2521
18ef2886fdbbfe5,control,,4.9925
8e1404af7499879,control,,3.0083
a0e2dcb912d0e9a,test,,4.2055
7132630620e8271,control,,5.0273
bd3eca1e0606159,control,,4.5313
359e40ae0d522f8,control,,4.9573
519e5900e838fb7,test,,4.9412
ea9bf919c26cdec,test,,4.4389
5c21cb7b4a1f529,control,,3.5234
e4dda2e8fc8bb81,control,,3.7669
94338e150d6bc6b,control,,4.9181
edc4e12298ac3e4,test,,5.3535
3971f2563c9fac2,control,Преподавание и обучение,3.3894
516f752220dfb63,control,,5.8375
fc6ad888c17895e,control,Преподавание и обучение,5.0264
36bf2a739e4f38f,control,,4.5318
94d86de19f03aa9,control,,5.3483
3841d7a620e46aa,test,,6.1134
24c213459493d41,control,Преподавание и обучение,6.7054
3f581f9f6989b7d,test,,4.1641
038a8a4a629bf9d,test,,6.2664
15955bdcec107fe,test,,5.6661
21e8d26f2f777d9,test,,7.1176
932d94fb1ec4113,control,Маркетинг и реклама,5.1895
2ada80ee15949be,control,,5.8197
0b9fbd593c5cca1,test,,4.3058
6986b22e1b1605f,test,,3.2795
baae997f4657c64,test,Дизайн,4.2452
b2502d8c316b9e6,control,,4.1718
5b5e5faa271bdb0,test,,7.8523
73efda4928c0a06,control,Бизнес и предпринимательство,5.7108
0ae9b7389a50cfa,test,,7.0992
963dd3e8236db9a,control,,3.3406
dc7eba8e25a4a8b,control,,4.4163
8a1a05e56d2dc3d,test,,6.31
0485a6f782fa1c8,control,Преподавание и обучение,5.953
4930e556ba399e0,test,Преподавание и обучение,4.36
f8decf91903bb0c,test,,6.8175
8d308babf62e965,control,,2.888
8ca0a7e8bef0a06,control,,6.3219
5776d49139d391a,test,,6.3059
8313021accb90e2,test,Преподавание и обучение,5.8924
1fb6fce7da48713,test,,7.8379
f6643c1ecef9eec,test,,6.3264
44f578fc1cb4f9f,test,,5.4916
3806c81eb7f15b8,control,,4.4682
6f6671421b9b0d3,test,Другое,6.6711
85f9bfa292b15eb,control,Преподавание и обучение,3.6239
be55ad23c634d09,test,,4.83
3fbd93744edfd18,test,Управление командой,6.1131
96b1fa33c8d8b0d,test,,7.2146
6573fe38d16703e,control,,2.9537
50a172abe948013,test,Преподавание и обучение,6.569
1a5ab8d5325be68,control,,3.6349
9bd3fe2c5472330,test,,4.8966
9ef53f80d4c4591,test,,6.4486
86ddda55e1c64ad,control,Преподавание и обучение,5.266
cb10e21800ac7ff,test,,6.1288
15cb83f194e2e3c,test,,3.8547
668c7f4d201c07f,control,,5.7124
76cf705a180b71b,control,,3.5591
214cd91241ddd53,test,Преподавание и обучение,5.2642
053b01a04a37d14,control,,3.9753
7a8d54c654ec839,control,,3.5714
9a226e3eca9a7ae,test,Преподавание и обучение,3.5483
33b048ea70c4d7e,test,Другое,4.9443
7c66d46718479c5,test,,4.4585
3fae88dcc40355e,test,,5.4499
f0c81551a79f920,control,,3.6294
f997717e4487d9d,test,,5.0526
a66e6814391a222,test,Разработка и инженерия,6.3512
406416a49a7d639,test,,7.1576
db5bae90b9d4271,control,,6.3803
64e8eba1be8089e,test,Управление продуктом,5.4313
8017100ec488dfa,control,,3.6803
36e9ee547373f8f,control,Другое,6.3081
ccd0d98a8c83081,control,Аналитика и исследования,5.175
a9236c74d32aaef,test,Преподавание и обучение,5.5377
2d03a2449ca8b13,test,,4.0745
6c5cdc75367fe33,control,,4.6522
5309e9c7ddbe28f,test,,5.9831
f4b6aa7c8459178,test,,6.1188
67ae5c20b8e683b,control,Преподавание и обучение,4.896
2f676c977ab17b3,control,Преподавание и обучение,4.5779
c9e6ee20e167707,control,Преподавание и обучение,7.4096
8a0a674cba641e0,control,,5.1781
8164a348d52547e,control,,7.2613
42a5052a461f0e1,control,Преподавание и обучение,6.2549
ba37e2719a8c2c1,control,Преподавание и обучение,5.3658
d999b5fbeea3309,test,,4.2528
a236e283ea4dc01,control,Дизайн,5.5638
c437884d2648da1,control,,4.61
88074a83255b435,control,Другое,6.7934
f73e65fd8da2a38,test,,5.3712
008ce3bb0951d8b,test,,5.491
e0bd46e279a6179,test,,7.542
16acba991e7bd49,control,Преподавание и обучение,4.5112
cdeaca57633e7aa,test,Бизнес и предпринимательство,3.0055
36088090d9b81c4,test,,4.3084
c489de030505135,control,,4.3326
660a3af2b278c61,control,,5.341
9a6e5c433cf30a4,control,,4.5472
5ab4bb9f7ff1ab9,control,Преподавание и обучение,6.8535
a1f21be81811612,test,,5.152
558a20dded8d38b,control,Другое,6.0829
137e18053e4607b,control,Преподавание и обучение,5.3078
3d8b472385026d3,test,,6.0264
627444d63f8a528,test,Другое,4.6804
9d101642d4a13d9,control,,7.7052
65bd716c7a4784d,control,,5.2526
06b3eb900e44c6c,test,,4.5613
51f90db0d0a8e7f,control,,3.8765
e358791f29f8170,control,,5.7847
2d45c6d6ccfc3af,test,,6.6755
a56893cbeba7b5f,control,Преподавание и обучение,4.5579
f14a90037bcd930,test,Управление командой,6.5629
acfb00a2d166d63,test,,5.1408
c5606258db4fba8,control,Другое,5.8131
fbf7619023056da,control,,5.9998
91641d2009a8ac9,test,,3.5742
d1bd37275755942,control,,4.3398
b2d7a4ee979aa7c,test,Преподавание и обучение,5.6229
e09323d549e9d33,test,,5.3558
fd150104f36b061,test,,5.7303
39727e9a7ec07ee,test,Преподавание и обучение,5.2193
a221f919f6190f1,test,,3.584
c4d32edd0e3c538,test,Преподавание и обучение,3.9341
f821b2a9f8f8a36,test,,7.1505
ceeba23180f4b14,test,,4.409
87f2a01a3d4f29e,test,,4.875
7477cbe10a4b8d5,control,,5.8995
ca63e8373093ee7,control,,6.4355
ae264139a3119ed,control,,1.9883
bde48744fd3dd12,control,Маркетинг и реклама,5.426
2ea5efa9f9e10f1,control,,6.8872
e0a316ea7c90a8d,test,,5.4162
48bf0819701cca9,control,,3.2953
d673fe980604ffe,control,Преподавание и обучение,5.8681
034e34ab1cd148f,test,,5.2483
e09d31ff20d06f0,test,Преподавание и обучение,4.9014
4febb4ec7612dac,control,Преподавание и обучение,6.2843
96c40b4777b9471,control,,4.846
2442e44736ae958,test,,4.4266
50505d1eec65d01,control,,4.9616
bd711bac33eb5d9,test,,6.0484
167878ffab3615a,control,,7.2295
4ab48865f255ade,control,Преподавание и обучение,4.6667
baaae0123c73537,test,,6.7165
1a7e3eab9596d3f,control,,7.2771
ab698f64c7d4af6,test,,3.3539
f5ad366a6d42324,control,,3.643
45f473f4b6afad0,control,,5.1538
36f8b4aa1f9a608,test,,5.5297
fc8a79828dfd1f2,control,,7.0596
83f5dedce6ea0ee,test,,4.3764
14e4b1c3217a189,test,,6.2945
dc2b03cc9220051,control,,5.0204
bccdb3eb78d038e,test,,5.655
a95c5e528ec73a2,control,,3.8644
56c236e09ebd3f1,test,,4.7672
f3fb88f6c6d6eeb,control,,3.2727
8a1dfb4470d5ea1,test,,5.2508
42589da73ff211c,test,,2.592
6430eeef4a7bca5,control,Преподавание и обучение,2.4122
0479dc5c46823c7,test,Преподавание и обучение,6.3824
957384dbb48f509,test,,6.7887
d71b3364b19089f,control,,5.0934
76bcc6ab835eb8d,test,,6.2531
aaf786118e5b5f4,test,,3.8269
eb27b6506090670,control,,5.6632
e599c51255c5a47,control,Преподавание и обучение,6.3556
b562ffc72d9736f,test,Преподавание и обучение,7.4043
03ad89b4b42dd9c,test,,3.6814
9bd14f7b78fc08c,control,Преподавание и обучение,5.3972
91c3592759f856d,control,,4.3761
b2f61c386658c0c,test,Преподавание и обучение,2.8842
a2ab84174045fae,test,,6.7139
fc1762f8efe7ff1,test,,6.4077
7c7fd8f2265e3de,control,Преподавание и обучение,2.6815
075446ca24cc623,test,Преподавание и обучение,7.0218
5d1802562c86fb4,control,,4.4544
1e6d882e257de34,test,,4.9819
d20eb0c8a4d26ef,test,,6.0145
dc7ccb27f00d5ce,test,,5.9699
d9cce4bc71c5e9a,control,,4.2838
6d9477fa01adbf3,control,Преподавание и обучение,5.4087
b5560c6fa0ae2b8,test,,4.3375
5a8f30b6f557739,control,,3.971
c6e8f303592df6f,control,Другое,4.03
2f4311433f48f0b,control,Преподавание и обучение,3.1921
68647bd299f71db,test,Преподавание и обучение,5.7138
e42506accf8e3dc,control,,6.8829
4d08b258523a43e,test,Маркетинг и реклама,6.7717
b32d0af20b2251a,test,,4.7338
4ea5927e170421b,control,,4.3973
66c9ce1fdeacdd8,test,Преподавание и обучение,4.3917
214541cd3c68738,test,,6.1809
b8f6934e4dc99e7,control,,3.6737
554698ae3394221,test,Преподавание и обучение,6.1878
01980c14743c834,test,,4.5071
3d3bd1cce71835f,control,Преподавание и обучение,3.7361
08d2529d0fad2f2,control,Преподавание и обучение,7.176
037d221fbce1a23,test,,4.683
42fe436b29a49fa,test,,7.0166
6219a086718d0c5,test,,5.4944
e0e696ab439c8fb,test,Преподавание и обучение,5.7812
646fb439113bd9b,control,Аналитика и исследования,5.0048
820e29800119139,test,,6.5224
2ec618e09ee428f,control,,2.371
a46031a13382854,test,,3.7691
5509e3e69002d74,test,Преподавание и обучение,2.3824
e7c2e5765ffb09a,test,Преподавание и обучение,5.8502
e36ec92672c4d66,control,,5.8925
b26a400fd95f8ba,test,,5.3612
5b0149c5ebba5a8,control,,6.061
5b5a54ebae9a33c,control,,5.9816
08f872bd10c13dc,control,,5.691
11b9c1bcb2ad694,test,,5.232
e7c63616a343170,control,,4.9821
dc6c66df94f1d43,control,Преподавание и обучение,6.3886
7d5483cdacaa139,test,,3.2274
61d5e9414389a72,control,Преподавание и обучение,3.7488
bb96a6db42dc546,control,,6.8134
c47967d0df04587,control,,4.2582
72a57238485ba40,test,,6.2711
8e2471f1ec22a41,control,,2.9223
f060a93f972b81b,control,,6.1462
33fa870bcfdf0b9,control,,6.9056
f86d6b2244fa9ff,control,Дизайн,5.1613
5387abd12143b89,test,,5.7313
1b05ea2e3c725a2,control,Другое,6.2788
c11df75367e0bfe,test,,5.918
07196f55e884b2a,control,Дизайн,5.3655
04bf4cf5d275ce0,test,,6.3004
ec3a6b504825458,control,Дизайн,5.0456
357b5f531780d59,test,Другое,4.511
ced157f391fec7a,control,,2.5984
8599cd3b7bc3346,test,Преподавание и обучение,7.11
6676796d3b0f5b8,control,Бизнес и предпринимательство,3.3431
8e3a21bef6736e7,test,,5.2334
3487ed1587d2e80,test,,5.0886
c12858a471a58a7,test,Преподавание и обучение,4.1058
f9da342b4773b6d,control,,4.7109
51a8428e1c20226,control,,8.4077
f52ef8fbf511fb4,test,,8.2735
2c33b540a9c3e3f,control,Преподавание и обучение,4.4815
80185534515c563,test,,4.182
8905257c5bc5ef9,control,,3.3425
0b3c7b6b05294cc,test,Преподавание и обучение,5.9878
059daafee62313d,control,,6.39
6702583ff490ea4,test,,5.1622
c16ae8cdf941832,test,,4.2305
b551112067c0e72,test,Преподавание и обучение,2.4484
1ebaaaf207429a4,control,,8.373
f75184d7c31e0f5,control,Разработка и инженерия,5.6441
c66a57ec3bd23d7,control,,4.3828
71a2b02519f0669,control,Преподавание и обучение,5.9693
6b6d2a37cc4a8af,control,,3.9813
7bcc476c224b00b,control,,4.0207
93197ebcf22a257,control,,4.359
6d92e774a0a1902,test,,6.3754
a61bc4614b3ef56,test,,5.663
6e65644a1ca0522,test,Преподавание и обучение,4.8426
5864a81bcd3ea63,control,,4.5637
a5a592c55246af8,control,,7.0709
a775eba854f39bc,control,,3.1324
542fee516561c18,test,Преподавание и обучение,4.7654
061fb7f2154d4c1,test,Преподавание и обучение,5.2721
7fdd36478339e77,control,Преподавание и обучение,4.0941
76aeb229a3563d4,control,,3.5407
e2453c1d77c9575,test,Управление продуктом,3.8313
00d5c3f27846982,control,Бизнес и предпринимательство,5.2877
b2f9690f3d45ee0,control,,3.0588
4146eb4319bca97,test,,3.661
e593d9cf2ff9c17,control,,4.8435
eaf10a909d77be7,test,,6.2644
febf4206ab30f64,control,Бизнес и предпринимательство,5.6331
e357e2a8d88a2f6,test,,3.1112
0b4653551cf3c26,test,,5.3854
c05051b31651b7e,control,,5.4672
9fd4dde1678dbd0,control,,5.4609
3f378c4fbd39102,control,,4.2485
71df6629be26bd2,test,,3.9471
75ad55d34fd58d3,control,,3.2013
65e53ae493a924e,test,,4.1609
87a07695e9bf1ef,test,,6.2056
ae3529888468460,control,,4.4081
c617bb1cf301419,test,Маркетинг и реклама,7.0293
4fb030acb52d338,test,,3.636
3044b69777cefb7,test,Преподавание и обучение,5.979
e31e9bf53693561,test,,7.303
32408ee5aee54fa,test,Другое,6.6439
641fefc096c796c,test,,7.1184
8e3e3bdc674771e,test,,4.8138
86dcf0875f690e0,control,,4.9501
89ca21a2751933b,control,Преподавание и обучение,3.3225
b51fc154bfe07f0,control,Бизнес и предпринимательство,4.6644
6123c7009db1180,control,,4.682
ab5672e2819766b,control,,6.2347
266265cd33bc691,test,,5.1733
b912652e7d40b74,test,,5.2225
afde77b1abafee1,test,Преподавание и обучение,5.3344
bd2ac165e4ba98a,test,,5.213
d9f4bcc3dbf02f4,test,,5.8988
bdc177e84cda893,control,,5.7714
465304e5f059648,control,,4.1843
f662be434ef74de,control,,6.0442
bf97d3fc943df12,test,,6.7777
3ddaca96ba5c989,control,Дизайн,4.8698
c968b18c13c5e94,test,,8.2132
4aab5268c0fd4a1,test,,5.9433
1cefbee8c35265f,test,,5.7762
9f96d27dad3f2b7,test,,4.3288
ccee513739368be,test,,6.4259
d37c32b3647ccde,test,,5.5729
a51e5180b8a8003,test,Преподавание и обучение,6.7529
40770637810cc25,test,,3.3592
a99b78f3724af49,control,,5.8873
bb66bf6b4bba841,control,Преподавание и обучение,4.894
dddc169b5ddf040,test,,4.7026
7914291c9d85277,control,,4.8264
1bcecf76edf7e3b,test,,5.8834
7d72b53794f9080,control,Преподавание и обучение,3.7593
f9e240013a9b269,control,,5.613
1b442c5d6ee843e,control,,6.648
5142fcaff79f069,test,,4.5732
0a64f4c249cb9e7,test,Разработка и инженерия,3.4267
bb0451155d3ac27,test,,5.2993
91863bad179ffcb,test,,3.7967
2d457f14f66be30,test,,4.0424
9ac836d64f343f0,control,,6.4787
de427765cf1b253,test,,6.2911
e349573c1be6297,test,,2.8823
1519bddb6d04f51,control,,4.0142
6182ec12a570c22,test,,3.973
fb4bcf2d8e9522e,test,,4.1398
ce7017863a5b05f,control,,3.4445
ddfbc5870594682,test,Преподавание и обучение,6.7003
a391d46023d5eeb,test,,5.8355
65f82b68cca38c5,test,,5.4364
be34aafd9c3c8c3,test,Преподавание и обучение,4.2228
c4fac5d1a679aeb,control,,4.9902
a2ed6fba33d4fee,test,,4.4596
cfea80738c2b582,test,Преподавание и обучение,4.2191
b4c69e93fe6ee8d,test,Преподавание и обучение,5.6353
384ea349c2bd1cb,control,Преподавание и обучение,4.6093
1708a749d58cece,test,Разработка и инженерия,4.5285
502ca0698e101c7,test,Дизайн,4.874
56ce2206a6231ca,control,,3.7098
5492c8c77767f2b,test,,5.7001
522db4a7e0e556b,control,,3.5723
46cf6e14f1bdb13,test,Преподавание и обучение,5.0132
9d60ad526ab0230,control,Преподавание и обучение,4.5401
aeb14338047e190,control,,4.8618
86e24bff1d02fd3,control,,4.7506
35ab1a3d483baa3,control,,5.8943
9b2ce60878cd8eb,control,,5.6616
6b135a9df3b17a3,control,Преподавание и обучение,3.9909
97d995c055d54f0,test,,6.786
7d718f33a0f4fb5,test,,6.8169
4e55fa0ec4aa4ae,control,Преподавание и обучение,6.9866
0a03cd3cb71d59f,test,Преподавание и обучение,6.7556
84b6fee7322e8e8,control,,5.9179
8d4f4fb02343c54,control,,3.9069
c8d4fd877f0e582,test,,5.7956
5f582c848f8e152,test,,5.0515
9a51647366d873a,control,,7.2078
864c338c2f0941b,control,,5.1341
dfad480755c36d9,control,Управление командой,5.7825
d13801712398900,test,,4.163
bc7551b66b92544,control,,3.6543
9c034115c6394f0,test,,5.2757
8a4fdf533d42684,control,Аналитика и исследования,5.0625
48e2dfc5cce01ea,control,,5.5572
7c4c0489c11f284,control,,5.2069
808554cf1abfa84,control,,4.4637
e23342f81969af2,test,Преподавание и обучение,5.9255
52ea2369c183b75,control,,4.2723
9f15b1e00b707d7,test,Преподавание и обучение,5.4389
39d9ca8eb3e48ed,control,,4.8285
e726cc3d5b032bc,control,,5.6557
087e9cdae97f1b1,control,Преподавание и обучение,7.4473
5f8257a4aa14f05,control,Преподавание и обучение,4.3627
d4bdf554099d47f,test,,4.6049
779eb21f0a9cba7,test,,4.9135
cb7693acf97b0b7,test,,5.1822
f78a2480dc671c5,control,,4.5784
f4713bcdfffb9ed,control,,5.1167
e0326875d53ff78,control,,2.5169
273482f435f56a4,test,,6.0159
db28db662140315,control,,4.8652
9ab7987aaaadaf0,test,,3.5374
c363c0139be9d33,test,,7.3338
097cebd52ea228f,control,,7.6773
1295a1f3bb92c82,test,Преподавание и обучение,5.8708
cf71fccef328120,test,,4.7318
85bc8b8a2aab8e1,control,,7.4344
2bd17006f63d1f9,test,,2.9241
0b016baadc131c9,control,,5.4235
72b6aa5e86d7e2c,test,,4.2982
87367e86cfe68d4,test,,3.5001
8c8136d96ef8ad9,test,,5.1242
a20a8eb99f7aab9,test,,5.9328
f919e2de99df55d,control,Преподавание и обучение,4.9039
efb1e72abb37598,test,Преподавание и обучение,4.601
37011d6c24bd548,control,,3.5457
8d5dcd7a3adce1f,control,Бизнес и предпринимательство,6.735
e7c0c245d7ba2b8,control,Преподавание и обучение,4.9037
c7c361a9d6bbb50,test,Другое,5.1967
901018a6d631d7c,test,,6.1152
8e851d6b73cb988,control,Преподавание и обучение,5.1809
82fb292a29a850e,test,,5.7519
03d6fca6df35d76,test,,5.0434
2e8d8748f1510c2,control,Преподавание и обучение,4.4469
2ee6a2817ca70a4,test,,5.5148
fcfa8558f6da08a,test,Преподавание и обучение,8.81
cebbaf1611ace7c,test,,5.9341
fc858360c3d9646,test,Преподавание и обучение,2.7212
e8811935c52990a,control,,5.4497
3b52775b419517c,test,Разработка и инженерия,5.9534
466d94a51042cf7,test,,6.3288
80608525c644797,control,,5.9838
c0d05603fcb1a18,test,,5.5832
f7b4e2a038a4b3e,control,,6.6742
1de76b14d00ebb7,test,,5.5323
a645a2e582fad57,control,,5.5016
485e5c43c9e4969,test,,5.6377
b22393db91d57cf,test,,4.7341
96f4eac0671d05d,control,,5.8843
e0253f1dd2ab213,test,,5.2999
e9e8565e3963c82,test,Преподавание и обучение,7.3188
8d49398721706e5,control,Преподавание и обучение,4.7236
ed218386a746927,control,,3.3828
990e5111e8676e9,test,Управление продуктом,6.2066
a080f1ea6ccd193,test,,5.5433
df49686ffb6e277,test,,6.9688
61014dcbdf8eb5e,control,Преподавание и обучение,4.6763
52e8e935d3a1038,test,,4.5174
30484d53d5d0853,test,Преподавание и обучение,7.3234
d9721b8a4ee6078,control,,5.9341
5e1cd86c819a8f1,control,,5.5298
3dc6210abe32cec,control,,5.6768
c443d20e6628fac,control,,7.3271
8c2fb35b79d9513,test,Преподавание и обучение,5.827
ca0e3593d329647,test,,5.2089
015d3b2b0f96efd,control,Преподавание и обучение,3.0331
1dcb379fd6733a3,control,Преподавание и обучение,5.9047
39559a270b378ee,test,,5.5172
2a67cf3947c3709,control,,4.5386
a6211784a67ecff,test,Управление командой,7.1666
b2e632f99cb210c,test,,3.8062
769d32a8a58bfdb,test,,5.7977
1d456b2b3c5c07e,test,,7.7516
ec697055e1fea5b,test,,6.1625
f13c132ca45d0df,test,Преподавание и обучение,6.503
efe0977f82eaccd,control,Преподавание и обучение,3.1882
0fce769eb4bfff8,test,,4.5793
f38e59b42d4fb38,control,Преподавание и обучение,3.1859
3142f7b2fc1993b,test,,6.8931
e557ed467bd2c2c,test,,4.5436
67c70e2be8e450c,test,Преподавание и обучение,5.2587
0efdf903ae23f8d,test,,5.5851
0acdbc926451280,control,Преподавание и обучение,6.0903
70f2572dea3c122,control,Преподавание и обучение,6.6221
c98c2cda662aa7b,control,,6.7702
1f18b0ef56f3b42,control,,5.661
56ad20d8022c7b5,test,Преподавание и обучение,7.6988
db368b9912f403e,test,,3.8566
20750862dfb5490,control,Преподавание и обучение,4.2799
1a242b8f6669421,control,Преподавание и обучение,5.9982
ece880362e02bb4,control,,5.5103
2cb659259f50c01,control,,4.0746
442cb5be995d16c,test,,5.8298
8b6570de7ce858b,test,Преподавание и обучение,7.9454
76478dd5e3d286f,test,,4.1567
908a6d990b15e4d,test,Управление продуктом,6.2211
cb6992e6e96891d,control,Преподавание и обучение,7.3185
f08b0bd33caa701,control,,5.7091
9904d2bef89306a,test,Другое,5.7151
b914dd969487575,control,,6.2291
d23c3d0419ec762,control,,4.0752
59bf2f7297e895f,test,Преподавание и обучение,5.6499
26b336a40d8e4ff,control,,3.6234
3f40e87aa9ab4cf,test,,4.1238
19d9eb10890262b,test,Преподавание и обучение,4.7731
b28e5347944fb68,test,,4.5485
694e12875a8284f,control,,3.8556
4ad7cfc102f1955,control,,5.3559
4a135483bbefab9,test,Преподавание и обучение,5.1098
9d01ac5fce8e64b,test,,3.8509
eaf75850372e8b8,test,,3.7001
2c565b3f307d584,test,,5.5137
682a203ed024e02,control,,6.2105
a674adf8d017f6b,test,,6.4843
254ea885f9aea1f,control,,5.4412
e5c45a0b2805b90,control,Преподавание и обучение,6.1073
da848b03266f279,test,,4.6339
2bda0857e554c7e,test,Преподавание и обучение,5.4704
69f9ea6ee02cb9d,test,Преподавание и обучение,5.6403
a38b421bff47b52,control,Редактура и копирайтинг,2.9889
09eb25bab870bc9,test,Преподавание и обучение,4.9644
9334c56fc9eeead,control,,3.884
a81e68c6b3c24f2,control,Другое,5.4523
8d6e4e18cf9d565,test,,5.8567
0254b64bb01ef44,control,Преподавание и обучение,5.0988
c9fad5ef7cd73f1,test,Другое,5.6731
b05d4ef0d078a7e,test,,6.081
749551dbcbc3e0b,control,,6.4291
102f36148054d56,test,,5.4384
fc14ab42ee66ad3,control,,6.0061
a39a59f9f663f26,control,,2.7978
dbfa9b2ebc2d533,control,Другое,4.9562
723735e1b33f55f,test,Преподавание и обучение,5.5118
f1856557db3c4cf,control,,3.9317
4859e0b6402c55e,test,,5.8314
57b366cb8c61958,test,,5.708
d9fab0b89e75282,control,,4.2209
f603bb50a8a09af,control,,6.9384
a509bb747166d83,test,,4.9852
7bd673da69e0b49,test,,2.7484
fa6ca7983abada7,test,,6.5367
0993438b986145d,control,,5.7438
068b5b984168b87,test,Аналитика и исследования,6.2377
24988b7800828c6,control,,4.5825
c60582fced8ba9e,test,,4.6848
c2b335f3e89a1cf,test,Преподавание и обучение,7.496
2e3afac0c752db8,control,Преподавание и обучение,6.5893
b5811afbe7d777b,control,,3.7824
6c39b775aa25016,control,,5.3819
302eafcdfe46ebf,control,Преподавание и обучение,4.8054
b4e5f408d3ca8cd,test,,6.0661
9ca91f09655152c,test,,4.5515
eb6414f3aeec137,control,Преподавание и обучение,5.1713
eb71f292102ab94,control,Преподавание и обучение,5.7288
f05a24de195939f,control,,5.9075
5fca1dd3f463e20,control,,5.6112
298847f7452da66,control,Другое,4.4986
9828672d9a781b1,test,,8.4591
9afa79d24710217,control,Дизайн,5.2919
80a138c6c0bd578,control,,4.9814
9bc8fa0bf9d77e5,control,Преподавание и обучение,4.5937
bc044482bb808d5,control,,3.888
7c0752acbaefb6e,control,,6.2407
22714af907ba6cb,control,,3.0607
d74a28dc9a3083d,test,,6.1818
7415eca8ee14eba,test,Дизайн,4.9007
4c43fa3ecdf1a05,control,Преподавание и обучение,5.9706
f96ad872bed5d33,test,Финансы и консалтинг,4.9567
e30a28a94689e44,test,Преподавание и обучение,6.5879
736d30c078bf7f9,control,,3.0745
f367140cb191bb1,test,,5.0671
e9e1c106f68a454,control,Преподавание и обучение,4.6824
c5eb7cf74b7060d,control,,2.6867
0b243c1879ea45b,control,,4.1987
85a67f1ead33eb2,control,Преподавание и обучение,6.3107
a1e0708c22b0066,test,Преподавание и обучение,6.117
5f615af2af42df3,test,,5.7654
9f84a6048f98543,test,,6.2403
03ed565e6ce54d0,control,,5.5539
50ec433cf9158d3,test,,5.3993
98a07a9fe646dcc,control,,2.2003
e389d51c5c0a470,test,,5.0795
fa5b8f2dac2f9a6,control,,7.5418
7bc9736f3c28f47,control,Управление командой,4.6519
cc5e43951679f20,control,Аналитика и исследования,3.1866
014a508a221fe17,test,Преподавание и обучение,4.3514
826c07e3b705d7b,control,,4.6637
6428a409cffe7e4,control,,5.7745
289f80612b6b4a4,test,Преподавание и обучение,5.3603
aa59f6617b7fced,test,Преподавание и обучение,4.3773
2761a443b6264ea,test,Преподавание и обучение,5.071
17fefa8dea6d038,control,Разработка и инженерия,3.5167
a7b4e9485e2f4da,control,,4.5491
73afc20cd02de07,control,,4.9745
c3daf62021b7df0,control,,5.0165
1c6142e38226970,control,,4.2849
de9246b53a89b63,test,,4.1715
4ac8e4f9d5e70b5,control,,4.536
6e300c0092e2cc0,test,,5.5466
57bc3337b1c25a3,control,,6.3034
0e8856613debf01,test,,4.7346
a9f6eae023e54e4,test,Преподавание и обучение,3.5775
7b772031234107c,test,,6.2224
9e800defc3707c6,control,,4.4574
1458d35a5cf33a2,control,Бизнес и предпринимательство,6.591
2b3bc0af55d6905,control,Преподавание и обучение,5.0857
bb4a3aba391f114,test,,3.7255
a900bf254ff8961,test,,5.8409
a651ca738316d71,control,,6.4694
00c539075ea2671,test,,5.2762
5c2e03461de26fd,test,Преподавание и обучение,4.1492
4a82704dc08aa25,test,,6.0907
3ea1e947812801a,test,Преподавание и обучение,4.3697
451176155130a31,test,,7.3154
1535a7b3f9439b7,test,Преподавание и обучение,6.0872
16f3b6494adac79,test,,4.3499
c01998f544f4f25,test,,5.3765
c4ff333bc9aefd3,control,Другое,3.6755
51af336c1196e47,control,Преподавание и обучение,5.8983
4862fa14ffd69eb,test,,4.9784
73e11c4d7bf8f46,test,Преподавание и обучение,6.1514
2eb41267eaab7e3,test,,5.2895
c99558cda218a94,test,Другое,3.2576
b55d7e8e81f677d,control,,6.7798
4beaa80454d207d,control,Дизайн,4.2695
fcaa970eaca0d88,test,,6.2237
6aff4e784a69ca0,test,,5.7326
97240e382aff3f7,test,,5.7321
c0c7e1ffd8622f1,test,,5.6179
b7ed6ff46978879,control,,5.0494
0b7846909608035,test,,5.4469
57b14f2af2832b6,control,Преподавание и обучение,5.3043
a8a838fa62fb0ae,control,Разработка и инженерия,4.0175
e18caa210c54c16,test,,5.1044
c404b3b0b8bf7d9,control,,5.1438
c879f48a05321a7,test,,3.2514
a366f393b8fcf75,test,,4.5884
145dc07d9e02778,test,,6.8232
efc22540d97bf73,test,,3.1061
84943444191f8d8,control,,4.8707
80076ec0bfbd681,test,,4.7706
7b966b0c92869a0,control,,5.7228
8e2b2898567cbe5,control,Преподавание и обучение,8.4664
98621b3fd8a689a,control,,6.5951
821304efc0978be,test,,3.5023
fbc837994195473,control,Преподавание и обучение,6.9602
dcb0d5259d4ab66,control,,4.7972
9774ef1d93e4277,test,Преподавание и обучение,4.5653
9aa11c26611cfef,control,Преподавание и обучение,5.9943
dd9b78458969178,test,Преподавание и обучение,8.2881
71e79717edb652d,control,,3.189
8a6c77993fc509d,test,,6.1233
64772c935bd1806,test,,6.72
811b8a776303b1a,test,Преподавание и обучение,5.2565
273c7eea8ce2311,test,,5.4699
a457522df14e619,control,,4.267
3462017abd610a1,control,,6.0432
1457c8f4675b49b,test,Другое,4.845
99ab0d61e26f791,test,Преподавание и обучение,4.3244
c7be741ad35cd8d,control,,6.3413
332d0137ed492d5,control,,5.2977
6fad50781fd5892,test,Другое,3.8767
a84d92cb9eb2d60,test,,4.9262
fb95f62e769da41,test,,6.5473
52b3e77493f48e0,control,,7.9914
63e16cd4a780c66,control,Преподавание и обучение,4.4564
4c0a813a4955300,test,,4.3182
0f19bb1256bafb4,control,,7.1733
29fa8699959695e,control,,2.9941
0bd721bde57ebd8,test,,3.7439
1bfa659ce45327b,control,,5.0654
7c48079fbf57afd,test,Преподавание и обучение,4.9092
32d05700cd44f6e,control,Маркетинг и реклама,4.4415
bd0ef63eea1e844,test,,4.3887
a5f80bdc70c81fa,control,,5.6452
c43bd4c6b198ddc,test,,5.89
82f2ebce6e9a731,test,,5.3897
b2348a3fc98a0a4,test,Преподавание и обучение,5.3149
ae6e2bc12866427,control,,5.0717
540c1d70d5ac2d3,control,,3.357
06137945488759c,control,,4.5274
c791e1bb1b54915,test,Преподавание и обучение,6.4467
2ddf241f183acbe,test,Преподавание и обучение,6.5071
fb596f1fd6983c9,test,Дизайн,4.6435
d0838f4fec13df6,test,Преподавание и обучение,6.9153
cc64db791951673,control,,6.2652
21a10783933e1d6,test,,6.0707
5fd0f22a49357e3,test,,3.5401
0c6def73c70bb4d,test,,3.6569
64732309570de2c,test,Другое,5.4977
4cf4e2e26f77343,test,,2.8056
140744c4bad6590,control,,4.5832
4d5eb6391de88d2,test,Преподавание и обучение,5.6909
dcf6b5895ca4302,test,,5.8945
52dc46ad7f33ddb,test,Преподавание и обучение,5.6406
5a909b58d6f58b8,control,,6.5515
d15de7d15d6a977,test,,4.8783
27c2bb2dac41001,test,Разработка и инженерия,7.7613
32e542e344b3bdd,test,,6.4409
efb763c69937c61,control,Преподавание и обучение,6.3197
9e8077034310e98,test,,4.1761
78f4eb6094d7966,control,Преподавание и обучение,4.7257
992e81f1352328d,test,,5.686
10ad666b8d79010,test,,5.4034
138321d8b1fc7c0,test,,6.1428
88db89e4e16ec66,control,Преподавание и обучение,5.4094
723a98b49003419,test,,6.8647
b0cdedf0a1f075c,test,,6.7745
357f1d8fd8d502c,test,Преподавание и обучение,5.5095
212c96d9bb8ccd8,control,,2.992
ba6a77164a9770a,test,,3.3867
857bea02c57a5f8,test,Другое,6.1185
6a414ab3078c7fd,test,,6.1957
71674eb47963a2a,control,,6.1838
57740463e2a6399,control,Преподавание и обучение,3.8538
3d87c3a5fc2ced1,control,,4.9776
ccad8303e7c0f32,control,,4.4996
03b2d0fd1a83a74,test,,5.6324
fe1f3b571ad3817,control,,3.9216
b6ff7237ec26c4f,test,,6.1578
3493f9392803336,test,,5.7215
7aa86aa1f16b266,test,,4.0257
d88cddbd5b38a37,test,,5.1998
abc37b9c010813e,control,,5.5049
75a315039768565,control,,4.7968
7bb8697c5ef16cf,control,,6.1345
c3c6330c1165073,control,,4.6749
485bfceb396873d,control,,5.1611
bd242b5cb8be998,test,,6.8267
d4a8140cb190587,test,Преподавание и обучение,4.7987
401b423a57634dd,control,,4.3235
1e2fe06407da069,control,Разработка и инженерия,6.7836
19fdc2302755d44,control,,4.8018
21b0a1e5b07a235,test,Преподавание и обучение,4.2741
5a8f22f20688182,test,Преподавание и обучение,5.9252
0d23db527a0b273,control,,5.1017
f1e711f0d3cbe0b,test,,6.1224
10ae492bd198b6c,control,,4.8786
2ace5dc33afa400,test,,4.506
a28a2826254a002,control,,6.7067
94761becbd14f4d,test,,6.5017
f221ed5a2dbd554,test,Другое,4.5074
ce21fe65073cabc,test,,5.6605
2fd8baaf9c1a5d0,control,,7.8601
0ff0507d9ef09a0,control,,5.9751
0b598f7b08a10b7,test,,2.9547
87171bfce03ae7a,control,,4.3406
67c3d0b9dbaba41,control,,5.636
ad34e3fd2a1249d,test,Другое,4.431
19d635e03b0f7a5,test,Преподавание и обучение,6.8449
aa3d2a0efc409fd,control,,5.0469
6c4d7e33367145d,control,Преподавание и обучение,3.4585
bcb4b327bca08d3,test,,6.4145
3e8b01a2fb163cd,test,,5.5304
0590fb51ce664e8,control,,4.1645
48dafebe387bcf7,control,Управление продуктом,4.87
54f5b5229b9e3a9,test,,6.0539
65be7fae49b56ae,test,Преподавание и обучение,6.2833
6a84037f019a7d9,control,,6.218
4ff3af652992777,control,,4.9974
9240d2439e648e0,control,,4.8
79643afa536dc49,test,Бизнес и предпринимательство,6.1452
29a8f33f2180bfc,test,Преподавание и обучение,7.4202
b7489919689f1c2,control,,5.2425
c46dccf44a4628f,control,,6.3206
36486276db8564f,test,Преподавание и обучение,6.1333
7f37d3d0a8b0f9b,test,,4.9028
b169be18fec7d4a,test,,4.4659
fc8218a96eea385,test,Разработка и инженерия,5.2173
edfb3afb093630b,control,,4.4506
a6f7c6ccb6d5851,test,Преподавание и обучение,5.1588
3d9212e52d42e2d,control,,6.3579
0f7a8a0270a0012,control,,6.1481
d54824019dab3ee,control,,7.1666
e05b8d866f9095e,test,,4.7077
26b366c11adbb2b,control,Другое,4.4344
f855ae0635aaa1f,test,,3.6274
9ac3e42c2492e40,control,,5.7181
39cb8688ec1f749,test,,4.3279
c2080405b740d67,control,,3.8426
218e23d2615c42c,control,,6.0917
7c0387f20c8e54c,test,,5.642
68c0012b0538f06,control,Преподавание и обучение,5.0481
116a1b878e0823b,test,,5.4713
c7bd0fdb6bf6d80,control,,7.698
5e8534e7997da5b,test,,5.7855
5490c624383d2d1,test,,5.6663
e62fd141ff60b1c,test,Бизнес и предпринимательство,6.0925
18d33bef29f4918,test,Аналитика и исследования,5.2879
28ae3a442771348,control,,3.9669
7ff50e5a4fb3d73,control,,7.3116
c4ccdbe4d96882a,test,Управление продуктом,5.2578
103fa03e5c9325e,control,Другое,5.0882
fa04aff58cdf3ca,test,Бизнес и предпринимательство,6.3072
e6d74a43224847c,control,,4.1563
d0f09628d4605c4,control,Разработка и инженерия,5.6141
71b9a38089c8889,test,,8.1227
ba5a88dbd18331f,control,,4.6209
9670ad5ceefedff,control,,4.7828
d70a5bd4f6039f4,test,Преподавание и обучение,4.4691
7d96d3cf2684ba0,control,Преподавание и обучение,2.6934
cc00e17fa727855,test,,4.2204
8b70ce451e85773,control,Преподавание и обучение,6.0935
ef1c8d890514342,control,Преподавание и обучение,5.1332
3578ecb67764cf7,control,,4.3214
48e732b9b98b8bb,test,,4.8028
95d7fa785940efc,test,Управление продуктом,6.5826
dc20c89fffcb672,control,Другое,4.6328
6687b03fccd97a5,control,,6.1869
a9fd19b63279b1a,test,Преподавание и обучение,4.6412
f8b053ce5c1a1dd,control,,6.2793
7823573ec1975cd,test,,4.1648
e0620c39aa77238,test,,2.9276
a94237ae99ea3ec,test,Преподавание и обучение,4.3033
faad34bceecf0ed,test,,4.9756
3f8c1f3db3ebc1e,test,Преподавание и обучение,3.8097
970970702639ceb,control,Преподавание и обучение,4.7771
15e6e4374e4a337,control,Разработка и инженерия,4.4612
f5d4503929f1435,test,,5.4796
16c1135435b87af,control,,5.0719
5ea990fcd629cc7,control,,4.582
bc428c8770240b2,test,,5.6241
0419b3250df5c41,control,Преподавание и обучение,1.6589
50203fa91c1f465,control,,6.6282
4cb03168369587b,control,,4.903
0e841e77308a93b,test,,4.5978
4aaafb4350333ee,test,Преподавание и обучение,5.3011
c419754e7dad89f,test,,5.2648
d57b7ab217054fe,test,,5.9707
f8b684a0db32477,control,,3.7914
f15370071b1e956,control,,5.8108
72a8799668f3723,test,,4.7238
71b2c7aa6cd4187,control,Преподавание и обучение,5.6703
b5e5fe81813654a,test,,4.9469
85352d85310370e,control,,4.696
7b20b2f33f9010e,test,,5.6442
ef5a656967075f8,test,,6.1942
6dc778dfc3e53ac,control,Преподавание и обучение,6.0338
8111dd05fbaeef1,control,Преподавание и обучение,5.071
b60e925e83a084f,control,Другое,4.8591
ffb2fe01ba70d89,control,,5.4375
dc5d37b5a8fbb64,control,,7.2536
a45c15f2d30f91a,control,,5.6988
1eac7a3f551a0a0,control,,3.3888
839f352c319dc3f,control,,5.5519
08d120c6e6206fd,control,,6.6076
6fe0735f274b975,control,Преподавание и обучение,3.3361
53ae8e46e3dfb52,control,,3.9002
6365e88bcb6f8fa,test,,6.6187
3e06c2965a2ea79,test,,5.6831
aa8b6d1c0ad49c6,control,,7.5067
3d23d8fabcba085,test,,4.8254
37d5e9b45a48c04,control,,5.4653
192a1cd5c9db703,control,Преподавание и обучение,5.8514
6217d974dd7a981,test,,4.1384
d336a25f544caf8,test,,5.6427
63829bfa297a098,test,,5.945
28e8bef7683d3b9,test,Преподавание и обучение,4.3911
a0d6907e6788735,test,Преподавание и обучение,4.3872
d3d9def7793cae0,test,,6.4312
cd9b4ca0fc396fc,control,,6.1235
0e3e65411dc777f,control,,3.7018
7b359b846b81d00,test,,5.6449
a54cdb1f304b108,control,,5.586
d7879433e937a85,test,Преподавание и обучение,6.1218
053a22043ba7d17,test,Преподавание и обучение,6.0588
4e3ab57bb9fd966,test,,6.3156
275d0fd96fa1119,test,Другое,4.1172
45e09979e119cc9,control,,5.8021
2415eb1b20b04a5,test,,2.9839
fc78fac90278aed,test,Поддержка и сервис,5.1014
9cf1fd5c6ad9760,test,,4.0003
d45475d6654b55b,control,Преподавание и обучение,5.456
fb4929c76c7da18,test,,3.7728
7aa9c1d487321c7,control,,7.2459
3d4aa6798e59c8a,test,,4.8609
91fd2e41edad1fc,test,,5.258
f26c6aedd3e433b,test,,4.7871
658814619d29b48,control,Преподавание и обучение,4.9591
adc390d92f99e67,test,,5.2771
7d223932b07ca66,test,Аналитика и исследования,7.6084
cce0b7c173a3b50,control,,3.3322
c8629ef6c31231d,control,Преподавание и обучение,3.8873
6835a13739e82f4,control,Другое,4.2404
5657810156e49d4,control,Преподавание и обучение,5.3691
be1c441191a533c,test,Преподавание и обучение,5.034
0f43ab0fb2d1e1e,control,,5.7253
df38687d97cbc53,test,,5.5023
6233fb93802fcb3,test,,4.2106
b4650549394e3ea,control,Преподавание и обучение,5.7404
a6dc60be917688a,control,,4.1148
2a20a6e1fac1908,test,Преподавание и обучение,7.32
c0d7a63cb2d027c,control,Преподавание и обучение,3.9438
e015819e58d71db,test,Преподавание и обучение,3.695
07f05ca15ba0ca4,test,,5.0639
d0d9f51c207a224,test,,6.198
60db8c2c44c3e85,control,,5.9783
0e7f6db74922bdf,test,,6.7674
cba400b87b55774,control,,4.5973
1cc19ae3bc5f130,test,,4.8225
3bd8fecaf812e33,test,,3.5604
7605bea167d0a8a,control,Преподавание и обучение,3.7357
50661272de396a0,test,Преподавание и обучение,4.0317
2e3352b1bb2ac61,test,,4.7535
4f9ac4b33a1fcf5,control,Преподавание и обучение,4.131
4f8515252346435,test,Преподавание и обучение,4.7323
552e52666039f4c,test,Дизайн,5.2184
7cf89871078805b,control,,5.7672
96ab0c36ba15c43,test,Другое,4.4579
05d98c2c8990bae,test,Преподавание и обучение,6.5363
bb15032e9c60188,control,Преподавание и обучение,6.0777
966810923a0e042,test,,5.5877
e23da5653c92f05,control,,3.8808
8988760f6bfe2bf,control,,4.4547
f79eec4c6d01a2f,test,Преподавание и обучение,6.735
c4cc919d6858cf8,test,,5.7398
7e69916d6201440,control,,4.4939
30b6f35249757b9,control,Другое,6.7315
710f735cb42554a,control,,6.5662
c1f77d41d9c3ad9,test,Разработка и инженерия,4.4325
59ea95a17dae0b5,control,Управление продуктом,4.2289
5a3a258a9785563,control,,5.418
e9455436d8db30a,test,,7.908
d40692166a91a1c,test,Преподавание и обучение,6.8824
1fd37237bf385fc,control,Поддержка и сервис,5.7711
b966e4abbb06334,test,Преподавание и обучение,4.9705
bc969b08bb956d4,control,Преподавание и обучение,4.3079
aea2b7191828faa,test,Преподавание и обучение,5.0349
d08f7a46a0c9f09,test,,5.4789
a64326139689a45,test,Преподавание и обучение,5.2977
aa4523828c7e103,test,,4.5815
d8bdbdcbabe9355,control,,4.7784
e7684d5a5ac585f,test,,4.564
d321678e830929a,test,,4.7097
06954f4ad3208ad,control,,4.9477
151af0616b201c5,test,Преподавание и обучение,5.7188
f6f4a36ef0ea7d0,test,,5.706
4de7a8e2b637f60,control,Преподавание и обучение,5.7468
8620d7cf55040ef,test,,5.3126
759dd05c40648c6,control,,5.5111
576133764462212,test,,4.5775
bcd175557c930c3,control,,6.0233
eff1246f6897a4d,test,,5.3294
dbdb21421a5b59f,test,Преподавание и обучение,5.5186
c458dba009387ad,test,Преподавание и обучение,5.1751
6f8187a979b775f,test,Аналитика и исследования,3.9896
8286725a6eee089,test,,5.0208
2a3ae9996b24f80,test,,4.561
440074afc06ae97,test,,3.7587
74376b4428a665f,test,,5.5088
7cecc191d2c2196,test,,3.3975
1b4703ba2a0189e,test,Преподавание и обучение,6.1005
09306341e04d446,control,Управление продуктом,4.2952
1dc22130809fa18,control,Преподавание и обучение,4.5885
9c7143c02285d49,test,,6.2449
562d6f666f90e93,test,Разработка и инженерия,7.3774
1059efb5961eb6b,test,Управление продуктом,4.9728
3a05c255553e28d,control,,4.8761
2c55907dbb22bd7,test,,4.2659
72b91a32bbd4912,test,,4.8249
693a3d73f51d9c4,control,Преподавание и обучение,6.3529
9f10b265d88e9c6,control,Преподавание и обучение,4.7638
9d75ba9aef12fee,test,Преподавание и обучение,5.5491
bf24025b3377559,control,,6.6405
a9dede5b25b62ee,test,,2.5753
66679561bf42dce,control,,6.4281
e9548e52eef09b4,control,Преподавание и обучение,5.7277
613b5bbeb69c35b,control,,5.3391
c4b6f6321763185,test,Преподавание и обучение,5.2614
0f8f13eaff2f5f9,test,,3.3037
6bb8697d2f3dd89,test,Преподавание и обучение,5.3083
1e5008f6508203a,test,Преподавание и обучение,5.6972
50fc7f3325f9b8b,test,,3.823
2247eede6c23163,control,,5.8455
d30c4a21ff1122c,control,Преподавание и обучение,4.2158
15f357651c2eb0e,test,,4.1803
578ca747e05649f,test,,4.1069
bdc608ce61c5df3,test,,3.5186
d988793078de601,control,,2.4425
d2b28027f0fcefb,test,,6.849
17806c3ea6e10a3,control,Преподавание и обучение,4.1214
b79f839215aa52d,test,Преподавание и обучение,5.9624
3da796a2bfbc07c,control,Редактура и копирайтинг,6.0317
50b0dc75fcc14d7,control,,6.3919
c3a207c51fde3a7,control,,5.3436
e2187f363464266,control,Преподавание и обучение,5.6674
7ce0a66c2f83922,control,,5.088
5c541f0d30d2d7d,control,Преподавание и обучение,3.7851
d9107480226665c,test,,1.8445
1107dc04f13f2c5,control,,4.6273
e873d0a2d2e8fc4,test,,5.4743
4bec20a9bc649e6,control,,4.7333
f05639bd137fb10,test,,2.5475
74fd5e1877debd1,test,,4.657
9881f160f10b946,control,,7.664
0de607de8c6ef12,control,,5.5939
799b65b0d667c3f,control,Преподавание и обучение,3.9174
9f614c806936b38,test,Преподавание и обучение,5.5281
d98fa2aaf6597bd,control,Преподавание и обучение,4.9143
aaf101a1a240e68,control,Преподавание и обучение,4.1187
d64fbbdd91c395b,control,Другое,5.211
b08f4b822ea6322,test,,5.5588
7d8f4ea1e36ff31,control,,4.7282
1c9a3ff90f9497b,control,Управление командой,3.3284
517f8e00142f7ee,test,,5.8412
0fad519bd783933,test,,4.2578
379429c1a88cb77,test,,4.7468
ce003cdc2846aec,control,,6.0826
50d6df0e37cc16a,control,,4.9211
63432dff41a478e,control,,4.4058
df4e056b118ecb7,control,Преподавание и обучение,6.216
d73d39601847c47,test,,5.2732
482ec47dc15d6bc,test,Разработка и инженерия,5.4819
78c8a03c479daaf,test,,4.3794
b6cc1e423a45a50,test,Преподавание и обучение,4.3468
f4201df224c0f69,test,,5.4695
d5405cf87155429,control,Преподавание и обучение,5.2026
059975d4bb51156,control,,5.0922
671c40429c898a7,test,,5.2216
95cd76844dea2a4,test,Преподавание и обучение,5.6138
9a1292a16105d91,control,,5.9979
7434144c436e5d2,test,,5.4419
b6bec4c9d123437,test,Преподавание и обучение,5.068
ea62baeed0f6a27,test,,5.5351
9c876c908cff668,control,,6.361
81132ddb1fe92d6,test,,3.7987
9a2ea885a56802f,test,Преподавание и обучение,6.801
bd27b3203a427f4,control,Преподавание и обучение,6.5864
4714fb60fa52d05,control,Управление командой,4.1084
ad46224fd5ff376,control,,5.3504
f940d3024f4aa26,control,Преподавание и обучение,4.3935
81318c4191390b5,control,,5.1336
7997fe5a98960f3,test,,7.2264
728801f3aebb348,control,Дизайн,7.147
c57b62c8cf3b995,test,,6.0804
cd139cf8d960e79,control,,4.1964
246d876a8d274aa,test,Преподавание и обучение,6.5329
706ef19eeeca63a,control,,3.4512
968da5fee4b1df5,control,,5.0073
d4c60fd1c14b326,test,,3.473
b22ec7e292b9c97,control,Преподавание и обучение,5.2803
8c7419263b861ec,test,,5.4921
5709b92d9b3eb46,test,Дизайн,6.2762
6f8ebcb88cd1971,test,Разработка и инженерия,4.6352
d9d6e8d9a5e2dc5,test,,4.7704
bd113a2857c64d7,test,Преподавание и обучение,4.7669
2dfd2372420420f,test,,6.1419
f42a3f3525e5324,control,Преподавание и обучение,6.8584
12afe9ea5520967,test,,5.7802
dc467b4fdb287bd,test,,4.6673
6c7146fd51bd872,test,,6.1619
6f2206aec4561f3,control,Преподавание и обучение,7.9296
ae5d57f90e9a29f,control,,5.5183
9879849f98cba42,control,,4.1272
5cd88df6addaffc,test,,5.0556
ef8169fa623e05e,control,,4.0313
f03b5dc0ebe0f86,test,,6.1026
94941f5677d6f18,test,,4.4054
f551d66a43a86db,test,Преподавание и обучение,5.0026
45d7584a09bd05b,control,Другое,6.2403
abcc01d59a1053e,test,,5.5004
74900adb181aa57,control,,5.8675
c6d8b63e2c0c93f,control,,6.3132
f11b9183e7e8e80,test,,4.8009
8da97c313fab8ec,control,,4.8464
f9927dec35eb044,control,Другое,5.857
c29e5faa08306e9,test,Преподавание и обучение,5.1626
2f370196b0c29e1,control,Преподавание и обучение,6.1736
145080406cfc9cd,test,,6.0215
e1883abfacee052,control,,6.1702
04239199435568b,test,,5.6891
ca0be1e58c4a2bf,control,,5.4758
95676d19fabb603,control,,5.1777
100b1ac1d839376,test,,4.9775
a5b3543980e9786,test,,5.1701
b1317c446b2ea9d,control,,3.7705
8723a4e9341f23d,test,Преподавание и обучение,3.8245
243299b9e800844,control,,1.8599
40a4f1ec140761a,test,,7.3787
d18de8bfce33c00,control,Преподавание и обучение,4.2479
cd2db47623df36c,control,Преподавание и обучение,5.438
cafe788bb55425d,test,,4.8303
f51a20d3c087489,test,,4.9859
cc3bf2fd15c3ca3,control,,4.912
ef48c549ab89933,control,Преподавание и обучение,5.1047
471c5a674be9e1c,test,Преподавание и обучение,6.4209
70236282f1352d5,control,,6.2872
ae8e5026c84e72d,control,,6.1954
33373a194d838f8,control,,5.0724
4399a90ad3a1cea,control,,5.7499
9f96e813c3010be,control,,5.1004
658b2d1ebd7c419,test,Преподавание и обучение,4.4725
9b2ffb06db14548,test,Управление командой,5.6695
1b63629393f22cb,test,,2.6734
d656e5610fa3e19,control,Другое,5.5398
495e9414287fabe,test,,4.8484
750b0c2caedc3ce,control,,5.0767
9acbdeca77ff373,test,,4.2844
b77d87865dccc27,control,,6.9807
e19e8c9ff09dbbb,test,,5.5757
622b76eec7ff6b2,control,Другое,4.6467
7471fd76a263cc6,control,,3.8474
cf2936fe9cb97e7,test,,5.3045
16df412fd890278,control,,6.8559
f02652586e72a1c,control,Разработка и инженерия,4.5001
0da1b4a395ba15c,test,Преподавание и обучение,4.7645
47f0afaaf44fb39,control,,5.7916
c031823553d9dc9,test,,5.7557
5e05f8bca9aa241,control,,5.2996
41c4a5db4bde714,test,,6.3218
cf4fb95e41a2ffd,test,,4.9607
a992b7976330500,control,Преподавание и обучение,5.9632
d966f68e510213d,control,,4.7057
11ee81438a8d630,control,Преподавание и обучение,5.0571
77496709adddf41,control,,4.0168
8e2814c90fd31b9,control,Преподавание и обучение,5.0348
a3ce7907602f590,control,Преподавание и обучение,5.167
260dfcab20fbcca,control,Аналитика и исследования,4.6813
d66afa717e32c4c,test,Маркетинг и реклама,5.4091
a5c392162d2d330,test,,4.1979
4f1f3a811b16230,test,,5.8293
4aa278166b69e38,control,,6.7197
7450bc469e71062,test,Преподавание и обучение,6.021
e3ad5c6fe1676fe,control,,5.0472
70021bfd181848f,control,Преподавание и обучение,5.0823
750040a061905eb,control,Другое,3.5925
284146f5ade3b1d,test,Управление командой,4.9165
f30c9cd9fad5f2f,control,Преподавание и обучение,6.6658
19f0b9e948c140f,control,,5.1955
e5c61dee1c93943,test,,4.9921
ac3142940ea6a4f,test,,6.2594
876e4ca10cfcde8,test,Преподавание и обучение,6.1504
5b0237a5d8f7901,control,,4.0489
5648e8d8f7d2082,test,Разработка и инженерия,4.8281
db9341960eae4eb,control,,6.2141
ae3b2475e799661,test,,3.8968
5edf50cde1150de,control,,4.7654
eaace8a25ee1e42,control,Управление продуктом,4.9634
a523294233dd823,test,Преподавание и обучение,4.7079
668b73f33e73463,test,,5.5332
c3ef82f382936bc,test,Преподавание и обучение,6.5124
ba863efbdee58b8,test,Преподавание и обучение,2.8553
5e433376ac64153,control,,4.1554
5520db41bc2e6fb,control,Преподавание и обучение,6.259
b9571cd299c93dd,control,,5.6313
1aeeed46203b30a,control,Преподавание и обучение,4.6597
032e913f8fb9b88,control,,4.3622
7aa60d3e0e17085,control,,4.2914
86236a465d38f1c,test,,5.6884
4e33ee3448bbef1,control,Другое,4.8607
32706ec044c5802,control,Преподавание и обучение,4.8321
de9e59a6ed723ce,control,,6.6393
cb8f605fe96ec84,test,,4.8172
c23115b4e13fb57,test,Преподавание и обучение,4.5411
43afc0c6fb9b3e5,control,,4.0054
454b36a476f3229,test,,6.3946
1317c55ce96ee36,test,Преподавание и обучение,4.5488
fdb39ac12f7c946,test,,4.5529
9757a1b04f57b20,control,Преподавание и обучение,3.752
87a77dbd50d09cd,control,,6.524
c376eabf481995f,control,,5.669
c83f986acd07a78,test,Преподавание и обучение,5.2311
01a6dc91d91b963,control,Преподавание и обучение,6.8643
e6c535517332d5d,control,,5.311
f8966f1d5c2a766,control,,4.0805
1bbceb41d2c53d1,test,Преподавание и обучение,5.3578
44636d714241210,control,Преподавание и обучение,2.0587
e8167407d253a55,test,,5.6015
a18429750757d12,control,Дизайн,4.4153
8e58336d365aee6,test,,5.6719
dbe12097c5edd9b,test,,4.2126
ec86fb490879424,test,Преподавание и обучение,3.7239
b6498bef8b71db1,test,,4.1128
1107b7001302772,control,,3.396
22467b6e03ca973,control,,4.6576
7cd5ddb244a0a2b,test,,6.1746
72f63d0146e57aa,control,Преподавание и обучение,4.1869
0e93a7fc2c13705,control,Преподавание и обучение,5.2498
65e8cfb1ebff9f1,test,Другое,5.7301
a513cd351a80bf8,control,Маркетинг и реклама,5.9257
a7637a8db83436a,test,,5.3587
abfb3eb8355a1f1,control,,5.9124
53b274398f8da91,test,,4.9581
3bec615045a8ecc,test,Преподавание и обучение,5.4064
ce99458b1a7b178,test,,5.2535
1e8260f9124225b,test,Преподавание и обучение,4.6552
7082b322cc666a0,test,,7.4662
31fbde901f65da5,control,,5.5486
971763bc0d715cd,control,Преподавание и обучение,5.2528
c4bc9d2ccedbea8,test,,5.0153
dfc3422334501fd,control,,4.3695
efb5467f053a643,control,Управление командой,4.0743
a39be7fa42d47ca,test,Преподавание и обучение,5.4822
49fdacb51a297e8,test,,5.8921
9229bfeb790a4c3,control,Другое,6.3867
3cecfeb6bd48891,control,,5.8612
fdd0ac212f6b94d,control,,6.1919
62ac66810ca03e4,test,Преподавание и обучение,6.0284
20b5ac49e8e12bd,test,,5.6026
faa83414ec7c17b,control,Преподавание и обучение,5.3898
98f7b53e28936c7,control,,6.4817
18c18df786c2a37,test,,6.4293
b4205741626459c,test,,5.6351
d9904da44e5ec77,test,,5.6926
9115f699870ddb5,test,Дизайн,4.2731
a45ec639eaf8986,test,,4.7812
4940002508a4e94,test,Преподавание и обучение,4.7117
d64a16817b5d66b,test,,4.0795
0eb39dd208a96a2,test,,6.8044
39c7965aae80ca2,test,,5.0558
c5b73b127ce791d,test,,4.555
9b51a578fa99a6b,test,,4.3609
83e194b27c265fc,control,Другое,5.2142
dd8ba4daf189f5d,control,,3.0379
48618190e4bf363,control,Другое,5.6671
a307fc9f0751288,test,,4.7281
f45fe93a039385b,test,,5.4972
14e09403af184e7,test,,5.8661
b9d6e5cd0782f29,test,,3.3187
e5f4638009d2ae4,test,,5.6874
845161f1e018077,control,,4.4102
80bad8eb37dd33c,control,Преподавание и обучение,3.5728
ea485b75773e58b,test,Другое,5.1515
bc208a62e7420a2,test,,6.9585
37917249fe67407,test,,3.3334
dcc40404529d6a4,test,Преподавание и обучение,5.6644
8a1bfb3ce99225e,control,Другое,3.5562
01ad87f7650de59,control,,5.5061
d818e4e294150a2,control,,2.2984
683cb929952701e,test,,5.5566
6e0510a8df8f623,control,Преподавание и обучение,5.3717
cb595bd9bdf1f7c,control,Управление командой,2.3679
0a6a0a7576f2834,control,,5.2762
b59fd199d3dc7bc,test,,4.9473
0bba5410a84b4b0,control,,5.3965
b321d20653d2a31,control,Преподавание и обучение,5.0237
f755a60c24ae739,test,,4.5672
59aa88bb764cef4,control,,3.2933
3e1eb55615b6851,test,,5.8196
4c9aa97b51d240d,control,Аналитика и исследования,4.3787
479a26dcd878be3,control,,5.7568
bb09020d290d807,test,Преподавание и обучение,4.616
f98f1458e640619,test,,5.0758
7468b309c642935,control,,6.1721
14132d082cc9feb,control,,6.3395
174e718afe0af3f,control,,2.9024
8ed9f4b813a5eb9,test,,5.5651
82f93f30ac88472,test,,5.8063
d836bf2328d83fb,control,,6.1649
8bb5120a5682200,test,Аналитика и исследования,4.9614
f88f5f5a606c358,test,,4.8143
32e3f65e389f2f1,test,,4.937
b44d3224588ac37,test,,4.2485
db5e6228087dd5a,test,Преподавание и обучение,4.4219
ac3d5796bade916,control,,3.594
864d1858bd62e79,control,,2.6102
da4e07e5ca4a428,test,Преподавание и обучение,5.402
7eb35dc94cf095d,test,Управление командой,5.0952
e84da2b6d911b31,test,,4.9717
a4972ce1388708f,control,,3.7508
e7d3fbb0fbd00d5,control,Преподавание и обучение,3.3816
8615ce2c9ce8242,control,,6.1946
cea225fa0a1c33e,test,Преподавание и обучение,4.2498
dbad3db9743b1b5,control,,2.3648
22718f705b47654,control,,4.8858
4915bcd192482d9,test,,5.6615
5af67c65e6a0a1e,control,,6.2
0edd564595cd3c5,test,Маркетинг и реклама,4.4782
533ea6bf1a33ec5,test,,4.7168
befa62261cca0fb,control,,5.6584
d3513f5d42e2f17,control,,3.732
4404e713eb68924,test,,6.2341
7754a5e78204c1f,test,,5.1948
17d5059bf269166,test,,5.8713
6cfb046e442323c,test,,5.4189
7b879bbf4b227b8,test,Преподавание и обучение,5.3108
1901db446204c4e,test,,3.1626
f89411df1934d91,test,,3.7902
651bfc5024cd789,test,,5.8874
39b5f4b6f27f71b,test,Дизайн,5.6548
a3dc9200230c0d8,test,,6.2185
231bc2bb8e9d10f,test,,3.0825
ab13d47bc831252,control,,2.957
724bc9ac1255c17,control,,4.2906
4a60f51a3e24e44,test,,7.9859
355770ac8e613e1,control,,4.702
2e021577f3b6766,test,,3.385
82b4439e37ecf76,control,Преподавание и обучение,5.9316
d12d1348207a5f5,control,Преподавание и обучение,5.083
5605c0a129e44e1,test,,5.8321
f2261c80792d00f,test,Преподавание и обучение,4.9537
5057120ef4f7639,test,,3.6984
995460582907a94,control,Преподавание и обучение,6.2948
2fa114e913f8903,test,,4.3594
b5d149669a0a064,control,Преподавание и обучение,4.2579
63a2caafd1fc6ad,test,Преподавание и обучение,5.4536
f12281835930333,test,Преподавание и обучение,4.909
3a3e836a03cb85f,control,Бизнес и предпринимательство,7.5019
8a07616229c628a,test,Преподавание и обучение,4.8257
9b0b4a64220a699,control,,5.9761
74a729cdc2d48b9,control,,3.883
16c7f7067ebfdd7,test,Преподавание и обучение,3.3379
337d72a3ef3c1f2,test,,2.2741
f49ee1ba744108e,control,,5.5694
7478697d75a17c6,test,,5.2848
89354eb0463050d,test,,4.7082
7e6c5778955550b,control,,4.919
a59612763b67e0d,test,,5.3296
fa4ed93c4550990,test,,5.2598
42171ccd4ae156d,test,,5.7757
2c2965d7fc30f5d,control,,5.406
c92759b7a793b50,test,,6.3083
0a7e4df4ed5ed43,test,,6.7038
8310c7a7c02ec94,test,,6.1724
c6c121ba769289f,test,,6.7109
fbda59806d47907,control,Преподавание и обучение,4.4559
2a9a5b9b2b781d0,test,,7.2844
d2e5f5fd6ad39b5,test,Другое,6.4807
30bb4c11619a7e4,test,Преподавание и обучение,6.6663
f0476bda21b197c,control,,3.717
2eac77851b825b8,control,Преподавание и обучение,4.6618
0be56744b8a4430,test,,6.1486
adf680de23269fe,test,,5.8224
4c3a772f1f3a447,test,Преподавание и обучение,3.1869
30a1a9042fc90e6,control,,8.2584
307514beb9c7db3,control,,4.4271
65e235c594f4d23,test,Преподавание и обучение,3.3451
d0941f66a63207d,test,Преподавание и обучение,4.2038
558017452cf81f7,control,,7.4198
8d9ca0e79831cfc,test,Бизнес и предпринимательство,3.917
1d5ef0661759caa,control,Преподавание и обучение,6.7027
d6ed90647e56ff0,test,,6.0241
a976e70e4f3bf98,test,,4.1449
30b22b475a24bfc,control,Преподавание и обучение,2.4685
9b503685586f797,test,,5.6792
3b7cdb97336fcd9,test,Разработка и инженерия,5.7966
fd87b6c1f5c34f7,test,,5.0248
2cd08f017dd3953,test,Преподавание и обучение,5.9439
7306162a6dffaca,control,,3.8493
1d378b9e7a0f072,test,Преподавание и обучение,5.3387
b50c81f77e0c331,control,Преподавание и обучение,5.8264
7a8dff9c46bfae1,control,Преподавание и обучение,7.6574
114c5a37fed2c2c,control,Другое,6.3844
7c0341b86eb058f,control,,4.1121
7c0f880af88b74e,control,Преподавание и обучение,7.1181
1fe46bac1612755,test,,4.5299
e1402cf64f8189a,test,,6.6009
af447a00874d083,test,,6.9231
e5f6a3a0fb3dded,control,Преподавание и обучение,4.3155
bf9d4ddd102bfab,test,Преподавание и обучение,3.2135
6d608e1b54228ad,test,Преподавание и обучение,3.2893
240bcefa55cc8a8,test,Дизайн,4.2902
950f22267e688a8,control,,5.3917
d1da28b8f465eb3,test,Разработка и инженерия,5.0125
eb26e74f4a193fd,control,Преподавание и обучение,3.5973
4610ec35814b85a,control,,4.8444
895fce3f55d54a9,control,Другое,6.6387
dea870a2db0061b,test,Другое,4.3144
a957baa60d4f7ee,control,,4.7085
5f390847c6c12bd,test,,6.8532
93f189b086c0886,test,,5.0056
5eedc4a06c2962e,control,,4.5738
ccf42ff451eb14d,control,,2.635
d1e1fe90b0d257a,test,,4.3131
981d0b72de2847b,test,,4.4903
fa88ed1d95a3692,control,Преподавание и обучение,5.6961
8426a9f368fdbec,control,Преподавание и обучение,5.2792
430731d5f28bb67,test,Преподавание и обучение,5.0813
8b687952db60adf,test,Преподавание и обучение,5.5656
16dd6fb8ff5817f,test,Преподавание и обучение,6.0652
32660deade25708,test,,4.6825
e1850da4899c8d4,control,Преподавание и обучение,3.4136
57dbda2d2f60d4e,test,Преподавание и обучение,4.5887
a51ffc25d3050ce,control,,3.8463
56226acea871eb9,control,,4.6304
bb8bc5bebb94a21,control,,6.273
8b375877975bcd6,control,,3.8039
7b2f6823ceeb942,test,,5.8821
802bded0751c2cb,control,,4.3585
a90e6e8fd5cfd40,control,,4.6653
fb0d9d4ad11bd32,test,Преподавание и обучение,5.0391
f6e505d77f01d78,test,Преподавание и обучение,5.7202
a871f1b8c1d271f,test,,5.1883
2456ae6b6a6a022,control,Преподавание и обучение,5.2349
9b7b40ffc616458,test,,4.8962
68ca52fd59a9d07,test,,4.3776
e5a8a8817a7cb93,control,Разработка и инженерия,4.4951
87c96668693e15c,control,,6.7695
c5ec5ef885800b9,test,Преподавание и обучение,5.3419
2ef8140c7b71b72,control,,5.0487
6e403a1302a0297,test,,4.4954
ec259ad70dd85fb,test,,4.5069
2e6ad0665cc49d4,test,,6.3038
a8d37150f3bafa6,test,Преподавание и обучение,5.3135
1d06c3a14ab16ef,test,Управление командой,5.7126
2acf1af0d5801c9,control,Преподавание и обучение,6.4003
a1200cdabec96d9,control,Разработка и инженерия,4.1924
a28e5270b9d23de,test,,6.0358
ca6f3c8b91cda0f,control,,5.1176
bf624354874a66d,control,,3.5992
17e16c429464ceb,control,,3.7977
b4e9d08a45c74fa,control,,4.8378
a8ee00249b06f2c,test,,6.4282
c06e7d29126c8ca,control,,4.4519
9f25b3f2d7be4f1,control,,5.0632
6b1e25a5be4f04e,control,,5.4043
971ced5eb474ea9,control,Преподавание и обучение,5.7689
7134f53ca29d058,control,,5.8305
e71868f22f10b00,test,Преподавание и обучение,5.5934
aabc08e8af69386,control,Преподавание и обучение,6.3012
34a7f377fc3f078,control,,6.2569
a8ef421a1fc71ce,test,,4.636
eebcbe3f2c00fa6,control,Преподавание и обучение,6.2656
b0308cffeef432e,test,,6.0052
bf311898294ded8,test,Другое,5.1197
fcf5c872288e4b1,control,Преподавание и обучение,5.816
8350d0a4ba15d94,test,,5.1146
90bf9cead263623,control,,4.2218
e3c51891657482c,control,,6.1981
be871682a43a5db,test,,4.8928
d87ecfaaeef8ebe,control,,5.9842
8ab616615cc709c,test,,3.5249
e32a7c7332ddca0,test,,6.1449
d0eec3841682f4d,control,,7.3668
fc5f4c2d27f5f8e,control,,4.8278
c63c5620864eb2b,test,Преподавание и обучение,3.6378
329c0a9ca93c545,test,,4.6578
d22d35972cc2c4b,control,,5.2549
e9f572013e6a45b,test,Дизайн,4.4821
028606a9b562ec3,control,,3.9362
ec5cb22b98091e0,test,Другое,7.2747
5d466e62ba12ac7,control,,5.0429
38d65944ed2caba,test,,5.3927
0ebaebc8abb4603,control,,7.8804
4deece276e7a627,test,Преподавание и обучение,4.1495
7054f8c46781fe8,control,,4.8082
a2fb88b1e17c7b9,control,Преподавание и обучение,6.4874
7a76de5faaf24d0,test,,2.6175
3986621d93c4701,test,Преподавание и обучение,4.4852
291b873d729f0fb,test,Преподавание и обучение,6.6883
d42e565d3c975ef,control,,4.0349
7b88791a94f166a,control,,7.822
044758f65cc6c52,control,,5.6773
472bd433d363031,test,,7.1312
0eb0de3c8160e71,test,Преподавание и обучение,4.9898
588da37e84776bb,control,,6.6716
21ad70b50691366,test,,5.6236
cfacaf46c1c7875,test,,4.7798
193a18279e7d701,control,Преподавание и обучение,6.4942
039ce1b68a47ee6,control,Другое,5.5478
d8dc4802b2f1545,test,Преподавание и обучение,5.9817
b896304b3ac8ae9,control,,5.4697
8fc79e9b339c7b4,test,Преподавание и обучение,3.8538
200ea8cf7fa483a,control,Преподавание и обучение,4.9136
c0c835c0eb9007f,test,,4.6866
60a54610a5f184a,test,,5.3703
70a24877fd0183e,test,Преподавание и обучение,7.2652
576a2a2e8b3109f,test,Разработка и инженерия,2.9447
c18e3942501dae4,control,,3.7693
4882c057a850944,control,,5.5628
dd0a4e4c0f38ab7,test,Разработка и инженерия,5.6675
48e412ad2503ce6,test,Преподавание и обучение,6.2618
3fe1fd3a1ebd49a,control,,5.1187
fbc7a553501e460,test,,4.753
9a7c9483a2c748f,test,,6.7159
7fbcc7579b2a6bc,test,Преподавание и обучение,4.3935
186a2b860aab546,control,,5.5348
6c0319d150162fc,test,Преподавание и обучение,5.2653
b2bc07248567602,test,,2.9135
7ed21e5624a94f7,control,Преподавание и обучение,5.8073
05e0faf77706504,test,,6.2301
8034690ed32fda5,test,Дизайн,4.5898
995e4a5560e2894,control,Преподавание и обучение,5.1309
9fe6ebbc6e66f54,test,,6.4182
c7fab4c4f1ea7ef,test,Дизайн,3.7358
c5262f06bd606f9,control,Другое,2.4262
e3ee20d5a4d91f6,control,,3.9428
8612f3be3e37e6d,control,,5.3178
5ff082843991584,control,Преподавание и обучение,6.9412
fe3190feacfcb14,control,,4.3464
e5659d79084a888,control,,6.8659
020c9825a319b7c,control,,3.2994
d4061f8692772ea,test,,6.677
e7b9c7e1f73d680,control,,4.7419
8d25eb5c4f68e2a,test,,2.1122
cbba8534041d041,control,,3.6962
63b9f87263aeae4,test,,6.5401
27546fdf92892c1,control,,3.1248
07a18dc3aed9db1,test,,5.4833
ad8c67074d20fbf,control,Другое,4.867
b2213da518facd9,test,,5.4764
c4a444a28f6aade,control,Преподавание и обучение,7.4626
2d546c93d75eb6f,control,,4.8139
049cda560f9d4b0,control,Разработка и инженерия,4.8257
097efdd8c89375b,control,,4.3888
751d08287763abc,test,Бизнес и предпринимательство,5.6129
dfba912c014a5bd,test,Дизайн,6.2198
6dcf8ccd3a8e5e1,test,,5.802
8fa9c516577849e,control,Управление продуктом,3.7589
86c7d4f8a4403d0,control,Другое,3.3557
7488287a6b33621,test,,2.758
b85a84896d9f3b0,test,,6.089
3b42940583aa0fb,test,,5.7099
04cc35ace333d98,control,Разработка и инженерия,3.6772
b86b7b0c7dd6fec,control,,4.5018
3bd1c8aaf4c1123,control,,3.0532
7031dd6733b2c91,control,Преподавание и обучение,4.8141
2a07999eee73a00,control,Преподавание и обучение,3.4072
ce4da907eb2ae2f,test,Преподавание и обучение,4.0688
728bda8b6c00d40,test,,4.0028
ab6b1874c79d134,test,,4.7573
ece9439cd8a1a4a,control,,5.2273
8f9fdf4296ba3d9,test,,5.0342
82e015264101e01,test,,4.5038
44b5ad4a0fb2019,control,,5.6837
bb5dfc9db5a7edf,test,Преподавание и обучение,4.3818
d2745369b4715fe,control,,4.1328
827bfc42b5c6269,control,Преподавание и обучение,6.7343
f0769fbfae0acff,test,Преподавание и обучение,5.1738
1e8526ae58cbe30,test,Управление командой,6.8508
2be09cd25e092bc,test,Другое,3.1508
9282902ae8d00ff,test,,6.7236
8f67e5e9ba73923,test,Преподавание и обучение,4.852
ae2f987c18d22cc,test,,5.9787
ad67e4a59d5ed93,test,Преподавание и обучение,5.201
71dfecf990e2c3c,test,Преподавание и обучение,4.5312
e7dd1dd4f2205dd,control,Разработка и инженерия,4.9231
ca88c316deacdd7,control,,6.5742
1d5f9ad0cd412d8,control,,5.7602
ee385ed29fd22e9,test,,4.4565
1da00f921da063f,control,Бизнес и предпринимательство,5.0577
c719d0d147baeec,control,,4.5486
c3f2d1f8b0afb58,test,,6.1859
2a67de17992bf34,test,,3.7912
2190999b23f77f6,control,,3.567
a32d9e0a088d81a,control,Преподавание и обучение,4.863
eda95ce53e2c9fa,control,,6.7252
9b868d85a3a17b9,test,,4.8286
32ff9688be1108d,control,,3.7459
75e128866de00b1,test,,3.978
ff429ed082e80d0,control,Преподавание и обучение,3.9005
9d1780a54555744,control,,5.4849
5fa97fd1eba2a8a,test,Другое,5.0957
8c3dbcb60e90139,control,,4.0718
e346ffba66fd96d,control,,6.3042
6ee7fc43d837455,test,,6.6702
ebf5abced65c6a0,test,,5.427
e3dee3ed0b3ddb0,test,Разработка и инженерия,5.6543
1303cbb25ec9363,test,Управление командой,4.4063
bea94f7e56ee17d,control,,5.9674
51a45a869b3711d,control,,4.1415
e8a01e5bfa1a832,test,Разработка и инженерия,4.6441
59f332d3c0ffb85,test,,5.8961
7d38af496a5e96f,test,Бизнес и предпринимательство,5.3829
65b7d8444291b5a,test,,5.1601
ca3835a485b38c7,test,,6.3839
10f4508273a9736,test,Преподавание и обучение,2.8453
be65ea21146848b,control,Преподавание и обучение,4.0549
80679b513f021c2,test,,4.0377
c15d2282c0d04bf,test,Преподавание и обучение,5.2478
722c626696d1195,control,Преподавание и обучение,5.5834
c5681cbce81744c,control,,3.9886
a28bf312f6febfa,test,,4.4429
2ca61df33683558,control,Преподавание и обучение,5.1731
5a1cb4e392e1a4e,control,,6.8752
d6ed0a4ef06a82e,test,,5.8998
2346859a8c110f8,control,,6.5111
9a7e62158590e3c,test,,6.1961
fb89fcf6eec88a1,control,,4.106
5e3a133a1a04892,test,Преподавание и обучение,4.0392
1c8ccdf28a94250,control,Другое,4.9202
7617db2b3f54e3f,test,,4.3496
f102c20d1dfa67d,test,,5.5989
42b85e89d8e1aef,control,,5.4424
e2be235c9b9e32d,test,Преподавание и обучение,3.7577
6ad818b71aef568,control,,5.3791
fd785cfc666ae4a,test,,4.8568
dfe5c084f7b0f36,test,,2.165
87987944adbd9e1,test,,6.9173
da1923d7ddad883,test,,7.8211
33625fa44973e9a,test,Преподавание и обучение,3.9484
64447a9350596fd,test,,5.8139
8fe0d02fa488dc2,control,Преподавание и обучение,5.4429
9c9b4804f310781,test,,5.0735
9b5babf3da4d0bf,control,,2.9731
4c6991977c298d0,control,Преподавание и обучение,5.3377
9aaf6d5fa2502f8,test,Преподавание и обучение,5.8892
d90099c67151d0d,test,,4.6797
6c238fbdac2bd68,control,,3.1179
d0342bbe217b2ce,test,Преподавание и обучение,5.3728
9f3841859600c94,control,,3.3948
a072cc51f10e858,test,Преподавание и обучение,4.7697
5d9f96f0e3ec063,test,,3.1188
dbeba13bc793123,control,Разработка и инженерия,6.7571
63723350045c384,control,,4.2524
bbbab9d2f356754,test,Преподавание и обучение,5.0703
27e34ea5b140fe4,test,,3.2025
3188f395d75d9cf,test,Преподавание и обучение,5.9022
2d114c4822396b9,control,Аналитика и исследования,2.3227
a12a5c957cdaaf7,test,,6.7345
643bdfef4e91d66,test,,4.2941
f8dcc2888596fb5,control,,5.5998
b0b9809bec780a5,test,Преподавание и обучение,4.2072
5dd8fa3f639bb8e,control,,3.9517
3883843837773d9,control,Преподавание и обучение,2.7705
4361084cc78f9c9,test,,5.9979
724a3c8fd71fc0f,control,Преподавание и обучение,5.425
85c9e23b0a2b747,control,Дизайн,5.575
37cc84676365052,test,,5.5426
f0f60c4e78afc24,test,,4.5362
89e49aa85f3df68,control,Преподавание и обучение,4.6
449743c09f266ce,control,Дизайн,6.3417
f44eeded0cea753,control,,5.4472
455ad8fa43cf666,control,,3.9125
c0315b8cf7245ff,control,Преподавание и обучение,5.698
0f98dab042eb7d9,test,,6.4944
bed0954ed7c8ccf,test,Преподавание и обучение,4.6632
c930477a6c2b41f,control,Другое,6.0459
f61f7ad35acafdd,test,,4.9532
0472360236195d7,test,Преподавание и обучение,5.2263
1facc85cff09d55,control,,5.5762
8f016e0d01f9472,control,,4.5242
1ea6a1ba1dafcfd,test,,6.0083
4c194b2a2a3b0f3,control,,5.7876
caa63646a6ed837,control,,4.5031
efa3a0df0b38617,control,,5.3516
9e405c08405cdfe,test,,4.4611
05281acbc41649a,test,,5.7121
2195fce4f82469d,test,Преподавание и обучение,3.3178
df405c1c9e524b4,test,,4.8755
26816a0b9f2b459,test,,7.186
d14d802e0c4945a,control,Разработка и инженерия,5.3396
3cf8e08ebcc8038,test,Другое,4.8728
a59a28ac3b96aeb,control,Преподавание и обучение,5.8858
b1cd6c4280f34d7,test,,5.3772
865bcc16e3ae8bf,test,,5.3335
330aee6e53ad1c0,control,Преподавание и обучение,4.1316
39093a78758d44f,control,Преподавание и обучение,5.7319
cd3cf12bc5f9151,test,Преподавание и обучение,4.6084
3d73e09c1d812f4,control,Другое,5.3587
b184deb8bffc188,control,,5.1843
17a4b1fcd57e56c,control,Другое,4.9571
e5e93ff5a805155,control,,6.4746
85b38a577516f1b,control,,4.7555
0053ccc2fb1d73e,test,,3.8254
a09e4688ea45a30,test,,4.3372
42c9af32a4e5b7d,test,,4.7378
865057cec19de06,test,,4.8539
3f5cdf40120ced4,test,,6.2986
71e783af8d713db,test,Преподавание и обучение,5.7482
321281b18e9517d,control,,6.8761
9c0a5bb4ad370bd,test,,7.01
7919df6cdeb36e7,control,Другое,4.0371
c89cbc325b447ca,control,,4.0959
ba015e875db15f6,test,Преподавание и обучение,5.4251
18172bdfdad8495,control,,5.0677
da0e20aae7b32ba,test,,5.0192
308f597fd486f33,control,,7.1979
125c2d5041f35e8,control,,5.6504
b59720b95bacacb,control,,6.1084
133f6904b924a88,test,,4.6155
dc74720ca8fef0f,test,,6.3609
f352f74f491b04f,test,,5.7878
07d838061113703,test,,5.4896
bedf1731044220c,control,,6.9998
628661062a5a028,control,Разработка и инженерия,6.3863
9c3038e53b6a658,control,,5.1345
a9c41aab2368bb9,test,Преподавание и обучение,7.3913
09b127b947f6dac,test,Преподавание и обучение,4.0859
c7a3ca4f7b20b6f,test,Преподавание и обучение,4.1785
afd0b56acbbd6a1,control,,5.1148
0e5b08081c4430d,test,Другое,6.288
0770784340115a6,test,,6.6963
ca896a0073c3d02,test,Преподавание и обучение,3.2178
b26c9c5e6359d57,control,,4.6517
c80ca37c4d71efc,control,,6.4528
b95b2585730bd05,control,,4.9985
5811a8d321dff41,control,,5.492
26402b1c2b16369,test,,8.3268
b971b317ce0bc10,control,Преподавание и обучение,4.3334
fbff95401fbb865,test,Преподавание и обучение,5.2678
9062183fae7ef69,control,Преподавание и обучение,5.1314
9b0087d11be0227,test,,4.9968
1d83cb5b3318371,test,,5.2517
657ee1a42bf43f6,control,,4.8146
6f1b8ba4de3a28e,control,,4.9035
c89a925e9d90a4c,test,,4.8577
5a7518126f95968,control,Бизнес и предпринимательство,5.1857
aa4926ac2715af6,test,Преподавание и обучение,6.855
057abeae9c42c3e,test,,6.8912
85defcd6c9b865a,control,Преподавание и обучение,6.3475
504772da55833d7,test,Другое,6.8899
0ca252769f52791,test,Преподавание и обучение,4.1084
b4cf73309a6a5ab,test,Дизайн,5.6928
5342349ac6c4e9a,test,,4.2712
5331ea927c127a9,control,,4.9679
42606bd776c74b2,control,,3.1162
71e49780e7b7d2a,test,,6.1498
ca219979e474e33,test,,2.9328
9e614b76faafa89,control,,7.252
281da6c36766ca5,test,Преподавание и обучение,3.208
74a51c474fac68f,control,,4.1999
d7cd1a7a361b8aa,control,Преподавание и обучение,2.5418
0f48708a53ef1bc,test,Другое,8.2663
9dc753604aa80d7,test,,6.7871
4624cf24b1fcb3c,test,Другое,7.0459
e7cfb9cb3df5b1b,control,,8.2976
a354bd494f35a44,control,Преподавание и обучение,4.3909
883fce67d7e2768,test,Преподавание и обучение,5.273
fb6355a43b34e07,control,Преподавание и обучение,3.7617
53492d0a2f76f59,test,,6.535
89b4e4182faf534,test,,5.3163
a8fba839e65e507,test,,5.1753
7bec957a6bb19cf,control,,2.1825
d45fff0c9fe3bf3,control,Другое,4.2805
99bc124023f17bf,control,Преподавание и обучение,6.0967
ffcda44ce19c6b3,test,,4.7069
ac9caa8f292b442,test,Преподавание и обучение,6.1477
87c76e76995ebdc,test,,5.4949
7554b5fa52a8b18,control,,5.4363
df58278f8ab82ed,control,Другое,5.0656
a12b751bf78dd45,test,,4.0337
bd157743e825834,control,,4.2701
a9f90baea927c4b,control,,6.3812
10d3496bb453eac,test,Преподавание и обучение,5.6143
ed3c09686dbc832,test,Преподавание и обучение,5.4476
c29c0310b77b5ab,test,,4.6655
3f8712bd924e0aa,control,Управление командой,5.2759
a67d26cfc4f0b45,test,,5.661
1752bb83ae76b2b,control,,4.6235
ac7048c6c8a4977,test,,6.6132
494199ed3cdd0c4,test,,5.1937
56ad5bea415933a,control,Преподавание и обучение,5.8446
498412f5b94fc33,control,Преподавание и обучение,4.5193
7ad14d3e93d7b3f,control,Преподавание и обучение,4.5382
dfa0deae4a40493,control,Преподавание и обучение,2.8769
9b85f22a83f00a7,control,Другое,3.5042
6cad0ab116a2a55,control,,4.7269
53ae7b80c05095e,control,,5.0568
b798e267c16cc6e,control,,5.763
fd8770531b435a8,control,,6.3211
d63a0536d94418a,control,,6.7621
5436956d001340f,test,,5.2368
4b3e92a264f0a78,control,,5.3996
28cd69078d4d49d,test,,6.3416
e02745d6dfbf69a,test,,5.3724
893a853aaafed51,test,Управление командой,6.3163
bd2ac99f51b271a,control,,5.7816
29aff9739efcda8,control,,5.5689
af4abed91567e46,test,Преподавание и обучение,6.6233
848285f82f4cc14,test,,5.9715
3babb5fcf3e195e,test,Бизнес и предпринимательство,5.555
e9f40dbd0d86769,control,,4.6742
04d6016ec9992fe,test,Преподавание и обучение,4.8513
5014051ac051255,control,Дизайн,5.8765
d9cc38552b2e7ae,control,,5.8913
b30b99d1e69323a,test,Преподавание и обучение,1.7857
71c224a06b30c82,control,,5.8326
da3d8aa55e00f73,test,Преподавание и обучение,5.3067
57d75a806667eda,test,,3.1138
c85a2bb77da37a8,test,,6.2178
56ee7e739e11c82,control,,6.2718
082cb8b90d4a769,test,,5.8394
4f7be154358ad25,test,,6.5216
a59ea62beb8538c,test,,4.2934
c8505c034457e23,control,Преподавание и обучение,5.4677
72be2840c93cc05,control,,5.9995
525177653519158,test,,4.4313
32329748d3b8785,control,,6.5322
a34a285fb837d63,control,Преподавание и обучение,5.2275
89294b4583a7ef6,control,,6.0524
fd12b323b954e1a,control,,4.2317
1eb231ecc44f897,control,,4.6309
0debe27a80ed0ef,control,,4.2643
410585decc2934b,test,,4.4813
96d3461bb6326c6,control,,4.7055
37cc2163da6d13b,test,,3.6581
820cdebfa6e4fd8,control,Преподавание и обучение,5.5916
909dd08d0f28ca5,control,,4.9492
a36fc2c8d5d5cee,control,,5.642
d9d0e0d59cec733,control,,4.5033
9263da71f478ca0,control,,5.4863
9b8bccdc3d9ccad,control,,4.414
0955b0dde5519f7,control,,5.0253
e33503c3fb07f1b,test,Преподавание и обучение,6.6082
dd51c426da83613,control,,5.562
7bf06978c83e653,test,,4.6081
3655cb4b60cdd0b,test,Преподавание и обучение,4.5991
135952e211c1962,control,,6.246
3474e01dd009713,control,,5.9884
952e933779016b7,control,,5.5345
d53148d9afc99e8,test,,4.8329
86f864719b9d6fa,control,,3.4867
3da3719dd633258,control,,5.9423
96b1817b221e4a6,control,,6.1009
ad4e9125311ed97,test,,4.0085
66b6f9a90b1a671,test,Управление командой,7.4824
17286265232efd6,test,,6.2098
ff4293515089f9c,test,,5.3117
ab7eb9c8de6e2c6,test,Преподавание и обучение,6.9
335afa654adca0a,test,Другое,3.7234
b7ff2d0990d84b6,test,,5.5618
49c3829d1b334e5,test,Другое,6.358
05f445b7a675be7,test,Преподавание и обучение,3.8753
bce16ec6c1433f3,test,Преподавание и обучение,3.1743
dacc4f4c749c810,control,Дизайн,3.2408
a0a9b8000b1bf98,test,Преподавание и обучение,3.7571
7f8e289ae532357,control,,5.4543
d1ee5cf06413851,control,,5.2227
2b3eabdd73e523b,control,,4.2971
63c605df7939c52,test,Преподавание и обучение,4.8101
71b31d29ec66dc2,test,Управление продуктом,6.6331
c6627c4a2fe6f68,control,,5.7488
9f9a01851694074,control,,6.1888
e8e45637abeec18,control,,5.8372
7d7361e737b19b4,control,Преподавание и обучение,5.1563
4256a07d3c4f916,test,Другое,5.7173
c4463f731ce8661,test,,4.2682
6a81739367f1c41,test,Другое,5.1053
79fecacda321907,control,,4.6796
52bfe5a382e9b13,control,Преподавание и обучение,3.9496
b9d57828fb0b735,test,,4.3235
a9eb44182f350b6,test,Преподавание и обучение,3.6756
7903793f5bb7c33,control,,4.8203
39cb836c1b37182,control,,3.7178
6319efd1123385f,control,Преподавание и обучение,4.7185
f49249019d82120,control,,4.8557
5d39c71dc5027e3,control,,3.7906
ddea70ed977f0e2,test,,3.8688
9bff9e46d8e3eb1,test,,5.7729
fab0273b07f685b,control,Дизайн,5.5208
d63ef8c6ffba954,test,,3.9367
0371140ae90b615,control,,4.6656
3b12867693ecc0e,test,Преподавание и обучение,4.5169
01e3afa9e7f1534,control,Преподавание и обучение,5.6629
f4608f613308ecf,control,Управление командой,3.5417
04473d3478a9589,test,,5.4842
4d2226711067efd,control,Преподавание и обучение,4.9014
d936a325723da29,test,Преподавание и обучение,6.0559
52f7ff11a2f8905,control,,5.3361
9ba266768298f6e,test,,6.023
b5e62d6c0cd29c2,test,Преподавание и обучение,6.1634
a75fa7a9b19495c,control,,5.0652
031b6cc1c86dbd4,test,Преподавание и обучение,5.2793
b40c34481969bf5,control,Маркетинг и реклама,3.5892
909d4b61a9a6a67,control,,5.4787
bbe588384ed873f,test,,4.5124
a22cd16820956b0,test,,5.8265
c094b13de6e30df,control,,4.0808
a185a3acb162efd,test,,5.9153
e776575bcdd764d,control,Бизнес и предпринимательство,7.626
76bb364282b5418,test,,4.004
a2ee8d3cc2f85a0,control,,3.9244
85c04538b55845f,test,Преподавание и обучение,5.1028
9268b44ff2f95c8,control,,5.3665
1ec702e10f06ab1,control,,4.1533
87525f7de3da8d2,control,Преподавание и обучение,4.4884
2f73a896e4cf090,test,Преподавание и обучение,4.8363
98d50926f8fe42d,control,,6.5708
d1622f1c99bf9ff,test,,4.8669
e7658418da88362,test,,6.605
53bc8a7ea6e9fff,test,Преподавание и обучение,4.3191
0568540ae45d933,control,Преподавание и обучение,4.9116
2c2e96661fe53e9,control,Преподавание и обучение,5.9041
f628f1f81e6d7fe,control,,6.077
a8b0d659b427f98,test,Преподавание и обучение,5.8996
00eea689cc59d3c,test,,5.5195
53e829a6b15cde0,test,Преподавание и обучение,4.0741
f9eebea0e022e58,test,,6.0763
6c01860aba8b52a,test,,6.1275
29b7ff7fe950066,control,Преподавание и обучение,4.0895
e5c7a8c6e03deac,control,Преподавание и обучение,5.681
69e1fbaca4683da,control,,4.6639
c90939a5ccda1b9,control,Преподавание и обучение,5.1081
1c908f2d6eb6a46,test,,5.3038
2d3196974e04861,test,Разработка и инженерия,4.8688
6a6f4df902a9913,test,,5.46
81f1b3c2e10505f,control,Бизнес и предпринимательство,2.2766
7fd9c8a29bc100c,test,Преподавание и обучение,3.4625
e8c44d32de7ddba,control,,4.6843
5f365dbfb01ce8a,control,Преподавание и обучение,3.5105
5b04c56bdd92895,test,Преподавание и обучение,5.1694
f0dea242f8e2d81,test,Преподавание и обучение,3.9608
48b0a5f84e12455,test,,5.0918
952cd769b8b840f,test,Преподавание и обучение,5.1301
8c5eae0036ae684,test,Преподавание и обучение,7.036
e6fb4090e92a38c,test,,4.8947
1b696974c605011,control,,2.8657
37acd9dab020759,test,,5.0756
a9065e30f0838c3,control,,5.9825
262ce465ce67f16,control,,5.2494
6189c3156079a8f,control,,5.3422
ae1bc1c6bdf289a,control,,6.3224
26ccedbf935a47c,test,,5.4527
c64c7e1226ccd4e,test,Преподавание и обучение,7.0315
1d81bee01403530,test,,6.9578
37e011f0be140cc,control,,3.9992
a1fc6e3ddf3def9,control,,4.0139
a81e9375d030fad,test,Преподавание и обучение,5.0815
dfdbdfdd52ad47a,test,Другое,5.7363
ca1ac150c4966b4,test,,6.2505
90b592302189c88,test,Преподавание и обучение,5.7785
6bf2d261d75875c,control,,4.5711
b8be217dc568088,control,,4.535
1e6f0e7886b01c3,control,,6.4828
a7ad5298e89442f,test,Разработка и инженерия,5.5414
8471d8db475c575,control,Преподавание и обучение,6.0607
c3b15b674749b14,test,Преподавание и обучение,6.0496
8df929016acf0d2,test,,6.3813
295894622766621,test,Преподавание и обучение,5.1331
25560a9d77f8f72,test,Преподавание и обучение,6.3562
5f7b736dd549095,control,,5.6664
f7732b03ed1dcaa,test,,3.9863
1d27dd724c33d56,test,,3.9488
79982a0d79dfce0,test,,5.0411
8f2a0e2fad9e5c8,test,Преподавание и обучение,5.5459
72b0273c99c3595,control,Преподавание и обучение,4.9835
1fb9c65a346d9e1,test,,5.4923
85446a969aac8f6,test,Преподавание и обучение,4.4024
56d81bb229255e2,test,,3.6819
d5fdb4b32dddc7c,control,Преподавание и обучение,4.6238
1c8b64805d32071,control,Другое,3.7026
99cb63af4924c4f,test,Бизнес и предпринимательство,5.1649
025161fa7c1d938,control,,5.9732
80b955e9b5e81c3,test,,6.6576
04715475bf39470,control,,5.1022
e1452a0996c468b,control,,7.4877
27c9e89f68465ba,control,,3.7867
d21f207302dc565,control,,5.2353
32e38c55fb1c03c,control,,5.9158
ac20671cfb711dd,control,,4.1355
61f1ccbf7b36e6b,test,,6.0597
78ece4b55013d51,test,,6.8343
4f15540bd0d37fe,test,,3.5885
c3dd6a2187fae67,control,Преподавание и обучение,5.539
1316545617e5ca8,control,Преподавание и обучение,5.9584
590ab77f0f0a35a,test,,6.8538
c4fe5f0ef90e2d9,test,,5.6265
c4924716de7fa00,control,Другое,4.4489
2305a103dd72c11,control,Преподавание и обучение,4.7435
3a66264043186dc,test,,5.7383
278c36eaad89c92,control,,6.61
848123da6f18c62,test,,5.8035
a7c623d9c12a08d,test,,3.7369
89aba049e22aa84,test,Преподавание и обучение,3.7428
5f7d4e977779b14,control,,7.2739
4d2ed4e340efb01,test,Другое,5.2159
ddf1825eb1e87a0,test,,5.1824
7647101ddeb8397,test,,5.3483
39731dd0c1f307c,test,,4.6934
e60fd358fe6c353,test,Дизайн,5.0381
abc9ae91af3ba97,control,,5.6396
bd4f3360fc40980,test,Преподавание и обучение,4.6738
817fb0359aeaebe,test,Преподавание и обучение,4.8358
6f5396a2e463914,test,Управление командой,5.2832
828e0762047adeb,control,,5.4055
d8a4ad0ab47cc3c,control,Преподавание и обучение,4.7849
9965118c4ab4f54,test,,6.0901
4207816ec12cc91,test,Преподавание и обучение,7.0951
f353ef3ea72000b,control,,5.4053
254d2929a8fd92a,test,Преподавание и обучение,6.7078
2c9b9f3e1d4f563,control,,4.9283
433c2cb3d0d20f6,control,Преподавание и обучение,6.5327
cc2cb5f3729dd5d,test,,7.5146
4fa1bb83ef9a1e7,control,Преподавание и обучение,4.2501
f9007f7697b86a6,test,,6.5482
b33f5fb8ab158ad,test,,6.0424
dc561d362a68ef6,control,,3.1188
b7320d5ace509b3,control,,7.3049
774d4ed2f2653b1,control,,3.4937
9eea2117334cc82,test,,4.8431
72aa769df75f48e,control,Преподавание и обучение,4.845
9bafa9f6a64476f,test,,5.9185
a3bff6f08375f74,control,,3.9108
4690c8eac47cba7,test,,4.9384
7e0b61a4d010feb,control,Преподавание и обучение,5.9385
36cf06e10b27bab,control,Преподавание и обучение,3.7548
c64269ecd35b4d9,test,,3.9275
53916afe08ca82b,test,,4.162
ec1a99a28b4296b,test,,5.7599
da0d774853d0b75,control,,4.9963
2cb5a227564b5ec,test,Другое,6.0754
983650890ded331,test,Преподавание и обучение,6.0344
8b74a0755a6ebd7,test,,4.2992
f71cb8a7e4a6698,control,,4.3248
5c1a56c2ede7628,control,Дизайн,5.8555
098f7f7e3a57f91,control,,3.0952
f4e9f2e7179460f,control,,8.0259
fdbc135d2e0868a,test,,5.5232
6d4413770ad7823,control,Преподавание и обучение,6.4573
f5fdc1ffc70c003,test,Преподавание и обучение,4.6709
52ceb517828fe26,control,,4.2565
9197c320b6c5b59,test,Преподавание и обучение,6.0464
1e4d48403031642,control,,4.7472
456fedbab8165c8,control,Преподавание и обучение,5.4238
f59a3f927a9582d,control,,5.5168
ac162f133d7765d,test,,5.8466
6a29c23295e551e,test,,7.0885
fb31b5c850c6b29,test,,4.6573
45bacf819b061ec,test,,5.4792
be25dbd97cbe20b,control,Преподавание и обучение,4.651
bbbae90b624768d,test,,5.735
967e9acdee156b2,test,,6.4039
d70a5bde73502d8,control,,4.3371
85a349761cc8904,test,,6.0976
f0d96c159ed7e71,control,,4.9089
75037889247ff5d,control,Управление командой,3.6984
8d08e9da0788436,test,,6.1572
6ab3bba8a956128,control,Преподавание и обучение,4.9377
6acefe19bd5b2ea,test,Преподавание и обучение,4.7682
73346482f7862ce,test,,5.5097
22c1fb436c75f43,test,,5.3892
deb57b17dcda66c,test,,6.2755
7b21ef945a08a82,control,,6.0759
9298abe1e14cf97,test,,5.3183
738b72a26cfbf86,test,Преподавание и обучение,6.1875
f5ced5c66f4db54,control,,5.6717
70529b50b8d0f63,test,,6.2034
156fd2de54a21d8,control,Преподавание и обучение,6.1522
2a46d2c0b030bbe,test,Управление командой,5.0065
bc5793a6f4d36e5,control,,4.9087
740893581644214,control,,5.6896
0321e3a060be621,control,,5.0877
abeec89559c1797,control,,5.1452
04e5af7675bcffb,control,,5.1921
e00bdd537fc1b97,control,Управление продуктом,4.3538
890befa30e24c18,test,,6.2256
98608764755baac,control,,5.5054
6cf806bc1a0c622,test,,5.4036
128f06bd6bc5f1a,control,,4.2629
e6c55bffa3a2d25,control,,7.08
145cd97b08fcec4,test,,5.2205
a843fdb5a797b24,control,,5.7577
3cf18bb87b5bb2a,control,,4.783
638ddc4fd0202f3,control,Преподавание и обучение,4.1979
a590a272655533f,control,,5.6789
d254225ab1c5a93,control,Преподавание и обучение,4.197
fafe02e146d5e45,test,,6.6765
0956ca9912e8ac2,test,,6.0131
7340d01d78aad8a,test,Преподавание и обучение,3.5298
dedc859c4e902f3,test,Преподавание и обучение,4.6121
5b1daf060150737,test,,5.8898
454bd4b137f80d9,test,,5.5069
af751af34ace3c2,test,Преподавание и обучение,6.4604
5ee4681cd0b9eff,control,,3.6344
e66ae98b6020b18,control,Другое,5.7195
aef3d9765579a7d,control,Преподавание и обучение,4.8187
e89dfac50f8ffc1,control,Управление продуктом,5.2471
12763e16c2dfcf2,test,,4.9886
53d3e5479924339,control,Преподавание и обучение,4.3291
dfd0f5e086e77cc,test,,4.9817
7f93469520c17ee,test,,5.4414
e47bc5098b69fc0,test,,6.0247
44e53914790bd1f,control,,5.2195
22cd5ae2f3a87c8,control,Дизайн,6.8735
8715357d76b0652,control,,5.0217
6557f90f869142e,test,,4.9238
ae686cf569188d1,control,,5.4957
f8392935fb84592,test,,6.2488
7c8085f8733e4f1,control,,3.4378
b8beaa89ca204aa,test,,5.2137
2786e59c751cdad,test,,5.1513
961483b30240e6e,control,Преподавание и обучение,6.1687
501587cacea062c,test,Разработка и инженерия,5.0
bd3334690b4dde4,test,,5.0975
0075fd6c6358f11,test,,4.4676
f1878e58c093191,control,Другое,5.7938
dd59e0a75855bd4,test,Управление продуктом,6.0973
c393d4f64d22f65,test,,7.4677
6c187fabd8f0b57,test,,4.5238
a0b2fe870b96a30,control,,7.2707
dc072061a920b68,test,,5.0852
8cb37011e5bc94d,test,,4.2896
1f188953f9fa8ea,test,,6.1743
b3b413c94e902a1,test,,3.9218
968769229739243,control,Преподавание и обучение,5.7594
d02430187457479,test,Преподавание и обучение,5.4254
e84d9330541a522,test,Бизнес и предпринимательство,3.6882
53e2877fab6c373,control,,4.7569
93f2d8713b36169,test,,5.4715
c47611fb5415518,test,Преподавание и обучение,3.9818
01ae775ec82aad6,control,,5.3106
cb6dad1556b4591,control,Преподавание и обучение,4.5328
bf33512988b9247,test,Преподавание и обучение,5.3358
646a84ef04cff71,control,,6.9039
d58d81300866e75,test,,4.1095
2ab6ec825ca3884,test,,6.0187
0ca876ffd07ba50,control,Аналитика и исследования,7.5878
02810a5f9b4c673,test,,6.3152
0fd1f94752cff68,control,,4.2941
90327b0a9ee0a16,test,Управление командой,4.8479
64ed60a9b0950b0,test,,4.5605
adfda68d57a5cce,control,,3.5801
6f07985889f6340,test,,4.0904
ff25d5a9ab3bd36,test,,5.4148
543ea6925d03241,test,,5.5778
d586e776d007626,control,,3.3864
e302747c02c58c6,test,Разработка и инженерия,7.4297
136c6b46293cec1,control,,5.3693
8388612ae138dc0,test,,4.3542
afff954e770f600,test,,7.5638
853dc8a4cdf96fd,control,,5.3945
50d6723ec4c61c6,test,,6.0032
3e8bf3a562e276d,test,,4.2957
8f916831c4bf3bf,control,Преподавание и обучение,4.9855
4312851f6460fd1,control,,5.2826
1ceb5d70d8d8412,control,,3.7132
cb2d999641b74d6,control,Преподавание и обучение,6.1842
b481199731844ed,control,Преподавание и обучение,4.9713
39d6c006ff55711,test,,6.6746
a53de3560761b25,control,,6.747
59c3e020dd54803,test,,4.6807
7607e340b4353e2,control,Преподавание и обучение,3.7657
c3289aaf9869819,test,Преподавание и обучение,6.0384
ad44afc296ba74a,control,Преподавание и обучение,5.3218
74cf4458766a54c,test,,4.6689
442db29e68ed031,control,,6.1816
b720448c037d562,test,,4.105
073c6ac23de79ac,test,Преподавание и обучение,6.5969
6fea182855771ba,control,,4.0978
01b2aa5c2e41afd,control,,5.3356
e26550a75f25097,test,Преподавание и обучение,3.3397
8c7f61934ac8ee8,control,Финансы и консалтинг,3.8626
ae6cca998d9c528,control,,4.336
b2188d4ee19b9b0,control,,6.8181
24d38dcaed609ae,control,,4.625
268f828361fed90,control,,5.3493
42bea2e6f1827b4,control,Преподавание и обучение,6.1359
72ee12f4e01c9cb,test,Преподавание и обучение,5.8819
691a93e440281bd,test,,7.2214
68acc8f1042d030,test,,7.7188
fb9935542690439,control,,3.6807
be972c3165c283d,test,,4.8252
73423406ef525b2,control,Управление продуктом,4.1648
c52ce36c63e4d5d,control,,2.6516
1e66936de96ec36,control,,3.4765
c48d61e9cfece34,control,,3.3107
9edbf9c9424657e,test,Преподавание и обучение,6.4107
0da04b387a4678f,control,,5.5607
3d50adaeb24889b,control,,3.6435
36aed7498fbd20a,test,,4.5943
7abfca249661e93,test,,4.2472
b592cecb1d051bf,control,Разработка и инженерия,6.0988
455fb933d8d0531,test,,5.6552
220708b02c1ea07,test,Преподавание и обучение,3.2864
72962332d513d80,test,,8.0095
dcb671802e57411,control,,4.1492
45a29ec7bf8792d,test,Другое,4.63
0b432b61e3915dc,control,,7.2022
3e2a9605c42ca8f,test,,5.5896
ca551ddfc6a646c,control,Редактура и копирайтинг,6.9236
2037c0248194234,test,,6.0441
ac50701580e3b47,control,Маркетинг и реклама,5.6624
44f3437dbd8231e,control,,4.8416
9db4b93a550242a,test,,5.8137
8f1fb9a376119ac,test,Преподавание и обучение,5.4669
4ac97878ac133dc,control,Преподавание и обучение,5.371
4e0ac6f1a6fe38b,test,Другое,6.5516
21c2b1c352b84c4,control,,3.5954
7645e7c4f9d0e7c,test,,4.9217
b2cd9679842798d,control,,5.0377
001b4a5c3d71485,test,Преподавание и обучение,6.0091
a5743b5e367be15,test,Преподавание и обучение,5.3435
715edadd9925992,control,,5.839
558287eaba41b0e,control,,4.0621
c6598fb2d98537d,test,,4.5895
5f0ffc6e8d55a12,control,,5.517
7ea0ba0962a7ab0,control,,5.2328
6890877f1b09ded,test,,3.6498
ac20caf4a44984d,control,,5.4139
5b38f72a7c73208,test,Преподавание и обучение,4.3087
d96338d03f3b3ed,test,Разработка и инженерия,4.1527
97e433403de3379,control,,3.3297
734db51c10fde19,test,Маркетинг и реклама,6.888
44ea1e7dc3a9128,test,Преподавание и обучение,6.6533
7b2734a6f362feb,test,,6.6401
609e58ebba61e66,test,,4.4205
47a3a1a0ed32103,test,Дизайн,4.3112
1c8608d43e08075,test,,2.5217
ff4e984fb666f84,test,,7.7143
e1024733a3d1864,test,,6.8061
a37c14339d14ebf,control,,3.0203
1fcc80bad65397e,test,,4.2627
9d213c8f709cfa3,control,,2.1687
36cd862471190cd,test,Другое,5.7331
001516ba8dff4fa,test,Преподавание и обучение,6.3031
a34d15f93ad7619,test,Преподавание и обучение,7.1
f3e899686f353dd,test,,4.6231
f8b7529582cdee3,control,,5.5888
15c70c1669a9cea,control,,5.3155
6f4ad883d55a516,test,,3.8462
c6783487bb4b65a,control,Преподавание и обучение,5.837
3aa717aceede073,test,Преподавание и обучение,6.0574
06e2d998db534cf,control,,5.489
e42a50a9488cec3,control,,6.1785
1948af2e5a1af91,test,Разработка и инженерия,3.89
ee1918e2693943a,control,,3.7922
de348de6f613b71,control,Преподавание и обучение,6.1312
e5d45c33ade7003,control,,4.6672
bc416de56df9840,test,Преподавание и обучение,8.1491
548311624dfdfbc,control,,5.4777
912bf04be7282d0,control,Преподавание и обучение,5.6266
863ff7e57b5c978,control,Преподавание и обучение,5.8282
60065616252fd95,control,,4.5856
fa47221fda20864,test,,3.7348
4e131b8f31d31d4,test,Преподавание и обучение,3.9851
0d9baac3863605d,control,,3.0183
d1b32b927393884,control,Управление продуктом,4.9368
d67f7160434f1f1,test,Преподавание и обучение,5.4352
cfea0cfe740eb57,control,,5.1031
80d29a134b5d5c6,control,,5.9155
d047603ac329962,test,Другое,5.3856
e1ff13453cc33e0,control,,5.3031
3649fde36aee4b1,test,,2.7812
4c182ed6b807a75,control,,3.1014
c9bac125e28aa98,test,,6.0088
6a440dba8c53787,control,,3.974
cb574f2fc8cad4f,test,,5.3151
774ccc1eaad4590,control,Преподавание и обучение,5.8582
083953821c3d72f,test,Преподавание и обучение,5.1651
278764100d5b90a,control,,3.5753
203bfff9b6b00d3,control,,4.7656
7612a655ac4251f,control,,4.9294
e1b14c45b65c6df,control,,4.186
9578932fe5770cb,test,,5.0744
173ef0845476b99,test,Разработка и инженерия,4.0361
41c132f9214ab47,test,,3.1673
d43904a86af9e69,test,,4.5932
97af5d6364ac423,control,,5.5338
ef77bad4cb80030,test,Другое,5.4059
561156c98683b7e,control,Дизайн,3.1399
2ec6db095776038,control,,4.3604
1d8873eafe3a27b,test,,5.4736
a14aa644f5e877f,test,,5.8761
b1d75fb1bca308e,test,,6.0318
fc6ac0539bf3c0b,test,,6.2445
b4e4db8b0e08c6b,control,Преподавание и обучение,2.8254
e144b91aa7421ea,test,,5.5776
534defabf84e55c,test,,4.9175
8ef5e64a023fa84,test,,3.5214
05d4bf524cca5d2,test,,1.9939
69b1660320bf386,test,Преподавание и обучение,7.5436
a13ca57b2ed1208,control,,5.121
9332c04b0d73f8e,test,Преподавание и обучение,4.5414
c2f6c890f212fa7,test,,5.454
a1d1b099f87424f,test,,4.4275
7b15d206dec425d,control,,5.3427
02445bfdae6e360,test,,6.0361
4d51e9b12e95f0e,test,,5.0895
f4c9535d576e79c,test,,5.7923
b301f5085372b03,test,,5.8808
3c99c755bf23587,test,Преподавание и обучение,5.4547
35fa3a8b62592e0,test,Преподавание и обучение,5.0939
68980b66d8c1827,test,Преподавание и обучение,3.2296
512c2449065c038,control,Преподавание и обучение,5.8603
0e56bd1b2d2b2bb,test,Управление продуктом,5.957
cda622570f0c42b,test,Преподавание и обучение,4.5799
8a5c9afebca2621,control,,4.8271
1752e08b5fb17ac,control,Другое,7.1218
38290b371b385c4,control,Преподавание и обучение,4.8166
104eabb90c7c652,test,,7.091
5fc599a0a4226e5,control,,5.37
0acaf286498ba44,control,,5.7214
3f71c4d27b3fd3e,control,,4.1657
ae6fd46c87ffcf6,control,,5.7675
896896c7309ac92,test,Преподавание и обучение,3.6842
965791f81cd213c,control,,5.6404
4f80ba4ca7aab6e,test,,5.4116
264b10f54cc22aa,control,Преподавание и обучение,4.508
87c4b3c37063415,test,,6.5603
2ffc7675d7bb480,control,,5.7493
8d4534b697135fa,control,,4.2423
18e83367da97fe1,test,,6.7033
863a9507c90cd76,test,,3.8259
bdd1c85f649eb1e,test,Другое,7.742
bae55d001754094,test,Бизнес и предпринимательство,4.8099
69534e0312e5e8a,control,,5.2376
7cb7ead391903ed,control,,5.2627
22d714be6cb910c,test,Преподавание и обучение,3.8022
670d99fef94ce38,control,,6.6493
fe938f6a375f862,control,Преподавание и обучение,5.9505
cfeaa283fdc1c64,control,,5.1982
cdd0b6dbdd80bae,test,Преподавание и обучение,6.0626
97c0fca9606b47e,control,Преподавание и обучение,5.4684
e490fe77b43c660,control,,4.0938
cc2908d25f0d285,test,,6.4839
2efd86ce670984d,test,Бизнес и предпринимательство,3.5291
2869e8def3da560,test,,4.4833
76ad36f0f362650,test,,5.1178
48f6acee323b8eb,test,,5.1187
ecb36f7f6dba7ee,control,,6.635
4c80379ce025bea,test,Разработка и инженерия,3.0116
e3a30d4cc0f442b,test,,5.8803
826bd1758cd4a4b,test,,4.3523
04e24f81417ee07,test,,5.7134
b3ababf7fdb7586,test,,5.5269
ce456f074f5142d,control,Преподавание и обучение,3.9679
f58164d5c8f5650,test,Преподавание и обучение,2.7743
232a61e78c2b78a,test,,4.1893
64675096a52e341,control,Дизайн,5.3354
c45a8a243767375,test,Разработка и инженерия,4.8334
6e868702f39461a,control,,7.1938
a18d4c7cfc90968,control,,5.9796
a7f85488f96b013,test,,4.4418
54bbaaa948f83db,test,,4.4184
f8475d0ce045f53,control,Преподавание и обучение,3.9608
bd91374a8a112e4,test,Преподавание и обучение,4.2014
047b5d60f343517,control,Преподавание и обучение,4.875
f190c4aedfaacc9,test,,4.31
b5d5e832653d197,control,,5.6776
eb4c29ec53dbb7d,test,,5.8175
a3aabbeec9e9adb,control,,5.3829
e98c22851088ded,control,,6.489
ce14b8b27d8800a,test,,6.2217
b620e4d30576c8f,test,Преподавание и обучение,5.9182
e963f392f5a3635,control,,6.9164
29e99b2a6842c2f,control,,5.8229
ac25a583457f12a,test,,4.9824
4f827e6d5cbb957,control,,4.4217
a45f45a13c52e72,control,,3.5208
2083bda395c60b6,control,,4.4625
7043b8f4a5842ac,test,Преподавание и обучение,3.8161
24579d44ef12e05,test,,5.5438
fb384a2c0cb5be7,control,Преподавание и обучение,3.973
ae5c5484aee5a91,test,,4.5296
2fe56eb82e6b2b7,test,,4.6252
3a90d6d93eb0a88,control,Маркетинг и реклама,4.6785
b9cf8196f650bfc,test,,5.9635
c4dc811b3837c80,test,,5.5996
d2d4acb5de9e91c,control,Другое,6.509
254310ccfbf8029,control,,4.6806
e83efe852b9862a,control,,5.5714
223eb6de645d242,test,Преподавание и обучение,4.4909
387e56aaf3f5d3d,control,,5.2372
1f0dc003be56f45,control,,4.8757
f7b12a3fda6a6e9,control,,5.1677
f9db11dab327255,test,,3.8623
efa8756b1697ee9,test,,4.5916
c6e0d91428abd3b,control,Разработка и инженерия,4.1301
bf6de1c3a9a111a,test,,4.2676
e483fafbf3d8408,test,,4.6443
e6996002973d23c,test,Преподавание и обучение,4.5378
0a31ed32b93b43e,control,,5.7984
8f42b1c2d5f762b,test,Преподавание и обучение,5.7183
df05524566af42d,test,,6.9612
d360e8c856e606a,control,,6.2615
3419bec89fbcdd7,test,,7.1075
6a4df219555851b,control,,4.2392
1d5d39d756aa0b5,test,,8.4704
a365e5d2ac449d1,control,,6.3377
fc53e8cf4ddbb88,control,,3.5146
f179c711a5ec362,control,,4.9866
939ebbe95f58536,test,Преподавание и обучение,4.1117
1c448043e9cd7a9,control,,5.3976
48e5cfdd56b1262,control,Преподавание и обучение,7.0585
901d9a91685979c,test,,5.9644
6b721560859bb0e,test,,7.633
5c20c5221667b2f,test,,4.1043
c4d67df6bc5a14b,test,,4.5844
18df418267a47a4,test,,5.4685
d11e9fd5cbeb2b0,control,,3.8344
5e13af8a033aa3e,control,,4.3203
26135b7e9dafaf0,control,,4.9785
e4ff89521dc291c,test,,4.7051
545b6ea17b2f6af,control,,2.471
70c64bf37723005,test,Преподавание и обучение,4.4634
618f2ad51ecf69d,test,,6.1781
5276209c175b71f,test,,4.6604
ab24849e8af107f,control,,3.2379
93dee707ab3d22b,test,Преподавание и обучение,3.6132
a4274289e923625,test,Другое,5.1665
d9fc057126a737c,control,Бизнес и предпринимательство,5.3005
682744b151931de,test,Преподавание и обучение,5.5079
921905b37f070d3,control,Преподавание и обучение,7.1145
24591dfe12a8045,test,,6.3128
29217d2f2a0f711,test,Дизайн,4.6068
04612d88679a0ce,control,,5.1207
1494eb7b44c41cb,control,Преподавание и обучение,5.4509
a829ae1f643261e,test,,4.7406
b97efce2ee16bcd,control,Преподавание и обучение,4.7725
5e709c96dd80d4a,test,,6.9626
d733e78d13a5c05,test,,4.2692
661465010e490ad,control,Преподавание и обучение,4.7446
7c4058e8389e7c9,test,,7.0308
0f7d0c3699b6da1,control,,5.5778
cb96ee276c55063,test,,8.6378
28858a5ad19d5ae,control,,6.1938
8c341713bfa518e,control,,5.6174
038d99808837213,control,,6.6665
70d2aabc428392a,control,,5.9229
1033a8077e24757,test,,4.6861
a3b5a1da998a25e,control,,5.9102
2711a3cbc3afc59,test,Разработка и инженерия,5.7594
a14a1ae606de233,test,,8.0978
e287e9058f8c084,test,Преподавание и обучение,4.0494
9f33bc23c671fd5,control,,4.6651
2987c1cfdab6152,test,,6.1361
165aa4b5026d4e9,control,,3.0124
0671dc3f1d85285,control,,5.419
b488aea8a8f5bb7,control,,3.4423
addef878e3273d0,control,,5.6999
5aa79a28ec300e7,control,,6.0274
8b5a7febc405503,control,,5.106
14040e52b3e09d5,control,,5.3703
9fe8dcf5b7f7f30,control,,4.278
6c6a86542009e1c,test,,8.056
8b130ce9e2a2fad,control,Управление командой,3.7455
5dbc2ded619de4e,test,,5.2383
7a8b2f70c5d0a6b,test,,4.6617
1d65d0027762ee5,control,Преподавание и обучение,3.2364
6d2f604c044b33a,test,,5.5986
544e47d9fd04336,test,,4.2089
421c6b97628735b,control,,6.5251
d9495b7a0eaef78,control,,5.5228
bbf5b2a40572c57,test,Преподавание и обучение,7.0821
e43a8729a43aa03,control,,5.3938
1c6907fe9ebb558,control,,5.5988
79389563a8f03bb,control,,4.4522
ebb5af1accf2856,control,,6.1145
99840ea16fc4173,control,,4.4324
48f0e799de0d668,test,Преподавание и обучение,6.6834
99510b1130c7c73,test,,6.7476
a19186ef8fb6248,control,,5.301
4c75b91f995f0d2,control,Дизайн,3.7875
d9cee30fdac85f4,test,,4.4804
a3d7ab9e8c3b332,test,Преподавание и обучение,5.326
420ff00bd59a198,test,,6.2588
828705f582c05fe,control,,4.853
14257084761ceaa,test,,6.144
b60584b4c77e3c9,control,Бизнес и предпринимательство,5.9972
e4c82abe3a8a940,test,,4.6809
2a2e8a61190bbfe,control,,7.0387
ff756c36046ab7d,test,,6.596
f645a198110c9b8,test,,5.0774
0bcddf58e375044,control,,4.5085
6faed8e62bf83c1,control,,6.2672
6b2ac7ebb33c405,control,,6.1059
65b945d23a1505b,test,Преподавание и обучение,5.341
4a76e4d3d1826c3,control,,4.0768
f3e4c5b66494303,control,Преподавание и обучение,5.7094
78c43937e36e9e6,test,,5.6982
81541d075c03d3c,test,,5.4679
b54b045fcaa670d,test,Преподавание и обучение,4.1311
03001a29906e929,control,Другое,3.986
cf94788dd4aa95f,control,Другое,6.9155
eafb368e67b278a,test,,6.3976
f46267ac277f977,control,,6.4257
09a150a1355ae2c,test,,3.3477
e847adc6e037a33,control,,5.0445
fdf19dfefede222,test,,5.5677
2592e1cb1ac1c3b,control,,5.9326
22c7547172d44e3,test,,6.1891
183520076bfff55,test,,4.5007
44ab9fdcaa248a3,test,Преподавание и обучение,6.805
bd414279d515283,control,Преподавание и обучение,1.5119
ad71b3aeae53f44,test,Редактура и копирайтинг,3.534
bf8305d5006c8fd,control,,4.6444
608c142d01158e6,test,,5.5882
28a2e138a75d535,control,,5.8099
d464298600cf6df,control,Преподавание и обучение,4.882
78a5f2281cf3502,control,Преподавание и обучение,5.3852
234bf5a2217ed98,control,Другое,6.6973
3f96de126c4ef7f,control,,3.9972
a6108fccd8ccd9b,control,,5.5857
1d9695cd980ede7,test,Другое,6.2614
918c31fb8a51506,control,Преподавание и обучение,5.2572
1501d4d26677e39,control,,6.011
7a7d26a64d67971,control,Разработка и инженерия,3.8385
8ee2a65f38d8902,test,,5.9668
d3485d45783eea7,test,Преподавание и обучение,6.4366
b4d8eedb3604711,control,Преподавание и обучение,2.913
a33e53bbdee4f5e,control,,6.1758
23276c83a21bf8f,test,Преподавание и обучение,5.8357
4f075f82efff030,control,,4.6121
2002f5b901f75f5,test,,6.174
613877da11ba6ee,test,Преподавание и обучение,5.074
435ffec7bde0840,test,,4.6134
c7113bc76a2864b,test,,5.2959
6c886c907e8bd21,control,,3.9489
f248254ec3231f1,test,,5.1016
248f45fddfd0194,test,Преподавание и обучение,4.1434
dcc889ce4da360b,test,,5.2603
7ada764c3152b86,test,Преподавание и обучение,5.4639
32104b1bbb7fb77,control,,4.4352
a983206cfd0798b,control,Управление командой,6.1537
412330f351b5430,control,Преподавание и обучение,3.7879
df9b30bbcede4c7,test,,4.9111
8309703ea5778ad,control,,3.4361
956ba369968ede6,test,Преподавание и обучение,2.4118
1da46f25f4fdce7,control,Дизайн,3.5502
79b093bc2ba25e3,control,,3.0173
fde9f8ab5a924dd,control,Преподавание и обучение,6.6926
37fa192edd8ba0a,control,,4.1855
52d8cf4272f935f,control,,6.0074
df0d6b66b24af19,control,Преподавание и обучение,3.3027
b0de0155f012255,control,,5.2521
516b3845dac0ae2,test,,3.4826
e6fbce6088f7a75,control,,3.0522
c701788572a8067,test,,9.0812
7e5bfc4b5a1f91c,control,,4.7076
6993c78f97dd493,control,,4.8754
eae99d4cbc9abca,test,,4.3172
0deb5b4cf4ccd63,test,,6.3883
d1634ddd6507bfe,test,Преподавание и обучение,4.8116
93ed828f6b254d0,control,Преподавание и обучение,5.6821
031c7293cdddde9,control,,3.7282
d0d984c58a59d87,test,Преподавание и обучение,7.0064
a355c9939109c64,control,,5.0575
8b3792dd791fc5c,test,,3.7639
2f2e2bd990b05a2,test,,4.7072
d50b4d773e4a339,control,,5.619
ab28a5c96d2ef77,control,,4.2681
521ea485f755510,control,,6.4583
798121dec15fb0c,control,,4.4735
82e4e4d40e71b61,control,,6.4823
525a23d0db6517b,control,,5.253
1fe8fa6407156a2,test,Преподавание и обучение,3.988
36fcff59fb07fcc,test,,5.2954
8343d5ef7c4a017,control,Разработка и инженерия,5.1422
e700bb2b71bb65a,test,Преподавание и обучение,6.3394
6a20b1a05c2e1da,control,,4.7791
838305510447ebe,control,Дизайн,5.4351
80dcafa1169d18f,control,Преподавание и обучение,4.8695
ac8daf090f50b6d,control,,6.1163
354e8133b1be481,control,Преподавание и обучение,3.9012
f069bd27bee88d3,control,,3.8441
1e9fcf85f4a218d,control,,4.0236
f06204276355cef,control,Преподавание и обучение,4.4615
b0781b3bcfc9aba,test,Преподавание и обучение,5.3799
aff3e04820eb365,control,,5.5039
54cfa6c0afef6d0,test,,6.4066
ee48501a3e96e19,control,,4.3857
071694a48f5811f,test,,5.0542
4add967a3af0d70,control,,3.51
433bab205ef42f8,test,,7.4365
ec8c66bc86757bf,test,Преподавание и обучение,5.5214
ab1cbd7977ff94f,control,Преподавание и обучение,3.4673
72275ef59eec983,test,Преподавание и обучение,3.6408
0d9032faf29e23a,test,,6.1471
2d64e86c33253c1,test,Преподавание и обучение,4.6901
d859708ecbe4c9c,test,,3.9544
89b64af241f87af,control,Преподавание и обучение,5.4799
180a70e226590a7,control,,4.319
5b395a309e8a11a,control,Преподавание и обучение,5.3895
61b79a73031c4d9,control,,6.8453
d44c1f0079dff63,test,Преподавание и обучение,5.1717
493ec6eab7cc797,test,,5.103
b76af95f2fd3913,control,Разработка и инженерия,4.0129
59dd479a278e917,test,Другое,4.9672
c27f55d16903ec0,control,Преподавание и обучение,4.7571
36bae6f907c6411,test,Преподавание и обучение,6.2318
6a57b4ada765e8e,test,,4.3845
8c7daf97d271195,test,,3.5346
963d771473842c0,control,,3.9272
1f9f8e2911d3956,control,Другое,3.0944
996e06d5391ea40,test,Преподавание и обучение,5.6531
3e02e8260e8c52b,control,,4.4176
afa25329add9a03,control,Дизайн,4.2033
ff4cfddc3580291,test,,5.8745
13ce9c893d61fb2,test,,5.0222
aab00c2606528ec,test,,4.3962
a43f38c177f26be,test,Преподавание и обучение,6.6377
a21230d9c517cc4,test,,5.7502
1a1530dd5e1226e,control,,4.6333
e00abf5b219e72d,control,,4.908
1ea7f9398342112,control,Преподавание и обучение,1.4379
f225c5f14d83f38,test,Преподавание и обучение,5.8779
5261335c1c5a7ec,test,,3.4378
413227263ef1466,test,Преподавание и обучение,3.3103
f4a324d6d0e5014,control,,3.3797
9801e6bf5a41843,test,Аналитика и исследования,5.4889
e94399072746811,test,,3.8877
b16008df8096b51,control,Преподавание и обучение,2.6676
d108e035ce1c08b,test,,7.0049
38c5807778f6e52,control,,5.0075
ce2bd768c4e9fc3,test,,9.479
4bbf18cbe2d7254,control,Преподавание и обучение,2.9548
3aa619df25e9310,test,,6.8118
92a512a64c18931,test,Преподавание и обучение,6.3487
76f4dfb9d426b0c,control,,5.2174
e6a8b1e1723cf1b,test,Преподавание и обучение,6.2502
d539dcbac1ddb34,test,Преподавание и обучение,4.7443
75ec6b92990a42f,test,,6.099
4afb80d1b4ad38f,test,,5.3924
86422655cd3f2fa,test,Разработка и инженерия,5.6091
250762a64a17011,control,,4.4035
3868c97a5464198,test,Преподавание и обучение,6.7943
c94226d1a3164ab,control,,6.434
a5d42a2f54a4c70,test,,6.0594
6a4d0030f701625,test,Преподавание и обучение,4.383
6bccd5f5329282f,control,,2.2132
8d3b1700cd8ebcb,control,,4.8273
51b8d20e57a91eb,control,Преподавание и обучение,6.0752
5488244e4259a05,test,,3.7353
db1897f0b3bbad2,test,,5.4644
98289d87d70d890,control,Преподавание и обучение,4.2709
14bed28f3bde516,test,,5.7787
afe20ce596431d4,control,,5.6581
87b4c909156906c,control,,4.9515
1ed96a0577a73bc,control,Преподавание и обучение,5.2023
e2c8e6a760ffd67,control,,3.4451
d4badfe2aa0f0fd,control,,3.7492
75a691a4d18676f,test,,4.6591
4b83afcd58d2eb7,control,Преподавание и обучение,6.4629
33fa0b209edd3f3,control,Аналитика и исследования,4.1199
ef95fcf29173aca,test,,7.0943
5f4502a8d6ba60e,control,Преподавание и обучение,6.3615
0e3a7ca1620bb60,control,Преподавание и обучение,3.8298
1b699efbe7faa35,control,,6.1865
9e6f8f285067738,test,,5.5123
8e6e89faa2bb78e,test,,3.4464
890767a63b88aca,test,,4.9949
cbc397254dd37e7,control,Преподавание и обучение,5.4679
0dd6943ac57c6e7,control,Преподавание и обучение,4.2862
40c841d8da43448,test,,6.3208
dd7aa92ef735e6e,test,,4.5288
f6b51c115c3116f,test,,5.3555
b1500ed44fa3aaf,test,Преподавание и обучение,7.9821
2685de6495336ee,control,Преподавание и обучение,7.836
ea592ad4f1844e5,control,,4.3947
1891d315bdf0d3a,test,Управление командой,6.7993
9552aeb47de16ec,control,,5.0195
f2ee6c920f8f350,test,,7.2097
d2b60f63dae8432,test,,4.2164
6c921d0d7e87788,test,,5.5642
42b3547b5077287,test,,5.22
52217f1aa3f070f,control,,5.66
04a2d4a908b9e58,test,Преподавание и обучение,5.1547
0e47022d7a3e750,test,,4.7268
6f5737c4a084c5a,control,,5.4272
c098145c991a812,test,Преподавание и обучение,4.9158
fa6bb0b88b135ff,test,,2.0831
633386061de9c4a,control,,3.5482
2d1af35335dd9dd,test,,6.343
4403b08c4ef169e,control,,6.584
9e100ca032c18ff,test,,7.6527
db46a39a8a44c1d,test,Другое,3.0865
35d56b4188615db,test,Дизайн,5.2257
8329fb685a1d5d6,control,,6.8916
f47dcac5b1fefe1,control,,4.2426
7cf7057fd0a1bdd,control,Преподавание и обучение,4.8029
21a54b12f541ac9,test,,7.5604
961a9c01bf4e454,control,Преподавание и обучение,4.5286
e7a8774932fc609,test,,6.7921
e9a5ea55085fc84,test,Другое,5.8015
635537d2c3705f4,control,,3.9241
2ec057d95d6fe0c,control,,5.5742
34459796c3d54f9,control,,3.3767
9b7fb8574241089,control,,5.5215
7a71f1916ad9dc3,test,Преподавание и обучение,7.5486
d00844eec0b4004,test,,6.3121
62b102323a3664d,test,,5.1069
933ffd258a960d0,control,,5.3855
436c6d2b8197830,control,,5.5009
fc44568a5952b95,test,Преподавание и обучение,4.6287
5ae8388c65c44bf,test,,4.2568
1dc1c3d46eb071b,test,,6.5633
8aa52e6de07d213,control,,2.9646
579dd70c82be9d8,control,Преподавание и обучение,5.8302
93e3e5c25c39a33,test,Дизайн,7.3075
c2a32dc05c896be,control,Преподавание и обучение,4.7479
54d3822eefb4642,control,,4.7465
077b400579c2ae7,test,Преподавание и обучение,7.3064
62a88e67c34f239,control,,5.5333
b057d2f4ab0f33d,control,,5.0105
d57db95b26dee12,control,,4.9314
015f2199a295998,control,Преподавание и обучение,8.3899
8ee524b1756611b,control,Разработка и инженерия,4.6004
274bc5412c5cfdf,test,,4.6218
d3e7c4a22f3867e,test,,4.4039
b18e42bae7b2e9d,control,Преподавание и обучение,5.4999
455a444c0ad1ad9,test,,5.7687
d1fa1ab4e9da921,control,Преподавание и обучение,4.168
57d3024accad766,test,Аналитика и исследования,3.4579
c443c4afc075d63,test,,4.0459
a3521bc19542188,control,,3.2865
33abd85f6ab82d7,control,,3.5382
aa498d4fa91cc23,control,Преподавание и обучение,6.5229
9dbc63d478d3343,test,,3.3644
e745f806648a5f2,test,Преподавание и обучение,6.8022
95f10334eb1c84d,test,Преподавание и обучение,4.4351
5ee69cdbea98738,test,,5.2583
5367dedf8fed873,test,,4.5466
e500df973b0a9cf,control,Преподавание и обучение,4.1581
1cbe1ed1bdf5cb6,control,Преподавание и обучение,5.2388
6254bccec4a7235,control,Дизайн,6.0676
f348d7883c80fc7,control,,4.9206
5dff7e0e0846a74,control,Преподавание и обучение,6.4963
4c0b513020e5fed,test,,3.5422
f26593dd7363f8c,test,Преподавание и обучение,5.2752
aea8136e8a963ef,control,,3.4434
f77d31f244d6fda,test,,4.2068
ad85b3dd9edca86,test,,7.3053
952c8e98094b330,test,,2.9613
ead3db09dca25bd,control,,6.0071
5ffc749c498c859,test,Преподавание и обучение,6.2511
b5bdbfa073da30f,test,Другое,4.2406
4148c76f0220d62,control,,3.5527
46288baba9fd277,test,,5.0987
33c243947670f54,control,,5.3561
f710fd6b64d8d42,test,Бизнес и предпринимательство,5.5051
6b598522884240f,control,,6.0683
110f1d5fe7c0cd1,control,,3.9435
8275f9476e37d73,test,Преподавание и обучение,2.4865
bec21e17628da5b,control,,4.6562
d49963374aeb018,control,,3.6798
35d0e7d464eea52,control,Преподавание и обучение,7.2092
304e91128fc20d2,test,,6.0722
c126cc111fca559,control,,5.53
01ce6892c0b838e,test,,6.4141
02c9ebca048da0e,test,,3.8007
6d87597e844f5c5,control,Преподавание и обучение,7.3521
82ed35039631a5c,test,Преподавание и обучение,6.1128
ec0402faed414e6,control,,6.0703
fa7481426939c14,test,Преподавание и обучение,4.1191
c9e4a26e146355b,test,,5.949
c321b936efb8132,test,Бизнес и предпринимательство,7.0482
9836a4e6eb44486,test,,5.3217
2831e841cad3fc0,control,,5.0242
49c699402f6a90b,test,Преподавание и обучение,4.7785
8fcf6e66791ef71,test,Преподавание и обучение,5.2834
491aa417cb103e6,control,,4.619
dadcb3609494271,control,,5.8541
7ef36246b5cd709,control,Преподавание и обучение,4.9688
35f85027c306620,control,,4.1263
9b5b558f3d2c5dd,test,,4.545
ce2a2a47970f4cd,control,Преподавание и обучение,4.259
8e2317cddce5b4d,test,Другое,5.3142
0a723c1fb87dd5b,control,Другое,3.5935
462175e7eba9aa2,control,,4.9028
a40816a4d4ff625,control,,7.691
5fb88cbc020d40d,control,Преподавание и обучение,4.9062
70cae174a753a31,control,,7.4429
e53a74ebd232187,test,Преподавание и обучение,6.2282
d30dde0d2f4de61,control,,4.5699
3ce91a07581fad4,test,Дизайн,6.6196
9673f72b93c7494,control,,4.5435
74f4f3879edcf3f,test,Преподавание и обучение,5.3492
eea8a6cd3193447,control,,4.9754
f9c8e16d81b782b,control,Преподавание и обучение,5.206
e9462fba312e188,control,,3.4473
5fcbba7430ca30b,test,,4.2265
c0512ba8428feec,control,Преподавание и обучение,5.1766
25587b9d3b2757c,test,,6.0063
a94565939d6334c,control,Другое,3.4001
addf85eecd76f61,test,,5.7959
3e2a227510e2275,test,,4.2555
0d43f63c53bbd89,control,Преподавание и обучение,5.0343
df5c027c9f9387a,control,,3.6381
64f00a616e98f2e,test,,5.4107
c8d000098c8adcb,test,,5.449
0eb7bce1a0de888,test,,8.1076
d2b91651bbef3fd,control,,2.5964
1c1d552c0c266ae,test,Редактура и копирайтинг,6.8981
4225edd8869e64f,test,,4.5398
580922f5fe7e1b9,test,,4.9109
b8597c8a879bb42,control,,6.157
003eb4526ffeffd,test,Другое,4.4152
b36acaca13c65ed,control,Преподавание и обучение,7.0529
53ac3a5bd2ffdda,control,Преподавание и обучение,4.1744
e602847d38db39e,control,,6.0217
fc94b008c4e8bb3,control,,9.2308
cbc740da9fc4cf6,control,Преподавание и обучение,5.44
6cc015bbf146851,control,,7.0174
ba865411eaa54ab,control,Аналитика и исследования,5.081
53c481def961d6b,test,Преподавание и обучение,5.1399
6ba6cbc353a8720,control,Преподавание и обучение,6.0745
4ea1373def357e0,test,,5.9247
8aa88a8c1040ffa,test,,5.2798
a6638cdcaf87c19,control,,5.3258
8d1914bcb34c953,control,,3.9936
20976e4aec5d93a,test,,6.317
70346de9a6c1f17,control,,4.4597
887df7211274fb2,control,,6.0405
64d58030900fe48,test,,5.0767
6f890f9452b776b,test,,7.8048
920c7cea0e79292,test,,6.3458
b676fee1250ae80,control,Преподавание и обучение,5.6512
6e497be579e5f0f,test,,4.5351
252295448bff93b,control,Другое,4.5724
8685a00f9c51ac6,control,,2.5571
0bc38d0a818bf37,control,Преподавание и обучение,6.6633
e52875c6f21a28f,test,,5.9965
9451c58cc0b0dbe,test,,5.8887
63f0c898934d7f0,control,,5.433
1bd19fddeec88c3,control,,4.2139
92eafe7c7b426f2,control,,4.6569
26103034b9d6f39,test,,6.5795
4bc5f186540c2ee,test,Преподавание и обучение,6.5141
94ac0be0e4f64ed,control,Преподавание и обучение,5.6071
05a6d4baeb8691c,test,,4.4522
1ccb52a690f91c6,control,Редактура и копирайтинг,5.7574
9bf89ca5f41702c,control,Преподавание и обучение,6.5611
098ce82b8765858,test,Финансы и консалтинг,4.4339
f802c6705ed8cc8,control,,5.6975
494ff0694b9f536,control,,4.7273
3fbecf915b14e2f,test,Преподавание и обучение,3.7603
e0c42ed974252ec,test,Дизайн,6.2227
812c726dccb924b,test,,5.2112
042c5f0aa8a218e,test,Преподавание и обучение,6.4084
936015f832a8554,control,,4.6392
a58990a2ec2e91d,test,,6.6284
051119bafb300e7,control,,5.3924
e1ade8d228ba082,control,,5.3596
694c19425f5657f,control,,5.6195
4bfc9f49c6bcf0e,control,Преподавание и обучение,5.7622
82781b0a8862216,control,,4.6698
1eb864a199f4e86,control,,3.4878
9075f629df918f1,test,Преподавание и обучение,4.5659
4686b734c6fb1cf,test,,4.0844
b6a0b88884b39e7,control,,4.2632
66e438844ce8606,control,,3.853
c42b3d5259381f9,control,,5.9793
ee7c0e0acb5937a,test,Другое,4.6505
00eff0f27d1109b,test,,5.7432
3997308a56597b9,test,Преподавание и обучение,6.2079
917c3aeca8ddb1b,test,Управление продуктом,7.7788
2efc8fa0f95099c,control,Разработка и инженерия,5.6029
d705a4acdb61e4a,control,,4.5299
7a1739bc8a5a13f,test,,3.296
c5022a6525270c6,control,,6.2743
cc2fde550c96c7a,test,,6.2681
d54e67d439a5c2a,control,,3.4264
15c92c26549201e,test,,3.7795
ac50cbd0ae54818,control,,3.6095
1c5c106770df092,control,,4.3625
97e20d987c56dd6,test,,5.7175
384d2c02f0c2936,control,,5.2584
38e996bd104751f,test,,4.296
a48e764672adc70,control,,3.2112
b5d8765f00e47ed,test,Преподавание и обучение,4.7348
4630943b075b06f,test,,4.6147
bb9f3e0bbad67c3,test,Преподавание и обучение,6.0801
aad2f320b3ad965,control,Аналитика и исследования,3.1843
ee3a9a0695d720d,control,Преподавание и обучение,6.3064
2d6bec60927fcfc,test,Бизнес и предпринимательство,3.9289
244055cf9f8fead,control,Преподавание и обучение,5.0012
2bc573f4466cb34,test,,5.5632
3dcb1cce1551b79,test,,6.8443
63c207e63afb1a5,control,Преподавание и обучение,5.4091
c8ce9f2f99564ed,control,,6.1466
317f6fadf3aa534,test,,4.8551
4364d53e2f44242,control,,4.9193
450e9f62db6b5e0,control,,4.9666
8fe9ccbf7e51fa1,control,,4.9434
777d778a76898e4,test,,5.4176
9d9228eb282c00b,control,,3.5005
ff7761c100ebeb7,control,,6.1593
aee0c203f6502a2,control,,6.433
8efd7746a6951c8,test,,5.1874
b549447d6d3793f,control,,4.6074
4bfade6971aade8,test,,6.1938
1e4a3e4bd858805,control,,4.0599
c4cc4cce908c23b,control,Преподавание и обучение,5.4089
7c12d916b68f800,control,,3.7792
953c025cf089b0e,test,Преподавание и обучение,4.3998
6c860afd4ebf988,test,,6.4167
841cc891a6e0455,test,Преподавание и обучение,4.0089
63ff354372853f0,test,,8.5188
6452d7f6465f8f6,control,,6.4603
2770c036bd118b5,test,Преподавание и обучение,5.9754
fc020afe59bdda0,test,Разработка и инженерия,6.3857
468ff09e17d83b6,control,Преподавание и обучение,2.7116
ef5cf4386d564b8,control,,3.7406
a89a381cb8fcb21,control,,6.7013
4d5411c94a0047d,control,Редактура и копирайтинг,5.3099
fe3a1a31a67a389,control,,5.8804
fa82bd7d659ec02,test,Преподавание и обучение,6.3718
e881dbdb688de79,control,,4.9882
e78f8af31410104,test,,4.6899
0c26c2f17ddde1c,test,Преподавание и обучение,6.3674
fd0727d89878e08,test,Другое,7.1356
b7bf61e68f519b0,control,Преподавание и обучение,4.3152
f022917270f0477,test,,4.6817
e73f86b4162c34d,test,Преподавание и обучение,6.0213
f57af97e2427ec6,test,,5.2852
fddc0dff1fe335f,control,Преподавание и обучение,3.4694
77110b23047a224,test,Преподавание и обучение,4.543
0421c8006ed6293,test,Преподавание и обучение,6.1881
840cfff75cc9ad6,test,Преподавание и обучение,5.7744
441dae0479e4310,control,Преподавание и обучение,6.5338
7628e96e382ccc0,test,,3.1925
90c7482a6c7671d,control,Преподавание и обучение,3.4958
fc1ba7a270aee6b,test,Преподавание и обучение,6.3437
c2733c06d025735,control,,5.5847
a26ce16d95a26e2,test,,3.8057
245fa928d81b0ae,test,,6.7904
f83d3f7caa8987e,test,,6.9383
91c3165d1ff768d,test,Преподавание и обучение,4.4078
01beb78e2731724,control,,6.4156
db674de748dc1eb,test,Преподавание и обучение,4.403
88536693c41283d,test,,4.3263
a3293b474978092,test,Преподавание и обучение,5.7888
6ab03f4f9853a98,test,Поддержка и сервис,5.2868
1f4aeabfec30b1f,control,,6.6563
aa4fb90dbbd0335,test,,6.7093
1c6d4de61b2c5c6,test,,5.2646
8bfc1b55a2aef06,test,,5.6346
2956231f10a150a,test,Разработка и инженерия,6.592
0f64b628d22290c,test,,4.6534
395f9cadecd84eb,test,Другое,7.0513
cca9ae59171ad12,control,Преподавание и обучение,5.3307
2b48738d7de825b,control,,2.5592
287a3aeb911c943,control,,4.6067
a915a46dc0131e4,test,,7.7121
467a86fada06ddf,test,,4.0799
727e69805272306,test,Преподавание и обучение,5.7647
58d51b043921a13,test,Преподавание и обучение,5.1583
16f95d5c8346759,test,,4.4971
5c3367c658eaf23,test,,4.455
a2d041a968cfdba,test,Преподавание и обучение,5.9696
01fd6831b4d9a52,test,,5.3181
e01776bc4b259ab,control,,4.1127
c8194ebaa37c661,test,,5.6567
8d39b93a55c13e0,test,Преподавание и обучение,5.8727
432e1a66dbca536,test,,6.1083
61af497e13767ff,control,,6.0794
0544552f4d84152,test,Преподавание и обучение,5.5571
46cd59164f49028,test,,3.557
ebda1902434eae2,control,,4.638
df9333379bedfd0,test,,6.0041
48e8eeab06e3499,test,,5.1285
d0579dbd3181344,control,Преподавание и обучение,7.5522
6c02dc268723ea2,test,Преподавание и обучение,6.9956
0007773a616a67f,control,,6.1732
3c8ecfd78a182b4,control,,6.8444
6026f8c60c2083a,test,,4.6105
a89c1aab8404f14,test,Преподавание и обучение,4.5683
343d1ff48aad780,test,Преподавание и обучение,6.0097
6c30a62c5b18ef8,control,Другое,5.4034
b9b9b42f1abe229,control,,4.3942
86f8668703f0a97,test,,5.304
73439c0481f82c6,test,Другое,4.6748
5eb307ac7b7bc45,test,,6.5384
ca18f4b83a0ccb7,control,,5.8888
3fbdfb1626437e5,control,Преподавание и обучение,3.7565
6229eb8a35b2beb,test,,5.3583
09a3741a0aefad4,test,,5.0822
956ec05cda02c9f,control,,4.47
965e5bb701469a2,control,,4.4909
cc36dc4f1a3c732,control,,5.4106
df3cfe85c4a268f,control,,5.1918
f6140cf275cffed,test,,4.7115
fd389aadaa6fbad,test,Другое,3.3406
267a0ccfd35c315,control,Дизайн,4.102
5a9d09f5e9c221b,control,Преподавание и обучение,2.0646
1ce893ad3d242c5,control,,4.1548
9e28dc640f5764e,test,,4.4622
9cf7dcdef306ab3,test,,3.7629
a86b96ba8a15679,control,,4.3758
afbd7f22fe140f1,test,,5.8651
4bfaca5b21937a2,test,,4.4654
48a8292a39d29bc,control,Преподавание и обучение,6.5021
163747e2fd7b23c,test,Другое,6.416
415a6acd84e5b4a,control,,6.4807
3e1ddf7cb8e3b1c,test,,6.4936
7166239f205b938,control,Преподавание и обучение,2.6044
bd5a036ed00ffe7,control,,4.3781
de48ccfe9c85d6c,test,Преподавание и обучение,5.003
22d533c46bac3d9,test,Другое,5.8575
0134f9e943e8812,test,,5.1869
8bf08d4d014b868,test,,7.728
116a11a6eba7275,control,,4.9161
dd4c6c2d3aa5bf1,test,Преподавание и обучение,6.0176
71f6fa9dce45b72,test,,5.7627
94cf8c3ee41edc5,test,,7.3675
5322e0afebfd2bd,control,,3.6538
e2d0424f0c0c32c,test,,6.8665
7955c01a6026854,control,,5.2745
13b31790b9cdc83,test,Дизайн,4.5645
16de7243363b365,test,,4.9042
ffc5e67424288b6,control,,4.6159
c286d6a50edff97,test,,5.9244
50bf44fed962d14,control,Поддержка и сервис,4.2198
307be8e706dc5d1,test,Другое,6.4659
e7e31893cf5d38c,test,Преподавание и обучение,5.4877
f14cddecb351c0b,control,Преподавание и обучение,4.0145
126866b40af4170,control,Преподавание и обучение,6.3386
cd90e6accefc5ea,control,,6.692
7c9a21406936f3a,control,Преподавание и обучение,6.2078
2896992aaf21b67,test,Преподавание и обучение,4.0814
b1bd7a5b0cbed49,test,,6.5095
553bc998cb88dcf,test,,6.3642
1f4b2a93941b32e,control,,5.4913
670b2bb5654cb04,control,,5.3171
c3dcac688c039e7,test,,7.5759
0d3e527a002c158,test,Преподавание и обучение,4.9492
5b0c0f3c9141474,test,Преподавание и обучение,4.2137
5212c7150eb6448,control,Разработка и инженерия,3.8717
05c82ce529ed9cb,test,,6.5991
9fe748b26055017,test,Преподавание и обучение,4.9984
eec603eb6ffb697,test,,4.1616
f51a05eff38199b,control,,4.1701
48bcb1616956759,test,Преподавание и обучение,4.9466
7e1bc6b3ec7a52a,control,,5.9276
25cea425d006f04,test,,4.7528
ce33a6021b76589,test,Преподавание и обучение,6.858
ede8552c206a9fb,test,,6.5951
c5749ad7f08e1d4,control,,4.2659
963107e33e3fa55,test,Преподавание и обучение,2.711
e48ae59fe895ff2,control,Преподавание и обучение,4.3147
94bd660dfc35d2f,test,,4.5564
09eb24bf005d157,test,,5.9985
d963d63473aa5d6,test,Преподавание и обучение,5.4315
893650492d3a033,control,Преподавание и обучение,3.2487
cc6f0cf489c1adb,control,Преподавание и обучение,4.4934
6a5bf18101e487b,test,,6.3935
3e34590ced4c28b,control,Преподавание и обучение,5.803
b2c21d835736485,test,Преподавание и обучение,3.4804
5283cf4c24b4435,control,,4.191
ee4d77bf2c39a7e,control,Дизайн,6.278
d99be43d3f52d8e,control,,4.8482
af1f12278ae5cd8,control,,2.836
db92f69945c49e3,control,Преподавание и обучение,6.7556
b3bf3aefab3ca02,control,,4.7102
dd859c89874d21f,control,,4.1686
95eca81aa164dd8,test,,4.3758
57cc4e3e3455874,control,Преподавание и обучение,5.0267
a25cf5db418c450,control,Преподавание и обучение,5.4395
563eef2f758f2dc,control,Дизайн,4.7745
c56a1a05c29d4f7,control,,4.5801
f3af8fd8952f2d8,control,,3.3989
73a977bc33f7521,control,,4.3878
2d8aef473820884,control,Дизайн,3.6534
a7b511f68fbc723,test,,4.7358
07db6b8e6f22c89,control,Преподавание и обучение,7.0905
081a80078d320ca,test,Преподавание и обучение,4.3225
5b939657f495996,test,,4.4841
8adc8a3f7e190f9,control,,6.012
ead9669b62f22de,control,Другое,5.6185
fc43758aa8b33da,control,,4.5154
41cb477eb45b446,control,,3.7022
1c4a03442114132,test,,7.6816
3e3cfc9d8bd6765,control,,5.6383
ccbb2723251cc5b,control,Бизнес и предпринимательство,4.7071
e0b9e4f89f25b0e,test,,3.8627
a11143f8a71c468,test,,4.9335
67f3e592fe8a5b6,control,Аналитика и исследования,5.9664
1b76134e1ffe7b2,control,,4.2362
8cdf268921b73ea,test,,5.4596
8794443b2fff41b,test,,4.9924
8e0d5e675bef8bd,control,Другое,4.769
5dc11adcf279ac5,test,Преподавание и обучение,5.1226
4f4f481b673e0ba,test,,4.4473
66f055e17c42904,control,,3.9065
19a822521324a61,test,Управление продуктом,4.111
57fe16481db0394,control,,4.3535
0916da384b49432,control,,4.9044
7d223b2b263e157,test,Преподавание и обучение,6.6363
0bf5341beb7b59c,test,Преподавание и обучение,4.1333
7bd94a6a26c291e,test,,4.9351
130b2dfcc097748,test,,4.8836
0dbb1dab9ec6b1f,control,,5.532
f78025610f7225b,control,,6.0358
528c0fb26c165e0,control,,4.7766
d7ea590eec8b519,control,,7.9238
9c6545c1c801f34,control,Другое,4.8253
09a1bf91ce72f27,control,Дизайн,5.9709
45cae4704679566,test,Преподавание и обучение,5.8884
22a8d9a4f679097,control,Преподавание и обучение,6.4189
18a7055d089292b,control,,3.6578
c935d03fcfc4259,control,Преподавание и обучение,5.6637
c2805f3ca0269a8,test,Финансы и консалтинг,4.8848
96bab2825a5de7d,control,Преподавание и обучение,4.2277
c5e6aae1e6d9e4c,control,Преподавание и обучение,5.0463
8a45a807728e1e5,control,,4.3358
df42a43cdba7734,control,,5.6172
1bee4f62c41f469,control,,4.1692
10399eb42e34721,test,,3.7497
138a1c5151c62bd,control,,3.8004
977416bb852a3d2,test,Управление командой,6.935
9975b802d606697,test,Разработка и инженерия,5.6514
c46f259070ba0da,control,,4.4702
f693bd4edc4cf9e,control,Преподавание и обучение,4.2232
66bed6754b10ed1,control,Дизайн,4.7727
d3e75b5be5a9820,test,,5.2091
fb9d35da4c90d48,test,,6.7625
b1404a0879f8cac,control,Преподавание и обучение,5.248
54bed13586fe5b6,control,,3.7278
9440eeaeae3b18d,control,,5.4434
523b0257128f21a,control,Преподавание и обучение,5.8473
658cbe35513919f,control,,3.9206
8713ab88ad9ce7e,control,Преподавание и обучение,3.8721
09d074f4e947565,control,Преподавание и обучение,6.6374
117c782497cb204,control,,6.5673
e58b369045eddc1,control,Преподавание и обучение,4.3206
d5de369ce66fb0a,control,,3.984
8aac65b9be2e1e0,control,,5.0645
3a268f7396455c7,control,,6.8951
85b28c9ef65c45d,control,Управление командой,4.3014
7911cb876ae3f05,test,,6.2459
121619d5b4b9c21,control,,6.1511
9066cbf3f0a1137,control,,5.7961
32d76844a0449f9,control,Преподавание и обучение,4.9463
23eb8cd0ae2076d,test,Преподавание и обучение,2.9854
24039ee43811969,control,,5.7075
52edf12989c5f65,control,Преподавание и обучение,5.6255
de611f2d5dafcfb,test,Управление командой,5.8914
b47f8bf49796792,control,Преподавание и обучение,4.8587
36d736f1b0ef4ab,control,,4.2255
654f0f377cf73e0,control,,5.0418
126f2cbfbc392a9,control,,4.3543
3ef7a6e67efd9f6,control,,4.3805
dd8382c5a5519f3,control,Преподавание и обучение,5.1293
037b98d6c241a5c,control,Преподавание и обучение,6.5377
10994ea6aa9ce70,control,,6.0104
bbc87b7b916a1aa,control,,4.1115
2d03f62b84ed08f,test,,4.6187
80a16eb7b40c9a2,control,,4.7338
98ececeb3122625,test,,3.8609
17a23d45019c15d,control,Преподавание и обучение,5.2441
14d5ff0c9588bff,test,Другое,6.7154
b76d4fca610d249,test,,3.5853
c02fa4f5a92ef60,control,,6.1106
00663e9eda5f515,test,,5.3947
00b955d128fa250,control,Преподавание и обучение,3.6011
2c6625b30ba7d5c,test,,6.0507
f615568289f2911,control,Преподавание и обучение,5.0372
f51e93d1c029364,control,,4.3755
9d9db942e7abb6f,control,,4.6081
2d4e38aab22ba11,test,,5.8559
3e5f17407f76531,control,,5.2326
89d8973acbf56ce,test,Управление продуктом,4.6438
0cd0ac7ceeb7ce0,test,,5.9357
d2b54f5ad013674,test,Преподавание и обучение,4.4441
b08434c3e743fe4,test,Маркетинг и реклама,6.0125
bb1674970452e6d,control,,4.0031
d80c5be22c3890c,control,Преподавание и обучение,4.6913
0feafb4d42b3be8,control,Управление командой,2.9291
1f599dadfa35ab2,test,,3.7784
84e4d4d89e441ab,test,Преподавание и обучение,5.9856
d27959d67a9bcf1,control,Преподавание и обучение,4.7782
ac041d143e3e642,test,Преподавание и обучение,5.0028
fceca102a5c4a10,control,Преподавание и обучение,5.852
9c3ba01b7810f1d,test,,6.5924
9dfe3fd3088a4e2,control,,6.4689
3d7688a5e6c1d42,test,,3.1226
e5f7fbb61b96da0,control,,5.6117
e40e6a201ccc05f,test,,4.971
6f4823dd027d27f,control,,5.2216
96b282524667a25,test,Преподавание и обучение,5.9867
62178177c7179ee,control,,5.2358
07f2b1c7b452971,test,Разработка и инженерия,4.9231
f6d97a5fe92faf0,test,,4.8074
6dbd80257d992c8,test,,3.9116
0aea425cd19702e,control,Преподавание и обучение,6.7135
4436a59718c18f9,control,,4.8691
04401715b11894e,test,,6.0111
96e510dee50486f,control,,4.3916
6e399e6fd918c7a,control,Другое,4.9371
527796cdf27e7c3,test,,4.9847
d34c18a6d7b6906,test,,6.7816
1d53cfefcc11e28,control,,4.3503
6200ff8f9604164,control,,4.5303
66f93617195b4c2,test,Другое,4.7967
f71f6dc00c4a753,test,Другое,3.7391
5ddb579ef07a701,control,Разработка и инженерия,5.536
567ce3ffdbe88c9,test,,7.204
627086b65036a81,test,Преподавание и обучение,6.4032
154750ce30b48ed,control,,5.0089
c11a730b7b60fa0,test,,6.3451
d7de8df8ca15741,control,,5.1715
91406eefe45affd,control,Управление командой,4.9495
b9a08f0389e35b2,test,,4.1694
226c609d6a23a97,control,,5.6042
6f4f4486e755e5a,test,,3.2167
c4d1e61d6b34c11,control,,4.949
fc9be90ef3c99e4,control,,3.8858
3bdc4b7ca7f8afc,control,,3.5859
2b1c275fcc790b5,control,,6.6449
06458136fbbbcc7,test,,5.0675
e27c2514d105eae,control,,5.4099
8b60db68c135c7a,test,Преподавание и обучение,4.5742
1ec40b117866ddd,control,,3.3749
ac5e9c13bcb74ba,test,Другое,3.8486
d335c10829f4a1d,control,,4.9402
65bb92338085a7c,control,,3.5684
3ff49b62e33fca6,test,,4.2096
752da3e87f5d6f6,test,,4.6753
d080a635a265258,control,,4.9429
63738252d248e19,control,,5.5098
4ba297687e8062a,test,Преподавание и обучение,6.5266
13250c40fd1b048,control,,3.3303
967af885b924286,test,Преподавание и обучение,4.2892
7726b14de51abe6,test,Финансы и консалтинг,4.6853
0023868863585e8,test,Бизнес и предпринимательство,4.953
f96cb2257936d9d,test,Преподавание и обучение,3.9072
d014def922e0b6f,control,Бизнес и предпринимательство,7.3099
b0c3e8c6bd30620,control,,5.5562
c280e38647a6499,control,Преподавание и обучение,6.0412
06788c38c3684fe,test,,2.6817
d0b181579bec009,test,Преподавание и обучение,5.4568
59217cabc25bb36,control,Преподавание и обучение,4.3195
2293c41bb995e99,control,,4.0777
a475bc6b9283083,control,Преподавание и обучение,6.0018
89bb177022c4452,control,Преподавание и обучение,5.0769
81fd98072a843e7,control,Преподавание и обучение,5.8047
c0f6592ca931d24,control,,4.4299
7bd1b93695836c0,control,,2.657
0d5556108e6f0c4,test,,8.5319
50b803b43abd575,test,,5.6
919c1451dbd072b,control,Бизнес и предпринимательство,4.116
dd192a18ff87c2d,control,,3.9411
cfc45ca259edc17,test,Преподавание и обучение,5.4739
5ff38bb74f3e8cb,control,,4.6885
809737901dcc552,test,Аналитика и исследования,4.5956
ce4760fcd2a327c,test,Преподавание и обучение,5.3099
e15cf4df6e528be,control,,5.5699
7519b245fa64e02,control,,2.6369
c183df4090dd380,control,,6.5645
5d3d61ff5947293,control,,7.5165
4ea3ea274bb9c04,control,Преподавание и обучение,6.4443
6cd20d0f52d9a75,control,Преподавание и обучение,6.3302
c53c7ee8169f53a,control,,4.8632
b08adc339943af4,control,,3.9044
04f3dcb711d501f,test,,5.3751
94477f2a3579121,test,,7.4809
d581699072563a7,control,,5.7352
b5293409ca12045,test,,7.7865
01117c6fce710c1,test,,5.0379
6db1ceb77b4e916,test,Преподавание и обучение,7.4619
1b5b24b7a610ada,control,Преподавание и обучение,5.1459
b9ac822f75b1309,test,,7.7444
0f77c832c7d5eb4,test,,4.5122
506611e5f5bc1e1,control,,5.1891
22a230010971993,test,,2.9759
7188b0e8aa990a8,control,,5.1388
32abcf0bef73a11,test,,3.6831
f8b95826cb8a148,test,,5.571
df40d2e93d320b5,control,Другое,3.7697
8a454037f62fa9c,test,,3.8725
3cd58d6d1a1a633,control,,5.3279
d9f0188550b02c1,control,,3.3687
ba09424ca732fd0,test,Преподавание и обучение,5.6955
b44576662e6ef2f,test,Дизайн,7.1487
10e94dfc81653d5,control,,3.1628
92973e5c1f479fc,control,Другое,5.465
15b8765fd69d417,control,,4.7527
ab92522edc7ce6a,test,,4.1205
6a09702a988c391,control,Разработка и инженерия,5.0213
5da5a497b41c61d,control,Преподавание и обучение,3.9303
d48213270b6d776,control,,4.5985
24c33f4c49dba96,control,,6.2961
95632f7eaf3a192,test,Преподавание и обучение,5.7043
c04714f6432a689,control,,5.1334
67e8d8b8a77b1ed,test,Маркетинг и реклама,4.2886
ec4ae05835d9695,test,,4.8283
c7124acb94c83c5,control,Другое,3.8736
45db886ce6d7c8d,test,Преподавание и обучение,5.8763
a93669e5c3380bd,control,,4.6138
1f831358f2ed387,control,,5.4824
3908f5d38fb6cc0,control,,5.6058
8ef754dcaa709e3,control,Преподавание и обучение,4.9272
b26e8d5e2aea7f1,test,Преподавание и обучение,3.99
11dff2570a768af,control,Преподавание и обучение,3.8422
cccf1d96153150c,control,,2.5823
62a8041b95f5d0e,test,,5.7045
fcd1a85495c5212,test,,4.0032
c9130abbb583cfa,test,,5.5251
97fca48df28c2b7,test,,5.2291
9af9c750d390ac2,control,Преподавание и обучение,5.0778
fce4e599bbf3ed4,test,,5.4423
e27d4edd3b2a200,test,Преподавание и обучение,4.5444
d694dacef9e0a82,test,,5.857
474028750a4852f,control,Другое,6.2307
71c3b1ad7dcf420,test,,5.6654
a2a19ec7d99eb51,test,Преподавание и обучение,4.9377
879f5f01a508e7f,control,,5.4997
24042e6f76d9ebe,test,,5.668
548509996310e7f,control,Преподавание и обучение,4.219
7e4d5a564469993,test,,2.9152
2530bd08e0973aa,test,,6.1257
078495afde5d03c,test,Преподавание и обучение,7.2496
ac92269b630babf,test,Преподавание и обучение,4.699
01b6053eeb71712,control,Преподавание и обучение,3.9817
a281d127166e15f,control,,3.5311
bf76f69d628b160,control,,3.7812
fbb5269a3fe0f13,control,Преподавание и обучение,7.3976
ef6c398659c29c6,control,,6.1034
2c2e92a835d3f35,test,Преподавание и обучение,3.8904
5e219c624673b37,test,Преподавание и обучение,6.8204
25a8ddbef0112ff,control,,7.6414
3ac5241f0fa9e7d,test,,3.3433
f5346b85468775c,control,,5.2037
9dcbd501327d53f,control,,7.9016
8b54009c482635f,test,Разработка и инженерия,5.7732
d651631fd698d6b,test,Разработка и инженерия,3.1251
ea57fc433c9a3d9,test,,5.67
e2dd874d01cf8c5,control,Управление командой,5.8346
26d7af92c50edbc,test,,6.6219
2a1561546c447c4,control,,4.7174
1d2692d9b41664f,control,Другое,5.0436
1d20a88c02e54b6,test,,4.824
74fdc22cabb892b,control,,7.1457
1d9aadc8bd09b9e,control,,4.8593
24fb31a17f2dbfd,test,,7.3303
dc141f7a2c61156,control,,4.4692
1896cb4c29b0d38,test,,4.4319
6cbafe47e40d364,test,,7.3978
15ec4036c342a08,test,,3.8991
9de06f33f280d69,test,,6.0527
a4cd28a12a1fc5b,control,,5.9803
41a45a53b07ba93,control,,5.5198
63987eebc9c2b2d,test,,5.2533
e335d6a89dbc176,test,,3.1163
fce06ab74b5441b,control,Преподавание и обучение,4.4097
d9f42eda1c1df40,control,,5.9952
e9f370c2ac404e7,control,,5.3757
a0da5eb731b966a,control,Другое,3.9736
8bae5251dbdcf13,test,Преподавание и обучение,7.0057
85eaa489aa0455f,test,Бизнес и предпринимательство,5.8951
8d99a0d140f0e50,control,,4.7229
060ec053647db0b,test,Маркетинг и реклама,5.9553
173589b01bf519d,control,,7.7868
edad2877bf20de9,control,,3.6671
f2ca3a9e768b816,control,Преподавание и обучение,5.789
75d5e2f4b42ebee,control,,3.6846
3e00d1be1185a49,test,Дизайн,5.0824
b5e049c324af27e,test,,6.2439
3764a5f6d6d4c59,control,,5.7151
5b6842bed70bf95,test,,5.0231
d39c5f2020f640a,control,Преподавание и обучение,3.6702
94ff12d1d2b6d03,test,,4.723
717d7a638d988dc,test,,5.222
f0896b669e67bc8,test,Преподавание и обучение,5.7205
f10d6348c2a5fca,test,,3.3773
b2addeae6246080,test,Преподавание и обучение,3.4994
934ff6f2bd70bc9,test,Преподавание и обучение,5.2266
485c43ba3ea2a4b,test,,2.5685
2078192b64514c4,control,Другое,4.3141
38ab320cc9c2703,control,Преподавание и обучение,3.8786
d662af6ed73d8df,control,Преподавание и обучение,5.3526
190067feb6b082d,control,,3.0979
f976382794c7757,test,,4.401
0b5a6134a28f257,control,Преподавание и обучение,4.0749
705d7baf5386860,test,Преподавание и обучение,5.0354
143234cc886b090,control,,5.1357
c4874b826cdfce5,test,Другое,4.6334
a933220de24d14c,control,,4.6311
c8f93c713515528,control,Преподавание и обучение,5.7451
0700e2d18b072fb,test,,5.884
0d83521ca8ca5f4,test,,5.9701
e95ab855b5e4a83,control,Преподавание и обучение,4.8414
bb1f4572f8be8b8,test,,5.0535
a87c77b0ebea204,control,,5.2975
0f8a3fa3cd4d7f5,control,,6.768
338b65c0b869073,control,,4.781
aa04365bd9cb5b4,control,,5.7805
f8efa2e220cecb8,test,Преподавание и обучение,5.348
2d596a29dd8cb86,test,Управление командой,4.6985
bac0b971783f84a,test,,6.2311
8b53a441d155cf5,control,Преподавание и обучение,7.6807
107d955d7c09800,control,Разработка и инженерия,3.5321
d5e23da346a8f60,test,,4.7974
2d1a5cdfcdd5782,control,,5.2799
7ea0c26e72a86f3,control,,4.5629
154ae3db59f321b,control,,3.9699
249a00512b8c826,test,,7.1496
13c176c20644a6d,control,,3.2313
5b9d36b1c1a50f2,control,Дизайн,5.4125
bf3d2c2883fbb32,control,Другое,7.9354
e818e7212eee990,control,Преподавание и обучение,6.3761
a4ca0f7e1cf987a,control,Дизайн,5.5426
0d79df29c61761c,control,,7.1293
c2ce78c5139e86d,test,,3.3056
8c82c686cad387a,control,,5.6375
9097c5041463122,control,,4.6906
84ca13062403cc2,control,,2.8267
d697ba0718df23b,test,,5.5255
8f27d3136e6a56b,test,Преподавание и обучение,5.7987
72f3c4338f11df3,test,Управление командой,5.9586
640fb5404cac84a,control,Управление продуктом,5.8183
4ad3827133fce0e,test,,3.4479
782d51d9b6bcaeb,control,,6.0453
0a475cbb8f7a824,test,Преподавание и обучение,6.7252
d7813a3afddf289,control,,5.8417
69362fdca28b3d9,control,,6.6209
66a8d2201a64820,control,Преподавание и обучение,6.604
b662c3426493768,test,,4.7135
724a46e94cd93cb,control,Преподавание и обучение,2.9257
43b22134cbf781d,test,,5.2363
c1e744b6bd125a2,control,,5.6486
3b6399c05674a25,test,Преподавание и обучение,4.5337
1826de4834c266b,control,,4.8314
a6137b8dee527c7,test,Преподавание и обучение,7.2424
4b94cb76ae2f080,test,,4.8424
9173dbc03a40363,control,,4.3109
b7d7b85892aa3a0,control,,5.684
b8e038e744cbfc7,control,,3.9331
40f98c06b730943,test,,4.406
2522669d2690849,test,,4.4516
48fe00bb0a4ff33,control,,4.593
6545717335c1fca,test,Преподавание и обучение,6.9396
1bc4fc5a04910af,test,Преподавание и обучение,6.5804
805ff878b3ebf24,test,,2.9362
2629c5ecc5df1fb,control,,5.198
406df66617e63fb,control,,5.3145
1ccc772977ee01a,control,Преподавание и обучение,3.5157
a91b4a991013277,test,,3.7162
a4703fa320b0e3b,control,,2.9784
10a074c8799fc10,test,,5.1335
e287e284a8b08eb,control,,4.3732
5cb72cfa9cb97e5,control,,4.4063
1f8164f0999d1cc,control,,5.0532
095dc36cb1233f6,control,,5.5757
df55775baf5455c,control,,4.5489
523785c32497607,control,Преподавание и обучение,4.7995
5b56d168bb13432,control,,3.9283
fe85883a68d8b1f,test,,4.0533
b920daa830dbf0a,control,,4.6295
3a79d38e21c1fa3,test,Дизайн,4.9654
a1311c6b0f3870c,test,Преподавание и обучение,6.3448
386ba6c20d8b5b2,control,Другое,4.1011
bda1874a74dd9d5,control,Преподавание и обучение,6.0163
e05e9eed20400a2,test,,5.8685
c7d1ee871e3b521,control,Другое,4.8643
cc33fcaf3d8e49d,control,Преподавание и обучение,2.9961
3a42c420059eeb0,test,,5.9068
65c52957207c3f9,test,,6.0608
197dd7a7d32ed38,test,,6.2691
b4e58b52c9ec886,control,,6.6827
d9baa8362a73656,test,,6.2354
9e210582a7ef519,control,,3.5557
fc4b3c7e0786493,control,,5.3931
526da4647e5f54c,test,,5.4009
aa1b6da8b8af815,control,Поддержка и сервис,3.5472
327bc23525eb9bc,control,Другое,5.9741
3ddc66c1587bbbc,test,,4.4222
2cd352c45a71415,test,,5.0552
a145e7f2c83ec1f,test,Преподавание и обучение,4.537
bd16f80d3d4276a,control,Преподавание и обучение,5.9651
a4520bb7d4bd3ea,control,,4.5911
b0203bb3d6503a5,control,,2.8988
606157937d3964d,test,,5.6281
e89f0fb38b679fa,control,,2.7464
29a4c9b0fb3ae82,test,Аналитика и исследования,4.7734
965d037019d10be,control,Преподавание и обучение,4.5959
fdc08e8f63f971b,control,,5.5368
bb380339601bd27,test,,4.1028
21cbebbc4b53e24,test,,6.1582
b6b622a63763b22,test,,2.3399
1dda4a892809e34,test,,5.5209
46bdbb543d0f64b,control,,7.547
20bd98bcb55bb0f,control,,5.5745
455298110bdaeeb,control,Преподавание и обучение,5.7947
276659a710cbab9,control,,5.1854
c3dd8b470d1687c,control,,4.6976
0316e5507d93bf7,control,,4.0409
7b23c9251266c53,control,,5.5451
6c07dc5eb2ce74e,control,Преподавание и обучение,5.4003
5e7f5b93f6f30ab,control,Другое,5.6571
1d3315e09d1c4a1,control,Разработка и инженерия,6.9708
888b7b2c64b7d7c,test,,4.7714
d8770f2b2fc6e47,control,,3.8445
cf3d0eb4b2477e5,control,,7.6383
e7b71009532881d,test,Преподавание и обучение,6.5568
e2227cf93bf64f6,test,,4.2643
26e262376d5bea0,control,,3.2973
f3199d8483b085e,control,Бизнес и предпринимательство,4.615
9bd817745327365,control,Преподавание и обучение,4.7299
ef38d5c0bfd60cb,test,Другое,5.2345
be575c82de5718d,control,Маркетинг и реклама,4.8296
b6531ed3860f6d2,test,,7.9975
4d47d0d20a3d0e1,test,,4.7486
620666794c400ae,control,,4.2753
3bc9cbac2411151,control,Управление командой,5.7463
f450d9bc8bb7a59,control,,2.7764
4c324f5584264eb,control,Редактура и копирайтинг,4.8802
43407e4690679b7,test,,4.9132
8df80721586ed6d,control,,4.1984
e749642099191c9,test,Дизайн,3.7508
7e62c77caa3d27e,control,,8.1593
1aa33d922f4cb34,test,Бизнес и предпринимательство,5.3324
854b637c9bbc0a6,test,,4.4979
6ce1cf5ba6ccb62,test,,5.9046
a41cb3b7e49107d,control,Преподавание и обучение,5.8879
d1b0255c212777d,control,,5.1952
758dd0796f475cc,control,Разработка и инженерия,4.4797
f40175248be4709,control,,3.6649
23cc1b447f95a20,test,Преподавание и обучение,4.9387
7bcf9a316fe8725,control,,5.1497
6262ce55bcb1d56,test,,5.1749
28ce593896afe3f,test,,3.9323
5f8d46e3c82bb8f,control,,2.4344
0b348ad896cb2d7,control,,5.3962
be26c9d1e2b0af5,control,,4.9299
708d99e79e49d1b,test,Управление продуктом,4.4403
5240407750db80d,test,,4.0622
db8e37882f04569,test,Преподавание и обучение,4.4602
a261d4388593ae2,test,Финансы и консалтинг,4.697
611a9c57b2c76ff,test,,4.8203
3c5719b94b11f4b,test,Разработка и инженерия,5.1976
85d2d06a6f5274b,test,,4.7684
5b6bbb06d3ccb84,test,,5.5693
86fc42f5591e7e3,control,Преподавание и обучение,4.815
1deb42727caa9ca,test,Преподавание и обучение,4.4556
14b043962953f73,test,Преподавание и обучение,3.4179
b34a1ff9e0f1d6c,control,,5.2662
d8e3dc682fb684c,test,,6.0958
a0b40daacec79aa,test,,5.1797
4a983663dca823c,test,,5.5653
70e5810d2022aa0,control,,4.0944
6f2b973c573dca2,control,Преподавание и обучение,4.1941
dc885e683870b05,test,,4.3661
23adf8c12b5aeea,control,Преподавание и обучение,4.6131
9c01c733169f2c8,test,Поддержка и сервис,5.9605
288d5f2d2a515d0,control,,7.2475
b31327d7ce50a0f,control,Дизайн,4.3914
d67923857ec40bd,control,Аналитика и исследования,4.81
07c9f303c6ebc3b,test,Преподавание и обучение,5.5169
cd012e2ea176886,control,,4.6057
a84b7b259294a5f,control,,6.3342
470351a41805817,control,,4.2813
9de9a51a739bdd9,test,Преподавание и обучение,4.964
0e6ea10a52c5121,test,,3.7412
86d331d21073edb,control,Управление командой,3.4563
4efedda88c0273c,control,,5.7779
d50815d6c736d75,test,,6.3743
eea8493b6cf188b,control,,4.1427
6547050e09ae9e0,control,Преподавание и обучение,4.5687
23a73a9567c6e00,control,,6.1514
20a115181274474,control,,6.5063
00ce70b94af36dc,control,Преподавание и обучение,3.4366
28a04e2b7eb80d3,control,Преподавание и обучение,3.7745
ce962cfff533e71,control,,3.4235
fca508e516177dc,test,,8.427
058bfeb7c432b33,control,,4.5928
52cfbd6bd459891,control,,5.9323
3f0bc49a0036f9a,test,,5.1497
86eb32fbb01a56b,control,Преподавание и обучение,6.1152
d5bc426227108eb,test,,4.1318
11c4ffb72d72916,control,Преподавание и обучение,4.9436
e6403b1930cc196,test,,5.9333
75c472104268430,test,,3.5456
5a30617988c9bf4,control,,5.4296
98a533abd3fd440,control,Дизайн,4.0833
df2e7f977eacd50,test,,6.2043
dcae14f4dd99c7c,control,,5.676
48d9240440959af,control,Управление командой,3.903
9d1d121ade02b5a,test,Управление командой,5.8342
16dc17251863afa,test,Преподавание и обучение,6.5418
55bc9a9fe36a0ac,test,,5.045
026e678b7781f9e,control,,4.312
52b6e1b0e74c6f3,control,,6.643
04828e4e5bb3356,test,,4.0238
3278093876aafad,control,,3.8571
26d1c0b1d6bda22,test,,6.7195
b0718c261af68e0,test,Преподавание и обучение,5.7346
2d177af7bc1b536,test,,3.9223
07b7336a0880693,control,,3.5131
4cc22d46c1e2928,control,,2.8868
19d8c8d1b05988c,test,,6.6844
2bf61c9a803af80,test,,4.795
f64d5b5c1615d5e,test,Разработка и инженерия,4.4753
91a8c2f1cb43103,test,Преподавание и обучение,4.5271
15a0409bd736096,control,,4.0861
eeca70e7e18b181,control,Бизнес и предпринимательство,3.8801
f07734809102ff1,control,Другое,2.4504
8dd5782e371b632,test,,6.1983
eba8a87aa6d45ec,control,Преподавание и обучение,4.0709
90a02aa5092946b,test,,4.9483
bf760104d848fbf,control,,5.6818
d582139014ad68b,control,,6.6986
0bcffaa184bcd4a,control,,3.0164
addc0ca1afade43,control,Другое,4.8818
114cba5c68c30e9,test,Преподавание и обучение,6.1945
80b220c581c7832,control,,7.1
bc4e3840f03e18e,control,Преподавание и обучение,5.9288
86ad97edface953,control,Преподавание и обучение,2.476
91ecc6a5ab4e734,control,Преподавание и обучение,4.3315
899ed761c01a179,test,,6.9057
ce5ec04ffbcc219,test,,4.2356
9b7f0ec7e95fe54,control,Преподавание и обучение,3.4468
5d91f57b9a5ec72,control,,4.5447
fd8a7e75cff48ec,control,,7.7661
5af12c30f345d5e,test,,4.0545
acb8929ef8adbd6,test,Преподавание и обучение,5.1892
9f6544890dc7b3f,test,,5.9688
60a56e922d5e88d,control,,5.9495
f50e4e766aee3e0,test,,6.8818
3a7e95ae2ec974c,control,,4.9472
9b8580f3b2b5cce,test,Другое,3.0452
881401ef7dc3b12,control,,4.4232
023ca18c0077504,test,Преподавание и обучение,3.5442
58644def8baec89,control,,3.4332
3ff5ca0835a6ba1,control,Преподавание и обучение,4.9691
12300957ca21c24,control,,3.8508
20da7269b9fa2d0,control,,3.6207
376077a332f6fb2,control,Дизайн,5.5021
5e8e78c8029568e,test,,5.4517
5c12e8ed3e8b7fb,control,,5.1015
3ba6daa2b635873,test,,5.8523
c74967f239d7b28,control,,5.0742
b0d0364e2c7472f,test,,3.8808
e4534fd45fbf570,test,,7.6047
3c6d3dfc4da35f6,test,,3.9209
ea0b50c03d8c6e3,test,,6.1594
63eaec167200821,test,,6.3177
7b5ed42d3d08a5e,test,,7.1767
f11f3bc231e7522,test,,3.7223
065cd97c4e69314,control,Преподавание и обучение,4.5906
628aba2c0dc2579,test,,5.2306
5eb4ab671cc62b9,test,,5.2922
ccfff956c299516,control,,3.3657
19035a13cab9b3d,test,,6.9716
6781bc5a0ae23d6,test,,6.9793
a394cad1d7cca33,control,,7.3168
e122e4bd9e73016,control,,5.076
6e9329512ce7f3a,control,,3.0311
573ff5073e44898,control,,3.6151
6e825917b49bf14,test,Преподавание и обучение,5.8285
952e9f8aa6a9611,control,,5.8825
d7138611e213315,test,,5.5111
24000783b109d8b,test,,4.8414
4c16f35f7f13c45,control,,5.5739
f65e621a864fbd8,test,Преподавание и обучение,5.3742
421edcd1e636ddc,test,,4.1286
cc25d0f4c2ead51,test,,5.2795
05648c725d049e5,test,,3.025
e131d8156ea4f02,test,,4.6957
95956cf4961740c,control,,5.1454
cd6bedb1679245b,control,Другое,5.5029
c7b31f306d69885,control,,6.4132
d8d01463c50795e,control,,4.8822
a05dc78caff188c,test,Преподавание и обучение,5.3385
cc7b230937756d9,control,Управление командой,4.2493
ac28af568cb4a4d,test,,6.8562
87e7c44f210a645,test,,5.7031
ba2e926b6cd7d7d,control,,5.2808
2f9168dc7dca87c,control,,2.7936
e41074f3421c343,test,,5.356
499785c91aa83ac,control,Разработка и инженерия,4.7906
13f2e733d3f93d8,test,,4.4042
2edbd7a10857cc5,control,Преподавание и обучение,5.1595
31735dde9064f0f,control,,3.727
a91ea598dfac7f8,test,Преподавание и обучение,5.1114
b4a788fc19f3034,test,,4.3122
055ec7ce0b3305e,control,,4.4199
8f86d205727d693,control,,3.3846
a9f45713701bc7c,control,,5.3314
3d0b50aa27c351f,test,Аналитика и исследования,5.9959
201bd28ebc8622d,test,Управление командой,4.1983
e17e2bc7d6de049,control,,5.7471
ffb4455eb9ca955,control,,5.0591
6ad300f6212fd09,test,Преподавание и обучение,5.1901
96cb38b4bdff4ae,control,,6.4483
928050b77ffb6e2,control,,5.0125
ef92cf8d7c4c313,control,,5.1466
a186f845776c8fb,control,Другое,7.8856
72c40423874924c,control,Маркетинг и реклама,6.2235
8cf6a5622cedb54,control,,3.8515
ac00b98bc87960f,control,,5.5536
c692c5ff42f5b95,control,,5.9291
4c8a7006e3d87d7,control,,5.4337
a24cefebf0e1b2e,control,,3.199
244ac24cd7bf3eb,test,Преподавание и обучение,5.3835
6edddeb2a1a9614,test,,4.5282
b4ca9a1ac144724,test,Преподавание и обучение,5.6538
dd061b221f86e8f,control,,5.8174
9cb12a8add4573b,test,Преподавание и обучение,5.2406
11541a85a0ed281,test,,4.9184
ddba1a958e4a6bc,control,Управление командой,4.7018
8b7b21a56830f9a,control,,4.4954
f3c078d13150c66,test,Преподавание и обучение,6.9551
48547b93cac8c16,test,Другое,5.7102
892a3deeba7bd29,control,,6.7731
03643636758bcde,control,Преподавание и обучение,3.8728
9be33455311d8b7,test,,5.7087
0001db15a3a3e98,test,Другое,3.5749
8b9c464739aae92,test,Управление командой,6.8325
c5272b4bfa0d24d,control,,4.3128
146c814ea94c8f8,test,,6.4506
1881f4c2e45babc,control,Маркетинг и реклама,5.7449
2f859e3a5ae386d,control,Преподавание и обучение,6.4429
fbaf7598d5b905d,control,,5.6307
f9c3849ab924217,control,,4.9071
b441003203658a5,control,,5.4807
0bb71025ea41ad5,test,,4.3502
267445857bd84b7,control,,4.8011
c67e6f6adcb774b,control,,4.5134
3002c5aa93c8189,test,Преподавание и обучение,5.1358
03943eedd5c4756,test,,4.0269
6ad7517814a616d,test,Другое,3.9121
00edc96bafb500f,control,Другое,4.6401
e9c4951c128b174,control,Преподавание и обучение,4.4174
ef1a3bcb3f1bc7b,control,,6.3909
9df0f4f1efbc381,control,,6.9273
084c941d75f8301,control,Преподавание и обучение,5.3592
dbe32cbd4209a2f,test,,4.8505
0b70dbd00fd3aca,control,,5.2413
9c011113dcb1e61,test,Управление продуктом,4.7768
dcaeb05d786a480,control,,6.6203
58cdf02756baa87,control,,4.5863
9590a6a1c833919,control,,4.8006
a36c52e5324504b,control,Преподавание и обучение,4.9105
b4759c278452470,control,Преподавание и обучение,5.6621
b915ce3539dffe4,test,,4.4796
565e7f4181970f6,test,,6.7293
2b64deab0ef918f,control,,6.8315
8e4e343bec314d0,control,,8.5112
fc9aff7b2b6ebff,control,,4.5073
175ea929fedd4ee,control,,3.6372
05473a452716bf7,control,Преподавание и обучение,5.2241
2ce9644c98d2597,test,Преподавание и обучение,6.0381
f73563579e09484,test,Преподавание и обучение,5.3514
23415478dfc7c47,test,Преподавание и обучение,3.8127
b6ebf7489551a26,test,,4.3412
cabeeb1a36da92b,control,,5.3286
8b497777592aee6,test,Преподавание и обучение,4.8738
d8b9c3c50e26872,control,,5.7029
2cbf701e48660ee,test,,5.3968
5e99b18894c89f2,test,,5.1542
1f7ac91a4fa8f0c,control,Преподавание и обучение,5.1656
487f31fb42c9837,test,Преподавание и обучение,4.3216
36a8468446f30f8,test,,8.4375
a00b923fbc771a9,control,,4.6887
badc25a9d4646fb,test,,6.152
2f71fed255c6052,control,,4.6677
6ae30545bcec880,control,,5.1325
50ca27dbd109c5d,control,Другое,5.6148
347360f05bd4558,test,Аналитика и исследования,4.574
211881ab6913f12,control,Другое,6.3515
127f66af75e8dc3,test,Преподавание и обучение,4.2292
eeb9f712a90c75f,control,,5.8762
9157a2e31b4338e,test,,5.6072
81f31fd98a03275,test,,5.1683
ea9a6fe290822c1,test,,7.1443
b138f68380f546a,control,,5.3674
32c2b2f2e51be54,control,,5.8151
997ea89af4f190d,control,,4.0217
df25c5dbe39ccd7,control,,3.5306
035162d16f5ad6f,control,,5.4947
4953b641d863a30,control,,5.8974
b7e4229e0e56619,test,,4.2876
5cbe1d3a86bda58,test,Преподавание и обучение,4.2024
4d1014fb94f452c,test,Преподавание и обучение,3.8017
3a44c55284571b1,test,,6.7524
f0fdc7002210540,control,,4.7796
40239d5cdfa8695,control,,5.0974
f1990b46daef7cf,test,,5.6183
48dddb7bc7c426d,test,,4.3474
4419c87964da74a,test,,6.0769
e351fa673675bf2,test,Преподавание и обучение,3.3883
054b555752fba7c,test,Преподавание и обучение,5.2639
9c99f9099c67a9d,control,,5.3085
3414c75f34a9501,control,Преподавание и обучение,4.6925
3bd20693a9d8f2c,test,,5.0347
313bbb91eb9ab86,test,,5.9859
e758a9cde049e17,control,,6.1881
31954b09c4294c5,control,Преподавание и обучение,5.6239
bb8b4c341f1d0e6,control,,5.6848
0619b238f204c20,control,,4.5513
0e8dae347268b46,control,,5.4667
ec9e78546c1180d,control,Преподавание и обучение,3.9338
4df282c86f45b7b,control,,6.6082
ee5298f1a0ee034,control,,4.6707
badbb4532a70ee1,test,,5.5745
1e1269d49a6a907,control,Другое,6.0942
879449ca1c78374,test,,4.6456
57f6cc3b62b65a3,control,,7.5849
04c34654fa24cab,control,,3.6898
e1505bcaef019bb,control,Преподавание и обучение,4.7067
d06114c7fc7e1db,test,,3.9713
e7a28a57416b2de,control,,6.1243
614975e72a9d549,test,,4.5496
e6fc9b499ba8fc5,test,Преподавание и обучение,4.6965
9b8a483841f7295,control,Преподавание и обучение,7.0894
4e45cd1a0d99f6f,control,Преподавание и обучение,2.2803
5d79fd5a90baf65,control,,5.4516
bd47fa356cae34c,test,,7.185
5096b9bd222ed87,test,,3.4433
8a6ac5ca4461383,control,,4.6873
e51f6486aa9645b,test,Преподавание и обучение,5.8679
c096042555c1eb9,control,,5.4005
4f07cfd1d3b3a69,control,Преподавание и обучение,5.8329
9ef25b29ffb3d61,test,Разработка и инженерия,4.9316
001c364daa9ac6c,control,Разработка и инженерия,4.18
c86b8d7d266bd27,test,Преподавание и обучение,4.8264
04cddb084d4121f,control,,5.177
0fc17f8810b8b51,control,,5.2316
a71052ef8bd35b5,control,Преподавание и обучение,5.5683
91b994446679db3,control,,3.8775
89fa1926215eeea,control,Преподавание и обучение,5.8481
596764e3e8daac1,control,Разработка и инженерия,6.1911
a6b8616c7d9d7f9,test,Преподавание и обучение,7.9708
0df0f3f76310454,control,,4.1118
875a0535a952e01,test,,6.46
ab45f340d75b889,control,,4.8534
f560061b9e5686d,test,,5.9336
99afc504b350564,control,,6.0819
86328739c5d01f8,control,,5.464
77f66f0e386311e,control,Другое,5.6677
a11f6048bc2f4e8,test,,4.2154
6a3d94ac7ce9fbf,control,,3.7816
c533eef99fcee72,control,,6.4538
cf39db9cb224ab3,control,,4.6375
136a2ea8e0fb7ab,test,,7.6234
e70ce82822f19c9,test,,6.2952
ec05b268c124400,test,,6.7599
a4941961983f1ec,control,Преподавание и обучение,4.6616
39070b6d7cac334,control,Бизнес и предпринимательство,4.9387
44542eba7a6caaa,test,,6.4525
444c474444eaf1a,control,,4.6411
957142bfc6b1544,control,,6.6953
871cdae9270569f,control,,4.4514
a2d606cac5d880c,control,Преподавание и обучение,5.0107
985328dadf02ba3,test,Преподавание и обучение,5.0266
34376847b760621,control,,3.2494
2540fde9f062e9d,control,Преподавание и обучение,4.6181
2bc6c42bf792608,test,,2.7263
d49bfc442a76f55,control,Преподавание и обучение,4.2543
218a45d333936b9,control,,4.8428
3140679082aacef,test,,5.8178
769f495eff8c043,control,Преподавание и обучение,3.9975
77ddf25a9b8934f,control,Другое,6.7563
7573e69471c68a9,test,Преподавание и обучение,5.9124
98b059580890a3d,control,Редактура и копирайтинг,7.7197
07d4ac417cf7f20,test,Аналитика и исследования,4.3532
7cc43fc13df3723,control,,5.39
fd916bda2486879,test,,5.1203
832b44af1b10a55,control,Другое,3.8927
a37e798b1bc4a1f,control,Преподавание и обучение,6.6443
57fa341efd11344,test,,5.455
9c827f19147bb6e,control,,4.7136
92ece21f3a43055,control,,6.7964
9db1d3b2aa49606,control,,3.4883
142f68556733b76,test,,4.6079
b89c25d53ed8b67,test,,5.6828
1df10743c84159b,test,,6.2037
c7d9eac8e316454,test,Преподавание и обучение,4.9879
b0f3efd5b714afa,test,,4.0157
57660ea30c2f1e4,test,,5.9436
8cddf0329796f33,test,,5.4386
caf5ce35321eef3,test,Преподавание и обучение,5.5076
02fc67450ce423c,test,,6.5439
7d57e60b9df9919,test,Преподавание и обучение,5.9934
98659554f9e2809,control,Преподавание и обучение,4.113
fc8ed458f718226,test,Преподавание и обучение,5.1724
e977ac323f119ee,test,Дизайн,5.4582
57133cf73ec3aa2,control,Управление продуктом,5.4545
6757faf213d809d,control,Управление продуктом,3.8404
860d1539b19ed6c,test,,6.0705
4ff27d7758470e2,test,,5.4368
6dce722338821a0,test,Преподавание и обучение,3.78
d6e1c0e46e7e799,test,Маркетинг и реклама,4.3603
f8b8d7205c02f54,control,,4.3004
05478f2148e8977,test,,6.8331
55ae12162eea039,control,Редактура и копирайтинг,3.9946
7c56dc34bc21f64,test,,6.9284
a8fb65c209d94c0,test,Преподавание и обучение,5.3208
4479b352384be75,control,Преподавание и обучение,4.0323
7fff0a537e7f67f,control,,4.7872
34ad7d068c570f7,test,Управление продуктом,5.9641
360b41f8236eedb,test,,5.85
d32658bee2ff3a3,control,,2.8606
4868ce55d37ee76,control,Преподавание и обучение,6.3642
13aee8a036db65d,test,Преподавание и обучение,4.5927
dfc2225456ba804,test,,5.6262
a407c7b0aa80a74,test,Преподавание и обучение,5.9898
b562846b02d4c43,test,Преподавание и обучение,5.2469
e4341ca9c82f637,test,Преподавание и обучение,7.7762
855e2f473df062f,control,,6.3738
461423f5595ad62,control,,4.0845
b7cb59f7e8f0e95,test,,5.0602
9189492da4229fd,test,,5.9174
6587eced545255a,test,Преподавание и обучение,4.389
711180ad39f17fa,test,,4.4648
8c4ad1daa60c659,control,,6.1055
17ad8de4a6d0d49,control,,5.6362
86ebe3c691522ea,control,,4.4665
7d2ba241fb3ae0f,test,,5.7467
50df5294f4baca0,test,Другое,6.5529
fa1eb5a78d0aa1e,control,,5.7426
a81b4fb8e9a115c,test,,4.2372
f87153b8873933e,control,,5.5913
dc8161afa0206a3,test,,5.1035
baee7d5dd5fd04d,test,Преподавание и обучение,4.4898
66acb9ac1ebf482,control,,3.8096
3626d5e66466035,control,Преподавание и обучение,3.296
94e28f7df2af437,test,,5.3747
6d0280054d9facb,test,Преподавание и обучение,5.1401
8d9499eb5501fa2,test,,4.4736
437f5a353295d56,test,,4.9658
6ef9e9bd18ae92c,control,Преподавание и обучение,7.7234
907f9dada0fc39d,control,Маркетинг и реклама,4.4807
45e73156c456ca6,test,,3.395
9e5284ef8986b31,test,,4.4705
466ffd5b7d8adc0,control,Управление продуктом,2.9699
c1e68255d4bab88,control,,4.1307
d34d1db88802ea5,control,,4.6899
9bbcd4da515ff00,test,,3.6504
5e964fb6b03b93d,control,,4.767
92a568da9ab7e5e,control,,4.2241
a289cc96ce7b78e,control,Преподавание и обучение,6.7142
9a22f740c526f9e,test,Другое,6.6943
9e6c730a32e6e7b,control,Преподавание и обучение,4.509
e24956411bffaf0,control,,6.4751
060ba15a2456015,test,,4.2268
60a30baca8ef110,control,,3.6768
6df50a7c95bca0b,test,,5.9132
f82922ac473a3b6,test,,4.9719
68e2dac50676a57,control,,3.8146
da8f6501431842d,test,,4.8062
72a59d3f9cbfbca,test,Преподавание и обучение,4.2051
f39dbb2f668c277,test,,6.1077
9c67637909aeeba,test,,6.5616
b15715a6a0adec0,control,,4.4329
8fbe1e769ed077c,test,Управление командой,6.0024
9baf4ac0566306f,test,Разработка и инженерия,4.4377
93ef6aca7aa8613,control,,4.7502
b504662b204b6a7,control,,5.5844
193d5c5d32630a2,control,,3.345
e4904a6e7398686,control,Другое,5.0636
d18d05dc635e21f,control,,3.4862
f3eb5323fa69b51,test,,5.4928
6aa9266ea17bf18,test,Разработка и инженерия,5.8347
332a4549e6440bf,test,,7.3528
e0afdd0620ddb62,test,Бизнес и предпринимательство,4.2841
73b5168fb37356e,test,,6.3069
260312b98d77a1d,control,Другое,4.7053
595e697f8b06354,test,Преподавание и обучение,4.175
b641a25bb70cbfa,test,,4.3836
0c1b484d8e28235,control,,5.5516
19d2c10c2742e4c,control,,6.6172
541757f832c653a,test,,4.4688
e4f2703a7fb6f7b,control,,5.3606
7596782691e2470,control,,5.1534
88e5aee8fc2ef9a,test,,3.8361
0be72f99830893f,control,,6.022
0c4276996328503,test,,4.6344
8300e6887feac49,test,,5.6396
d6fa38a87013070,control,,5.395
11850047bf434d0,test,Другое,7.6369
ab3ce353ca85c5e,test,,4.6768
1c581570cac4977,test,,5.4455
546c9d3941a0d8e,control,Финансы и консалтинг,2.7229
12d4e339d7daf1c,test,Преподавание и обучение,4.5013
97125a38208e2dd,test,,6.4475
e16b13cc5e92d9a,control,Преподавание и обучение,3.6837
707a41db5e04108,control,,4.8111
a5e35dd4aee3f70,control,Разработка и инженерия,4.9598
65b738ade3339a3,test,Поддержка и сервис,3.4409
ce41d1935517944,control,,5.5849
a1ff8b5cd1e5763,test,,5.2503
e20cdd04e7b8356,control,,2.618
dcd2b403e3dd15e,control,,5.1994
e5e402226cc8b1e,test,,6.6118
f8bde6d0f8cb837,test,Преподавание и обучение,3.4533
da944114a08e71a,test,Преподавание и обучение,6.1086
ab7871671c92e60,test,,4.5135
cf883b319bdcf29,test,Преподавание и обучение,5.2218
ba7ae529359842e,test,,4.5807
f7520dcd333debe,test,,6.5499
a5fa864e436ebf0,test,,5.2485
1a53bf816553fdc,test,,6.5733
6fb1136f7a37266,test,,4.2479
acac58002fd053c,control,Преподавание и обучение,5.2514
27de46c4880d4e0,test,,3.2932
4ca3e77c781f614,test,Разработка и инженерия,6.6557
e628c0587ebe0d1,control,,4.5008
c283ee03e60aa87,test,Преподавание и обучение,3.9293
8f4d3e768968f7d,test,Преподавание и обучение,5.1763
9da1fbce8bcf74a,test,,4.7607
2c217ae1eea5b4f,control,,5.7138
30be8405722ef28,test,,3.8799
db86c708ee4ed6f,control,Другое,4.8013
d57443939105474,test,Преподавание и обучение,6.185
9fc45df391514c7,test,,3.1035
2ef984efce89e0c,control,,2.7356
6eaeed0fe863acf,test,,5.1567
89c770f23c8e9b8,control,Разработка и инженерия,4.363
a0b95f0bd514ca3,test,Преподавание и обучение,5.8601
065ba1aca70468f,test,,5.8693
d40809a8564d79b,test,,6.6303
7eac52a62ded978,control,,5.8861
443413e54989744,control,Преподавание и обучение,4.2634
66169748c4c5e34,test,Управление командой,6.2631
33b4b2b3993fed9,control,Преподавание и обучение,5.4385
5fcf5ebf843c8cd,control,,6.0728
b7b552ab09fca7e,control,,4.5132
01cf8cf8cc8e139,control,Преподавание и обучение,5.7399
a5182b27631caef,control,,5.6224
1deafc264514666,control,Преподавание и обучение,5.3192
a191c16e644c0e9,test,,7.669
22b984b6449bf5d,control,Другое,4.0523
6d933b7a679d1b8,test,,5.2415
f8cc25ede1d08e7,test,,4.9831
1efcd71344c293c,control,Преподавание и обучение,5.6894
4b5cda81bee0fcf,control,,6.1013
064a9a5f103a0ad,test,,4.7977
fb79054a8f71847,test,Преподавание и обучение,4.9304
1b33c31e19ed659,test,,5.1003
71d833c7d4689a2,control,,5.9559
41a8eb28f625fcb,test,,6.4331
2e8e9777eba4be8,test,Преподавание и обучение,7.3456
e584212e8dcfa69,control,Разработка и инженерия,4.6681
5efbc9913491ae2,test,Преподавание и обучение,5.5442
6a977710a251045,test,,7.1469
dac72ea1fe1be4a,test,Преподавание и обучение,4.126
9eb166d31f5ce31,test,,4.4875
cf17dd6cdfddb5c,test,,7.163
467c4dcc17e4a1f,test,,4.6822
1779faf6b0be1f9,test,Управление командой,4.8978
4c24ca2386deb35,control,,6.5316
3ed318e2a1a8353,test,,6.2024
c96eeb51eb8aab7,control,Преподавание и обучение,4.7739
00cc42e5ac1a3ee,test,,4.884
8d23f6788d607c9,test,,3.8514
9ccd4f743b56a8b,control,,5.2952
535af0edfe290cf,test,,4.1598
24d5831439e05bf,control,,3.338
de6f531898ca382,control,,4.5294
5ef7a7e83d4714d,test,,4.2802
80b1dc244163074,test,Преподавание и обучение,3.2525
c465e14644d93d6,control,,3.2089
c1ae1cb6031b58e,control,Преподавание и обучение,6.8436
c61b1e753bc155d,control,,4.0116
462d04539b85c8e,test,Разработка и инженерия,4.5578
ecd979902dddf96,control,Другое,5.9799
cce214094b6bca9,control,,2.6122
fbbdec9928d83e4,control,,3.8688
b6f17a6224b5eda,test,,4.3536
07b5f67c4a425d7,control,,4.3227
126d7da40a0e9f7,control,Преподавание и обучение,6.0197
52a4917e26622c2,test,,5.5311
7133f4ddb0955f9,test,,4.5105
f76bca48790abaa,test,,7.0529
91544b22bca51a7,control,,5.1284
a2e156b9fc6db32,control,,5.7616
f612ba6f15e1cf0,test,,4.9054
c923fa119bb8cf3,control,Преподавание и обучение,4.0051
29b8dcbdea2b5fd,control,,4.2059
ef500cf3a06c04f,control,,6.0381
2c215397f0a5dc9,test,,3.2359
d02dc0463012912,control,Преподавание и обучение,4.3575
610524a5760d0cb,test,Преподавание и обучение,4.414
97df155ec679794,test,,4.9558
ce72e584fc05a6a,control,,3.9181
1f58c65b3ed83df,test,,5.0462
07f281ecdb9b4d6,control,,5.0391
62423a45377312d,test,Преподавание и обучение,5.5951
5bf2cef0dfe22ce,test,Преподавание и обучение,7.1227
41eb2d44405218f,test,,4.3465
efadd93fb55c35d,control,,5.1298
8237a6bea289273,test,,3.9637
6d8fb6d383b433d,test,,3.0758
4b7515b4ad39efc,test,,3.4251
8e6f42dfe36921e,test,,5.2601
a754d3afcf3d9e2,test,,4.7248
a4577b09a2b5872,test,,1.8622
b246c8f7fd30ba1,test,Преподавание и обучение,4.6216
394c9cee5e2c475,test,,3.8303
8e341840dec2f0d,test,,6.5564
31c4344c89cdfbc,test,,4.1271
3edb2c583989dbf,test,,3.4
32fe7a7f530259c,control,,5.722
2705bba88dbb89a,control,,5.4903
d279158ffbde0c5,control,,4.3583
0abb5805251937b,test,Аналитика и исследования,5.7667
b8f4b05b725c88b,test,,3.931
c29db3fcb716177,control,Разработка и инженерия,4.6145
bfca4e92f8edb58,test,Преподавание и обучение,5.8339
ae53c03f9d17cab,control,,4.1866
be5e5d02a77a265,control,Другое,3.8819
9a9cd2c3573d40f,control,,4.4889
d35f038902721bc,control,Преподавание и обучение,5.5996
7b045e08812e7c1,control,Преподавание и обучение,2.1399
c63641ca9c0eebf,control,Преподавание и обучение,6.4669
437e29147c73a80,control,Другое,4.7074
3da91410884feaf,control,Преподавание и обучение,4.9247
846c1b946b79a08,test,,5.0188
af201db07e328ee,test,,7.9247
8071a999a8307ec,control,,7.3395
16e44f215c26934,test,Бизнес и предпринимательство,5.6637
16a752b5abc1386,control,Преподавание и обучение,4.1858
7aeb6469e39cab5,control,Аналитика и исследования,3.7532
e5e6c1e2e125eef,control,,7.1108
94c501714b67d5f,control,,4.4426
17e64f94b805b31,control,,5.4187
554a1e3e860a546,control,,2.8439
b901ad78967895e,control,,4.3875
94e19f1be6980d4,control,,4.2144
690c66f926c2479,control,Маркетинг и реклама,2.7181
4d4763bc0139d14,control,,6.3502
c7140393a6d0359,control,,4.5186
c8eab44d5b811d8,control,,4.195
12fa43594578a4a,test,Разработка и инженерия,5.1955
1b018eb8ff7aac5,test,Другое,6.6953
d95e8f06bd9d3e5,control,,5.8384
7b080d565fdde51,control,,4.6183
a7c45626b2295c7,control,,7.0216
434457916e43794,test,,4.7331
1292811fec433db,control,,5.631
009c84b21a1aa80,test,,5.9073
d16bccf7c6ac2df,test,,5.6872
caec303ea16c0ad,control,,4.5396
27a78422ae681e3,control,,5.8145
cd09d2c2b602695,test,,3.699
af91d4bfd63b9de,control,,5.1939
c37c3e7b201a44d,test,,6.0516
0159eccfe4f44f1,control,Преподавание и обучение,5.3269
e0491bfecd92649,test,,4.3658
e90215083fa384f,control,,7.4854
9ed435774af2671,control,,3.5265
2f11c496c502ef8,test,Преподавание и обучение,6.4981
b3876a074dc4ce6,control,Преподавание и обучение,7.1305
13b4442200f00d3,test,Преподавание и обучение,2.8879
0f2895111c8e020,control,,5.265
d6e477e261e58be,test,,4.6722
119a3d8ffb3e120,test,,4.6511
bf325c0ba92310f,test,Другое,3.4401
8d9720629a0a465,control,,2.1144
2c0ce74990da294,test,,4.4527
1eec2c1520500a0,control,,5.3845
85cdfb9314ba7f6,test,,4.8709
3175a756d810eaa,control,Преподавание и обучение,5.2211
3284059dfadeb3a,control,Преподавание и обучение,7.1381
b97ec852db5da96,test,Преподавание и обучение,6.1425
f66d45c9032fce8,control,,4.992
a9b9e45009d7327,test,,6.06
fa1c1c50dd344a2,control,Преподавание и обучение,4.8355
e3195a71cbc94aa,test,Преподавание и обучение,4.0649
3b889b08e6ecb5e,control,Дизайн,4.7148
13efe002889398c,control,,3.688
c796a265699f2c1,control,Другое,4.2082
1011d24a61a4e85,control,,4.2378
d35fb2940bae21c,test,,5.4609
452623cf6aa9dd9,test,Преподавание и обучение,5.9646
f7a1b1fb337da55,test,Управление продуктом,6.8968
aa2764d59365717,control,Преподавание и обучение,5.8411
26d82bdeb56f99b,test,Преподавание и обучение,4.5021
f92e20bade02914,test,Другое,6.4247
eced197a250a81d,test,Преподавание и обучение,4.201
4ef1853f4d2f41c,control,,3.9982
4e59cceb9a21ced,test,,4.8985
2f124aa36327950,control,,4.7626
ee99be7566a20fa,test,,7.0108
10368b984f887fb,test,Разработка и инженерия,5.5762
29b43fbadb6025a,test,,7.2224
7add4e4e29f61ef,test,,5.2723
a2342e7f4434287,test,Управление продуктом,6.4088
7a7e9f534a3b8f0,test,,5.0877
7e5cb5c4a056bbd,test,Преподавание и обучение,5.1992
050ca98e4b42d1f,test,,3.4016
657629eb9f2ee15,control,Преподавание и обучение,4.0879
becf22b40f25ee4,test,Преподавание и обучение,4.1135
8e47ff7ec130e8e,control,,5.4274
00cf1a4b28a1d99,test,Преподавание и обучение,5.3959
4c97fb9cb159910,test,,4.6263
13372f2b52caf4a,control,,5.0332
a24c6e1bc4857bd,test,,4.9738
1901cd6597ae4c7,test,,4.6461
3beedb42b87b1d1,test,,5.7412
03778dba58977ac,test,,5.4898
4a42d94b7a994c2,test,,3.6268
e571aeed58cce61,test,,6.5232
dd19f448dd88cc1,test,,4.6838
610f8fe115c2c00,control,Преподавание и обучение,4.6397
5f42e1756745fa1,test,,4.7471
c32e6bb21dae39a,control,Преподавание и обучение,3.741
b72778a576d3ed6,control,,4.4877
427bc36e8908f51,control,,5.8989
61dce5da73d1468,control,Преподавание и обучение,4.7433
9afa3bed9e9a1be,control,,5.3991
6c7c4421751d336,test,,6.6505
b66f3a54e993f86,control,Преподавание и обучение,5.401
4f71c9c8b53a30b,test,,5.6038
ecf4f4645ad15a8,test,Дизайн,5.3683
ee7d78f1e491443,test,,4.575
2c0db5c9c7bcfa9,test,,6.9702
c50112397aa6fcd,control,Бизнес и предпринимательство,4.8897
d144d28397fc1be,test,,5.5258
79c1a0c053cb2d5,test,,7.2314
cff909f53647b98,test,,4.9786
92909314739bcea,test,,6.427
a0465953c387b8b,test,Аналитика и исследования,6.796
95ddece5a9c45b7,test,,5.5766
6937375a9b951a5,test,Преподавание и обучение,4.0961
9af7af1db9c4685,control,,3.5437
a5c463c5d013e8e,control,,5.1228
57543bb3c925593,control,Другое,4.473
b558669b711fbd0,test,,8.1948
62ed130ff29f681,control,,4.8906
4c8beee30adecd8,control,,5.884
0f3c5b8e42c596d,control,,4.8143
35cfe306cc49862,test,Преподавание и обучение,6.2191
470b4621f86a4c4,test,Преподавание и обучение,4.6012
6e9cbf8b02ac39f,test,,4.8592
1dd20738749c5cf,control,,3.1222
27b086f2380191a,control,Преподавание и обучение,8.7327
294821766cecf7d,test,,5.359
d44f7c026c746ac,control,,4.6995
41731ffa3013058,test,Преподавание и обучение,4.212
28d5ae98b62c24d,control,,3.9713
c94755b92aa43fd,control,Аналитика и исследования,4.0514
ee78ffb534e8499,test,,6.0021
9e939ddbc399a09,test,Преподавание и обучение,5.1908
d34851b4739abd1,test,Преподавание и обучение,5.0395
fd9c6d31bcabd1f,test,,5.1297
b7aa65a3bb0aab7,test,,6.9205
86b8cf6fd483c9b,test,Преподавание и обучение,4.0349
57244e099917642,test,,4.8177
5d9d0f87778f240,control,,5.0499
e2fa6a6e26d82d3,control,,5.8331
2d9c41a8c047532,control,,3.2537
cf1bdc0b172c7fc,control,,4.8339
83d1b5f04e459ad,test,,4.8218
f0d6bc822d691a6,test,,4.9323
7f28f438df2f53c,control,,4.1507
865d1d7377b466e,test,,4.1806
13136bbab282f1c,test,,5.0836
5e68a8b648e27de,control,Дизайн,5.9464
56c6b77b32bcc16,control,Преподавание и обучение,3.37
5dc0718e5abb44f,control,Преподавание и обучение,3.6262
79c4f9a2a81f163,control,Преподавание и обучение,4.7013
59924e226bbd174,test,Преподавание и обучение,3.2835
ab4acdaa3bd0d7a,control,,6.6691
4f3861667968628,test,,5.0685
4388db6bc385b56,test,,2.7834
fc2ac793413998b,control,Другое,6.4725
548401087730fc4,test,,4.0806
5eb68aac6a5ffa2,test,,4.9321
054e71b9a68d7c8,test,,4.1124
a214032f3e986e7,test,Преподавание и обучение,6.2469
ef618ffdcf95eda,test,Преподавание и обучение,6.3645
a726620bb14e137,test,Финансы и консалтинг,4.6362
a2cdf3549882f32,control,Другое,5.8958
48d45031cd547e7,test,Другое,6.3313
eb8040f072367d9,control,Преподавание и обучение,5.7032
6ab8689044b38e8,control,Дизайн,4.5425
bc0b17fa61da1f4,control,,4.4395
1b4656f421ca07c,control,,6.826
25b7f8c09c44b74,test,Преподавание и обучение,7.6121
f0527078051413c,test,,6.6046
0ffcce248cee0bd,test,,4.5205
0c69305b04f1391,test,Преподавание и обучение,5.6996
8f5acb6e82dd309,control,,5.4814
1eca1893a03777e,test,,4.7446
d517a9d0a1d3641,control,,5.7751
b71aa74cb553da1,test,,3.7597
ddee361b109f2ea,control,,4.569
1c20be0e9cf3eb6,control,Преподавание и обучение,5.9486
f811c4f33adc26a,control,Преподавание и обучение,4.5026
2cab03814c8706b,control,,2.2379
a63be0f0ebe76fa,test,Преподавание и обучение,5.8879
249d3da1f97cf12,control,Дизайн,5.7647
28435c6612dc046,test,,4.5433
bbb1660a92d92c0,test,Преподавание и обучение,5.2501
1c1800175015534,control,,5.3608
649aab7145c3e37,control,,6.8252
12a1b924996e2a9,test,,8.3519
f8aff33fb909d15,control,,4.2512
f2705c955c2ff30,test,,5.8906
a505f9b34950754,test,,4.6276
25f636f7e6d8e4d,test,,3.6686
d8d00df238f7364,test,Преподавание и обучение,6.1551
68a65eb3cfa7f7d,control,Преподавание и обучение,5.7324
948f8714cd9e218,test,,4.857
bb05a27e5e16e46,control,Преподавание и обучение,3.2429
dcb2941bec6b81b,control,Преподавание и обучение,5.77
18f1998e7dc9c6a,test,,4.1289
3becbc1c15c0bca,control,,7.205
ea7f8ce96a26594,test,Преподавание и обучение,6.0928
3579ead0afc7931,control,Преподавание и обучение,5.3613
d58132873a575dd,test,,5.3794
3d97e872c93a7db,test,Преподавание и обучение,3.7702
3638b41ed473027,control,,4.2102
80ebb9ce26b793e,test,,4.7021
6efec30596fe15b,test,Преподавание и обучение,4.2445
eff8a8b68dd6c58,test,,5.208
21c1e3fa6aa859c,control,,4.5673
ab916523cba1e9f,test,,5.2123
91b2d1a6c9a21c7,test,Преподавание и обучение,3.783
25b24c91d1ee437,test,,5.8208
0e86f1ed241cea4,control,,6.3399
6f8c82f793b1ee1,control,Преподавание и обучение,5.2994
c699b20fcee2a0b,test,Преподавание и обучение,7.1558
49a4bd7b9629283,control,,4.0836
76f625b6d9581ce,test,,5.5032
afd8c6dc0a9fa6d,control,,4.3368
1b26e6f1d81235d,control,Другое,4.0126
00a9b8ff859dec9,control,,6.2881
4bdd68392de1034,control,,7.8455
eb5c49ba112b6aa,test,,4.8743
d0cb361ba1f00c4,control,Преподавание и обучение,4.3588
87810a4607ff147,control,Аналитика и исследования,4.8291
0253128b072e083,control,Преподавание и обучение,4.0012
63df48bba4dc30a,test,Преподавание и обучение,5.6117
3698d2e2d405d29,test,,4.8921
cc3b3a2daf7ea59,control,,5.5653
6bd9298ec0eff26,test,,5.2716
a55626f094b2301,control,Преподавание и обучение,5.8716
480f3957d9bf21d,test,,3.4307
9fc6b0dd335b686,control,,3.9962
f23a32225f8ea91,test,,6.3232
c3bd0b8d280606b,test,,5.1422
1e17e32d959fffe,test,,6.3656
b2a432782525499,test,,5.6145
7a1ffb1a6800e12,control,,2.349
9f4156083b7c32f,control,Преподавание и обучение,6.1185
bb1e17fa0acb153,control,,4.2044
ef88ffcb91a39a5,test,Преподавание и обучение,6.0999
b2132a12e9d0495,control,,2.5462
a4fe4325f3a6477,control,Преподавание и обучение,4.4944
34a2a42279154d9,test,,6.6586
45098917f95d93f,test,Преподавание и обучение,4.6593
e625686f597f4b3,control,,5.4662
e747ba3f4dbd778,control,,5.0756
c0a7b515c0c4e11,test,,5.6999
b5bdd2cd0f6b9b0,test,Дизайн,3.5496
cdf22a4358bcff2,test,,7.4229
a93e2b2cab6b5ab,control,,2.8732
02774a274f32960,control,,5.2461
342d1f26ea0d9a6,control,,4.9693
ced6ad6b8ce3a08,control,Дизайн,4.3593
5caa94cb7334ed2,control,Управление продуктом,4.9528
e2c6be602eb70dc,test,,6.5707
22696717e2c4cc0,test,,3.8414
b5c38197c0caa45,test,,6.661
42db51f09199aa8,control,Дизайн,4.1325
b1675f737747687,control,Преподавание и обучение,3.2051
6c55d98de72625e,test,Преподавание и обучение,3.0481
41420deea70d485,control,,7.3801
f1897eadeb5e67f,control,Преподавание и обучение,3.1564
4fddb6a75e062ec,control,,4.7842
c1b716307e70d2e,test,Другое,4.6221
4e57501c42000bb,control,,5.9263
2d8cc278584f6b1,test,,3.0265
00dbf3d33536edf,test,,4.8945
65e34b34e51afc9,test,,4.2656
0dbc1c0feb263e4,test,,6.9436
bb4690629595214,control,,5.1164
21efbce530449a6,control,Преподавание и обучение,4.4192
8730ed137a5405c,control,Преподавание и обучение,3.8377
4f2b279196ac9de,test,,6.0629
736a6cce0437084,test,,5.4226
ca70c4cc37d5ccb,test,,5.5011
b7d89d01e338d56,control,Преподавание и обучение,6.1279
59095624b356558,test,Преподавание и обучение,3.8356
19c79429ac295fd,control,,5.1829
5e91e26a2bb800a,control,,4.3501
f94016e6b7fdc37,test,,4.7807
4855d389c2fc633,test,Редактура и копирайтинг,4.4847
7dacc47f17181a6,test,,6.8887
932c5192868d99e,control,,3.0193
21a9a10f4910a02,test,,3.6341
ca2dc8d58d83431,test,Преподавание и обучение,5.5847
00f05fe04aeb2e7,control,,3.0579
52eccac4bbc92b9,control,Преподавание и обучение,6.2367
70d4608a45f903f,test,Разработка и инженерия,3.7947
9bc288c8819d874,control,Дизайн,4.8879
a2f2e20da8ab75b,test,,4.3077
0f4264dda3b27b8,control,Преподавание и обучение,3.9079
98d093591ec149a,test,,4.6323
52217a155aa486c,control,,3.6467
80294785162a96a,control,,3.2926
abb4358231dfdb7,control,,3.4355
51af6b4cae97be1,test,,4.949
42a26337d13374e,control,,4.7171
dc7e3d4edf8a727,control,Аналитика и исследования,3.8552
1e41b98f23192cb,test,,5.0737
cdac1eee09a7e30,test,,4.9222
7df78275ae59028,test,,5.2816
d986d36d6b3ed06,control,,5.2602
92347125b7c8a36,test,,6.9654
e9e07d26c871b97,control,Преподавание и обучение,4.5262
652adae08b521d9,control,Преподавание и обучение,3.129
c13e29fff2d31fe,test,,3.2854
50bf5a4fe65b7ea,test,,7.0749
f58056289b243e2,control,,5.9407
cf0b36d76e698e1,test,Преподавание и обучение,5.6233
52424247e55761e,test,,7.5403
fa8a15fbbde24ee,test,,5.2619
36e816b68da6e8e,control,,4.4652
1457bc8c77f017a,test,,4.6229
c5f357b01fac7eb,control,Преподавание и обучение,5.1112
c57d72f184ef3c8,test,Преподавание и обучение,5.7664
6b9e19d359ea5a0,test,,5.5585
2cbeb8034c289e7,test,,5.5958
b135fe848fbe9e8,test,,4.994
7ec0cff4e1fb682,test,Преподавание и обучение,5.4048
6976cde0fe7d351,control,,4.4607
d098eedcf250d92,test,Аналитика и исследования,5.2841
0c0683e7a12cc21,control,Бизнес и предпринимательство,4.4712
05cb6092cf35af3,control,,3.0262
1ec7069617acaf7,test,,4.6645
aaf309d8ebda321,test,,5.4866
c75b2dbb327309c,control,,3.1819
9c436ff7f5a3ff6,test,Другое,6.0719
6666acaa5a886b4,test,,6.9544
c1d71ca60286657,test,,5.1158
7184f1f1b4b3637,control,,4.5702
2f69a88ce75b27e,test,Дизайн,4.6205
1a88702e57c65d1,test,,3.7217
44d6777b2e1e59c,test,,4.9047
0ad8c1e65dddcee,test,,4.4892
4550a2b5bf9b5e9,control,,2.8555
6b25ec96e871203,test,Преподавание и обучение,3.1812
089aa43c28cb01a,control,,5.3462
216f5e091934ba7,control,,5.3874
f17162a0e31de06,control,Другое,5.2852
22f8195c52a23b6,control,,4.4128
7a6134803108f71,control,,3.6105
632898dc9ac1ade,control,,3.2699
d7b37b5ed72ffef,test,,7.354
454c021ec7a5576,control,,5.8056
0e23c4c19abb961,control,,5.5724
c2c3b716d0b19a2,control,,3.4096
571d7e1be898be0,control,,6.5759
2dfeaa6567686b5,test,,4.4257
6090816cc9112f2,test,,5.8943
563111b9d6b367f,control,,4.4258
a0e50641b27e711,control,Преподавание и обучение,5.1185
1f92b01f4f727d0,control,,5.5093
0604063b4536c5f,test,,4.4568
be0cfd9b6f1b8d4,control,,4.4914
78de4fe2de24635,test,,5.9431
4194cb58e206626,test,,6.2538
2f4e04a0ed3fc71,test,Дизайн,4.1459
ff47b65c872173f,control,,5.2894
578ed53a16a7023,test,,5.5906
bc686c8a97c3b07,test,Бизнес и предпринимательство,5.4068
44887a346846fe9,test,,5.7767
7358aed7cdb0947,control,,4.5649
0754de735d16419,control,,3.8962
542e1d6b4fb20de,control,,4.3831
85dac25aa0d6ba3,control,,5.3003
7335d1140a84492,test,,6.2363
f54a0b8ea89e589,control,,4.743
8c795ae508baac0,control,,4.2473
105f139310f2e84,control,,3.3876
447312352cfe2ab,test,,3.6899
c66083ce9848307,control,,5.7633
5f9d874dbb5d395,test,Бизнес и предпринимательство,5.9613
147a2e3f49d2201,control,Преподавание и обучение,5.814
153146e65291f7f,test,,4.9745
9a8549f5bef79ba,control,Преподавание и обучение,5.1472
a72ad2f23c18211,test,,5.142
dad0e0fe45b066e,test,Дизайн,6.1251
98cf525abf098a0,control,,2.9106
6dcd17e3565ffec,control,Преподавание и обучение,4.237
88a6d2ae8d76442,control,,6.0473
dbc148d92a4985e,test,,5.1381
14a5ad1ec21ad3c,control,Преподавание и обучение,3.4154
737eb2f477656e0,test,,4.5542
dddf76037428c24,test,Преподавание и обучение,5.745
a3aeeb9d1114450,control,Финансы и консалтинг,4.9992
16c66a35e3b1cab,control,,5.1286
3322f53a16de0a9,control,Преподавание и обучение,5.2646
8634757f07cd286,test,,8.0217
f446551416bff0c,test,Преподавание и обучение,5.3337
634ffb2d2b9a11c,control,,4.7674
c4e53e19373e13f,test,,6.1059
c2a2c80b8083ce7,test,Поддержка и сервис,6.2344
f37611cccf6dc97,control,Преподавание и обучение,3.4781
134f9311727a51a,test,,5.8232
a3c48c4e83d5f91,control,,5.1738
df20a4b42519339,test,,5.1012
4ee12ba55038fda,control,,6.1063
502fd5056a44d38,test,,3.9966
62a51bfc27129ea,test,Преподавание и обучение,8.1126
6e03d1c6d2224e5,control,Дизайн,5.3727
c135c90475079f0,control,,5.5852
bf851b5e08b0d00,test,Преподавание и обучение,3.6213
2a980ad0b6ff1ff,test,,3.3983
bc43c670ddc7323,test,,6.1254
6139fec257b2bc4,control,Преподавание и обучение,5.0091
6a30e22ad91065f,control,,6.2639
1995b06a4ad1017,control,,5.3793
3032915c4ce1c62,control,Преподавание и обучение,4.9445
9eca945ce7bba89,test,Разработка и инженерия,3.9556
c0ead262a5f0934,control,,4.6491
032b1fdd3ca5ea9,control,,3.815
c95a217d4489a5f,test,Преподавание и обучение,5.4808
c3b6e1f545c54e4,test,Преподавание и обучение,6.4643
d34995a2c89225b,control,Преподавание и обучение,4.1669
ee6bb2459fdaee0,control,,5.3474
27dec62144d3246,test,Преподавание и обучение,4.1666
98d2b6c77e1d599,control,,4.1689
8dcddbe334027bc,control,Преподавание и обучение,7.7501
697e57cf8beac6c,control,,2.9602
e2860a76f49c4f5,control,Разработка и инженерия,4.8661
a62b3d77f5ca2c4,test,,5.9671
6f3a8252bf3fadf,test,,7.2986
27e06bbd0a102ec,control,Преподавание и обучение,4.261
11dc1ac6fcad4a7,control,Преподавание и обучение,4.5232
27181d9ca6d62aa,test,Преподавание и обучение,5.8438
d134a679f3dde21,test,,5.9379
a48bd16dbff915d,control,,5.0424
a3dd374ab9adf34,control,,5.6449
59b222faecaec77,control,,4.1346
8bd51bfcf003b51,control,Преподавание и обучение,5.4455
68a4f48c60beaaa,control,,5.8393
6b2a28b8ef0d94f,test,,5.879
0efe344dcab1c3e,test,Разработка и инженерия,4.6271
f4222c4020b5b43,control,,4.0517
305dc79072e5b66,control,,5.3824
cc9ca2a9cc6ce8d,control,,4.0882
6d55a4a69a507d8,control,,5.0287
a200328c1f3a10a,control,,4.6302
5639c6d6ce70e87,test,,7.5321
2d8ae41ef9465b9,test,Преподавание и обучение,5.0508
f72af9288f3766a,control,Другое,5.1941
7314c4b3ac01a1d,control,Преподавание и обучение,6.8412
6e6d266011ed4b5,test,,3.7671
2ecafb325109ac7,test,,4.8597
4bb330da4806e7c,test,,5.0019
5b48f3d0a6ed8e0,control,,3.0818
a3723df3dd28a6e,control,,4.2465
ca7095d4da37b89,test,Разработка и инженерия,7.5177
cb967a15c6333b2,control,,6.5344
2aea886557549ca,control,,3.7585
789dd86f40825ad,test,Преподавание и обучение,5.2313
7b1470372065318,test,,5.4336
257b3199589c1f8,control,,7.1548
138aa6a42b339e6,control,Другое,5.4149
41694484efccd0d,control,,5.454
7608a7f4e9944b1,test,,6.6077
3f73d3dde0500a9,test,,5.344
d6e1fec5abda69c,test,Преподавание и обучение,7.5257
0cbea64dd341492,control,,3.6833
b2281c98dcf8fbf,control,Преподавание и обучение,4.7757
354bbb6230c95b2,test,Преподавание и обучение,5.0932
a8f2f95223ac40d,control,,4.7631
a7ac75fc21eb0d5,test,Преподавание и обучение,2.6844
b879e6741244eaa,control,,4.6526
c08bd8af724eccf,control,Преподавание и обучение,3.5183
fdc7dde6ae6f794,test,Преподавание и обучение,4.4945
443b757f89a657d,test,Маркетинг и реклама,4.8981
5e667c28e193d18,control,,3.9595
60b158b4fca5a9b,test,,5.8116
0e231b8832c29ff,control,,5.1665
eef6396394b4add,test,,5.6656
0919178a98f9d68,control,Преподавание и обучение,4.9862
3982f9e641482c3,control,,3.8695
c4c756fe273ddee,test,,5.8695
e6c4b93d46f0abc,test,,4.3147
e039de22d2d5e4f,test,,4.7049
6d2067b2dac2adb,test,,5.7512
52cd198e5f912b1,control,,4.3041
c792700be9a4399,test,,2.8898
eb951335d5875b9,control,,5.6597
9f51ecb8084ebec,test,,6.0789
3855f662be1425c,control,,4.2328
5a758fcce60eeae,control,,2.374
a0703e664e40215,control,Преподавание и обучение,4.7222
782cdead7dfcc7b,control,,5.5036
bee9dc7038f0eb0,test,,6.0389
333aed012b25a10,control,Другое,7.674
c380bc1ac627448,test,Управление командой,3.2766
8ef18ecb3e290c1,control,,4.2778
46ef679d5914c9c,control,,6.268
103592ad71cf8b9,control,Редактура и копирайтинг,4.3606
62971076859e5ad,test,Преподавание и обучение,6.3007
342aa43820a8634,test,Преподавание и обучение,7.0741
830f75713abaaa4,control,Преподавание и обучение,3.0653
4ae421c4cccb456,test,,6.1221
c2270a5f2ac7f7d,test,Преподавание и обучение,5.157
13ae7a76505d8cc,test,Другое,4.0301
3e99e0bbd685cf5,test,Разработка и инженерия,6.4517
404d4ea109b477a,control,,4.1707
c4a4e39687850a0,test,,6.3566
ff2d8566b5aca6b,test,,5.5021
61ea18cf1d2cc99,control,Другое,3.875
41f58c308052668,test,,5.5858
60b59d0842968aa,test,,4.8291
1db038fe6b23177,control,,5.8355
aa232a4b0e31d7a,control,Преподавание и обучение,3.0053
2773c4221e46a5f,test,Преподавание и обучение,5.9757
dfb75143740c529,control,Преподавание и обучение,5.6948
0e517eb6a2c1e2f,test,Преподавание и обучение,6.5937
ae8ebdb0ae79b71,test,Другое,5.0005
60cff403be85b68,control,Преподавание и обучение,4.5849
ae4c59d5ae4223f,control,Преподавание и обучение,4.0181
c1a835e79ed6b98,control,Преподавание и обучение,5.5413
044e9a00f8012a4,test,,5.7807
e9b40a33473c196,control,,5.9511
6d40b280f325a16,control,,6.1931
4b7a3689bb6ed91,test,,5.9608
04649d124530f5d,control,,5.2048
69739479c61a173,control,,3.5571
c75bec4d1c03a07,control,Преподавание и обучение,5.6645
b488f90ec95da3c,test,,6.0015
8dc58fd186d327c,test,,3.9112
61ad37712342b45,control,,2.5484
cfedc4ff27ce5d1,control,,4.7805
c5a69029fdd3794,test,Другое,5.3349
62b49af89dbb4f3,control,Преподавание и обучение,5.1543
83644f3e488c653,test,,3.9027
0ac76116fb58c68,test,,5.9325
8c924f1398ff32c,test,,4.1264
24d43a8860fb16d,test,,5.338
53cfbdf394225f1,test,Управление продуктом,6.0235
4d8d6d396950e50,test,Преподавание и обучение,5.3306
9cb10515a8ff7df,control,Преподавание и обучение,3.7677
7f3eef78fb01205,control,,6.0882
c8eb3a36f057aed,control,Преподавание и обучение,5.7168
5364a4fba758425,control,,6.2772
c1c87f9cd7b6196,control,,7.0121
da536675f12b618,control,,5.8544
33c2f01b47c3c45,test,,4.6041
e1d0a3b994d34bf,control,,7.1394
ad9e534effd85c0,control,,5.1386
54f3fccac8dcc6d,test,Преподавание и обучение,5.951
816b4ed767085fd,control,,7.1356
9f80ab99b35e1a9,control,,7.4604
0fa2c981c119f67,test,,5.9172
73af7c79beab960,test,,4.6318
fbe49bdf474c4e5,control,,6.1789
f3e1f952b8768d6,test,,4.4475
f906d1e96e49cd5,test,,5.7028
4a025506e4f02bb,test,Преподавание и обучение,7.3862
e8655867754e19b,control,,2.748
0ee75c5449c70af,control,Преподавание и обучение,4.5308
43bbbe34c43e95b,test,,3.5617
2a8111a275d204c,test,Преподавание и обучение,5.1133
8f766daebcd164f,test,,4.3529
fb5feb70d865388,test,,5.0577
bc4c100e4c454ba,control,,1.9208
d0b176368f33c86,test,Финансы и консалтинг,4.8895
8e6d6315259d6c6,control,Преподавание и обучение,3.2817
cfa4093b0260cc2,control,,3.6742
a5cef20e0814f6f,control,,4.6437
9f50191534300d9,test,Разработка и инженерия,7.5973
80ae12c20a36020,test,Преподавание и обучение,8.1331
59e7962f6e30f55,control,,4.01
135d6e45856de69,test,Преподавание и обучение,6.6605
bbe72ff021fefc1,test,Преподавание и обучение,3.3557
344b2525369a739,control,,6.4968
dda035bfadce5c6,control,Преподавание и обучение,5.6394
2a29e4796222a03,control,Преподавание и обучение,5.3344
e657abca8558a56,control,Преподавание и обучение,4.7481
b66366f80e8f2b6,control,,4.7437
8e2eae1605e2407,control,Преподавание и обучение,4.8389
470d22b8394b70e,test,,6.0875
42a96329de8c136,test,Управление командой,6.1718
8b69ce9c8d67384,control,,5.8759
821a202c9dbec11,control,,3.7661
7ac64df9ef42b77,test,Преподавание и обучение,3.4243
8e9826855f33401,test,,6.0519
a0428a2c50cfe02,test,,7.2558
ac259edb83e3f57,test,,8.2259
79ec1f9893905c3,control,Бизнес и предпринимательство,5.5829
158f70a4c0ed457,control,,5.6475
fdcc3fffe0df4e2,control,,6.8601
ded0b20c899a4af,test,,5.9666
9220d6b4ec1246e,test,,7.0614
e5fee08be1416d1,test,Преподавание и обучение,6.3501
15f25f8b8794a9e,control,,6.1048
fffa19f9a7f47e1,control,Другое,4.4835
29ab7479afcdd83,test,,4.6226
523da7813dbdb51,test,,5.3247
c7319de0f70fcef,test,Преподавание и обучение,4.0676
d515787c8dd4a58,test,,5.9602
e7fdd9d7dca33e3,test,,6.4545
473adf960bfdc1d,control,Преподавание и обучение,4.4672
9f41e26b8c7e3d9,control,,4.5117
ba8ec1084bdfc55,test,Преподавание и обучение,4.7622
576c105fa7eceec,test,,4.6268
959cce5f70bca0d,control,,5.7143
339cf0d34a0a8f5,test,,5.0955
5c54fc80cf98511,test,,3.9183
cc1bff9f556ca71,test,,3.8107
38db66e3d090b50,control,Разработка и инженерия,4.1145
9fd4d05ebc13eee,control,Преподавание и обучение,6.0854
69bdf0b89bc664e,test,,5.9033
01702931fe94f1b,control,,5.863
9f209b87acc879d,test,,5.4446
7cb2af4f8a3c654,control,,5.8102
7fd2e8953ee2aa5,test,,5.1073
824383676efe12f,control,,3.2082
c26a28b4453bc3d,test,,4.3096
1e6559b47140b41,test,,5.6456
3f92e9a2b93a148,test,,6.1894
2c6b711dc0f6190,test,Преподавание и обучение,4.0329
2b154a0772ebbc6,test,Преподавание и обучение,4.4636
1006cd4faab45a2,control,Преподавание и обучение,3.7047
cfd2080cbce1bda,test,,4.1102
da2356e23067312,test,,5.1465
19896ceda9a9960,test,,4.8433
bb4d59ce6d17c2b,test,,5.0776
1f42f710dee4398,test,Преподавание и обучение,5.2397
74fc75718eef08c,test,,4.4415
45d6a548e47bfef,control,,5.0411
d8fa6489a8ca2f2,test,,3.4275
92a6a3fa3e25f1a,control,,8.0957
5700808b7587f5b,control,Аналитика и исследования,4.2668
653c7fa88d00bc6,test,Преподавание и обучение,5.2139
58778353bdeb859,test,,5.5286
0b43420d5854ea9,test,,5.9081
08e3ea7379c5b0d,test,Преподавание и обучение,5.23
6fd8c5f2809347c,test,,5.1092
e858c21728a224f,test,Преподавание и обучение,4.8721
d4cb040649ad381,test,,4.6355
c6f4389664a99cb,test,,3.379
64d8714deb0b0c6,control,,6.357
e7abbacb6f3e67b,control,Преподавание и обучение,4.4327
cc5dbf591c7a1df,control,,4.3485
598d203244d3856,control,Управление командой,5.3862
f528dffd5e46a99,control,,5.2771
e58fcfbd83dc072,test,,5.4815
9f8963c011177b3,test,Аналитика и исследования,4.8052
848a6d20396d8c0,test,,4.8952
6e0563382b76fb2,control,Другое,2.4835
4c20ef2c4873717,control,Преподавание и обучение,5.525
a9cff7d5981c187,control,,5.2445
f8f7f9ca15c5400,test,Преподавание и обучение,5.9309
b47bb555aec3dc8,test,,4.3319
5d16dca069449b1,test,Преподавание и обучение,3.7866
39f5cc1d500c047,test,Преподавание и обучение,7.5937
cd556f50f3da95b,control,,5.0325
12ecc7b1fc95d0f,test,Преподавание и обучение,5.0275
d9822cbf2852f06,test,,7.1869
08c4b3d1e0cdc45,control,Преподавание и обучение,7.249
09246334f924bcc,control,,4.2963
78df95f26f19fc2,test,Разработка и инженерия,6.3197
323b9cd4df311f0,test,,6.0398
ef2529b4311d3cb,control,,5.5185
cc86c0a367b96a4,test,,4.4307
0405862bc86f23e,control,Финансы и консалтинг,4.7243
c218fe0892d13ae,test,Преподавание и обучение,5.7539
ea0fe2874513a8c,test,Преподавание и обучение,4.6914
f638b1fabe7a596,test,,5.0799
86e36c67125275d,control,,5.362
e59546b228d19a2,control,,4.1023
4db56edf48908e5,test,,2.2805
2007937f176c75f,test,,6.6307
ca512a49def458b,test,Другое,2.5292
3260f3512cca312,test,Преподавание и обучение,3.563
fb700774e66fc02,control,,8.4263
583ebe506ea156e,test,,5.9444
9ba6971f7985b89,control,Преподавание и обучение,4.5868
66d0fb28cd44af9,control,,4.5421
16d561967f333f6,test,Преподавание и обучение,6.0094
f923492711d7f94,control,Преподавание и обучение,5.2199
5a788c0665602b5,control,,5.5752
7c270939542ff1e,control,,5.1743
09c9d6dd7155a1a,test,,5.478
f491bf38e555c90,test,,3.7992
3ac5b606746a52c,control,Дизайн,3.6859
4f976d27a1dba1f,test,,5.0213
2b328a71fb6f084,control,,4.7702
4251045b8b4bcba,control,,5.6143
1ca8c33b4dd906e,control,,5.6089
b6c15aec6ae9991,control,Преподавание и обучение,5.2887
50d4ed499d53133,control,Преподавание и обучение,4.3379
60b9ca7f1abc0ce,control,Дизайн,5.1011
1d9a18e3ffb04f9,test,Другое,6.1474
23584469cc7c717,control,,4.464
fc7249d6b228bb2,control,,4.7894
a3721549f53efa0,control,Преподавание и обучение,4.1229
8e42298b4ca4ff4,control,Преподавание и обучение,4.848
7d7e14017193232,control,,6.9092
54b5691690b4e43,test,,5.8985
aa3d27536c1983d,test,Преподавание и обучение,6.0224
c87b8cc6c07d376,test,,6.2072
745fcc4b11c2700,test,Преподавание и обучение,6.2624
9df95d24ff6f71e,test,Преподавание и обучение,3.6762
aca0705c7982c43,test,,4.1743
a0732ad4043103f,test,Преподавание и обучение,5.7659
6979040fb4954fa,control,Преподавание и обучение,3.8869
391d8f7972774d0,test,Преподавание и обучение,4.2429
52d946485fc2806,control,,5.4572
e42ce6005c0a404,test,Преподавание и обучение,6.4351
3431736252e545f,test,Дизайн,5.9062
d2a2e9620fa5cbe,test,,6.2698
b08a5d227536117,control,,5.5034
a777d58e0c8645c,test,Преподавание и обучение,2.9063
f9295a9e7ac235d,control,,6.0487
86b472ee435281a,test,,5.2381
293a5160ba18b81,test,,7.7396
2c09ccb90acbc2d,test,,4.3965
c232a4e46a3b9c3,control,Преподавание и обучение,4.1048
8de00b280682b3a,control,,6.1091
4edf5f1ea42d147,test,Преподавание и обучение,6.769
84e6102a06ad48d,control,Преподавание и обучение,3.7891
0e86a09b4f6d209,control,,5.4533
4e76d4194d85747,test,,4.2048
d2d319eed3b2b4a,control,,3.9693
07aacdb7c9e70fc,test,,5.4884
1099ba26ec17c9f,control,Преподавание и обучение,5.6797
9d0e689ecd876d1,control,,4.8294
2d515fc441d001b,test,Преподавание и обучение,5.048
070848ed48bd402,test,,5.6957
0f99eee26195538,test,,4.6321
f2690bf5d88c8c8,test,,5.9812
7bc2fb500a90d7f,control,Преподавание и обучение,2.9624
e56b487481ca175,test,,5.9134
a4e56fb6042715a,control,,6.2287
720ec3738a8d608,test,,5.7928
0d0ee8a259c7153,control,,5.741
b224dd0e1ec4e0d,test,,7.1278
093afedea0d7549,control,Другое,3.7597
11e4d13d7613241,control,Другое,4.3598
ca25fedcbdccfc1,control,,5.2836
6b3b7723c01e879,test,,6.2661
945ff36cb3a9f74,test,,4.7766
922e64a4c1419bc,control,Управление командой,3.3374
574ec12f40e508a,test,Преподавание и обучение,6.9592
02a5e001f935b3e,test,Другое,5.7116
c23ce1554ff5647,control,,5.8044
54a39b62cfbce5c,control,Преподавание и обучение,5.5821
f80743fb35ea976,control,Аналитика и исследования,7.1679
fb091934b595615,test,Преподавание и обучение,4.4504
2c9778564c9ba1e,test,,4.7854
7766adeb78a2493,test,,5.8094
a67b33135e4eb64,control,,8.0479
c986d85bdb8e1b6,control,Преподавание и обучение,4.148
3fdbb1d2af86caf,control,,5.7149
37021e3e5cb156b,control,,5.4019
b8976da8707d016,test,Преподавание и обучение,5.1463
db207bbbb19dbb6,control,,6.9631
5d47b0ddd707838,test,Маркетинг и реклама,6.8384
966dc642dcee0ad,control,,6.049
4aec12db1712861,test,Преподавание и обучение,5.3546
b714526a40670a5,control,,6.6136
5a45936e9d1e7b2,control,,5.6656
b32e7b50f1f77bb,control,,5.1085
4380c55877aba74,control,,3.3681
8b69a838fc69820,test,,4.3415
1ad743c990605d1,test,,6.2887
2e060e280f6490d,test,,5.852
def02cf9b1e196d,control,,4.269
b222556fd4154da,control,Преподавание и обучение,3.1032
b4bc8a675e516fe,control,,6.5725
81d4e1f7daa467c,control,Преподавание и обучение,5.8209
97d692442408e02,test,Преподавание и обучение,6.2571
9ab7b7da8ad8347,control,,4.8763
0452453fd28ee94,test,,5.1194
eb29926ac5c8266,test,Аналитика и исследования,6.0119
1e328bc23153fae,control,Управление командой,2.3193
76033c8e06ea947,test,,4.8747
cccf3ea5a46b965,test,Преподавание и обучение,5.2116
efbcd9ec26d9016,control,,5.3213
60a1e530640b22e,control,,5.5004
c26280f30b34d1d,test,,5.778
41995ca81109abf,test,Другое,5.1479
ec5b2b2a70fc96b,control,Преподавание и обучение,4.5853
d84b8beb537bfae,control,Преподавание и обучение,6.5887
738ef8e4f6dc8b2,test,,5.9848
667d28a43a8a537,test,,5.9993
62ee9557b44b7ab,control,,4.3841
c53fdb4f7c32b69,test,Преподавание и обучение,5.5456
ae3d3673b32ac79,test,,4.0177
1024187e5c4f9dc,test,,5.2399
73cb127b57618b3,control,Другое,2.9592
9d90af38f7c0019,control,,6.5928
93cc17b743f9080,control,Преподавание и обучение,4.3321
dcf66597ee4d804,control,Преподавание и обучение,4.6378
55c6a94e9bf5ea2,test,Преподавание и обучение,3.5677
873b391ed78fb70,test,,5.3499
11e2a264118a8e7,control,,3.5811
14d985da200e3e5,control,,3.9192
e22314cc8406641,control,,5.1264
921d91a201c2626,control,Преподавание и обучение,3.5
73d8cbc386d3396,test,,4.6717
7100eb98511dbdc,test,Преподавание и обучение,6.2515
aaaa8f22f043f79,control,,3.7344
cd06964066bf8ba,control,,3.1465
1fe2913c2c22696,test,,4.1799
f9c13efae5853b2,test,,6.0035
e3bd31119c9efeb,test,Другое,4.8809
864bc7b1afb0721,control,,4.9619
3eac3f1ef5f4f00,test,,6.8158
06eb34c806ef049,control,Преподавание и обучение,5.3368
c10a617ee92877a,control,Преподавание и обучение,5.1382
b8b8ab0e7606767,test,Управление командой,4.9149
9855f78bc0bc885,test,Преподавание и обучение,5.0053
ac44c14881be0cc,control,,3.1349
87ddd377af9dd5c,test,Преподавание и обучение,5.405
2553ee74ab4eb24,test,Преподавание и обучение,5.6923
65bcc3146e09abe,control,Разработка и инженерия,6.47
1074c5c04ac8c32,test,,4.5667
2cf8b83f5410abe,control,Преподавание и обучение,3.6485
ac78909cb2307f5,control,,5.3672
77705434535548f,control,Преподавание и обучение,5.0051
10973b2c235a03f,control,,5.4426
8b01e5a9e1d2635,control,,4.6862
f41faf53de386d4,test,Преподавание и обучение,6.5933
0885977ef2fd1bd,control,Преподавание и обучение,5.8511
847a9d3701a885b,test,,2.7879
d53c57732cff4f5,test,Преподавание и обучение,6.2159
71e7be0fa23fe4a,test,,6.5538
0fabba517706941,test,,4.2818
564e7279d4b9e9f,test,,5.9428
4d750b391c91783,test,,4.5102
e620e5ed4268569,control,,5.6518
4981eaa74fb33f1,test,Дизайн,6.2233
59a36372895413f,test,Преподавание и обучение,4.5507
2ab9a167081b0ea,test,Разработка и инженерия,3.9692
38ffc9a84783643,test,Преподавание и обучение,7.3613
595c27fd2e84e2b,test,,5.9529
7eb6c8bf56c4401,control,,4.0381
4668c0012c9399d,test,Преподавание и обучение,4.9125
b20ba18ff832f74,control,,5.4932
2f51210c7024825,test,Преподавание и обучение,5.7455
c2dedc0c13299d0,test,,6.4911
98771d0e6a3e2e6,test,,4.3725
baf43c8a62fbaef,test,,5.5498
18ce3dd15eba776,control,Управление командой,4.7495
58250b153bef92a,test,,6.7455
8e3df03dcc29de0,control,,6.4419
7f20b55a7ebc409,control,,5.4231
40e98befa91c219,control,,5.3323
207200befd99f93,test,,4.0019
0758c817c58aa0a,test,,4.2851
698b2131b2f62fe,test,,5.5825
71913d03ed3db1a,test,,3.4049
5f3ddd3662f7f4b,test,,5.656
8cb326eb89086a3,test,,5.1397
a619c0fa4a4a706,control,Преподавание и обучение,5.26
d70b68f59be7be8,control,Преподавание и обучение,6.7746
56dc357b8336468,test,Другое,5.0104
8b6bc29eaba9c63,control,,3.5978
52c9b05ff52dd52,control,Преподавание и обучение,5.4096
c0ec4f4480bdbc6,test,,5.6562
3e5fa99e35be65d,test,,6.2188
9b9e378441f46e2,control,,3.846
74bbb7a2b9f6da3,test,,6.2928
bd3915c8dfae4ad,control,,5.1316
42c059a70f7933d,control,,5.7987
1eba1754fa2f92f,control,Преподавание и обучение,6.1942
c2f54343d847ce3,test,Преподавание и обучение,5.2157
c011c226d64d73f,test,,5.0714
12ceae63f3dd03e,control,,5.1277
f4d43e1f12eb89d,test,,6.762
ef7c693213146d7,control,,4.2127
9935d0db8b19e64,test,,5.3437
355c0f967599f2e,test,,3.2686
13ce08b22f660f0,test,Преподавание и обучение,4.4838
ea8a3792622297c,control,,4.9891
b04405b7dc6b0d7,test,Разработка и инженерия,4.8664
7bb6cc900dfd76d,test,Другое,4.1249
ff7ee4578f66a2b,test,,4.9637
fb3f5ec3fdbc0fd,test,Преподавание и обучение,3.9938
7d7eccb546f9a5d,test,,4.9422
114f9b52f9912c3,test,Преподавание и обучение,4.3545
a1f33d6c5aa69a5,control,,4.1785
d804644634b8c4e,test,Разработка и инженерия,3.9174
143d337675ff5f4,test,,4.8573
6dad82dd89ffc17,control,Разработка и инженерия,4.8634
349c0c5455a0829,test,Преподавание и обучение,6.2748
02fab7d0ba6159b,control,,7.3015
c9086c62a28ae6e,control,,5.4839
3f036235d670ae3,control,,4.9767
c429ece9e1799f0,test,,5.3524
3b7c845b5841b6d,test,,6.8855
4ed5bb1d0f389f7,control,,3.6614
0db02dd151de568,test,Преподавание и обучение,5.6226
38737290c840720,test,Преподавание и обучение,4.7296
119653eca8f33ec,test,,6.6819
64c0cb622833e24,control,,6.3678
fb6eacb37ff42b5,test,,3.9058
130264efc89674a,test,Преподавание и обучение,6.6261
ec546da5014af97,test,,4.5994
945941205dc04e3,control,Преподавание и обучение,6.014
f5f78bf10138633,control,Преподавание и обучение,3.5606
0314ba6c6fb3cf4,control,,4.4865
099ab3f6fc09ede,test,Преподавание и обучение,5.2037
6f7113e80689e26,test,,5.9759
365e72bb7378c22,test,,3.8452
108d15496fb6ec5,test,,5.2456
11bff6758eec285,control,,4.9943
4d4bc59c52052cc,control,,4.0444
ace1ae5d59000bb,test,Разработка и инженерия,4.2171
050d0ae080b8c50,control,,5.3748
f4059fb7241b870,control,,2.5329
723e04c286c854f,control,,4.6803
422245d882a78c2,control,,2.6083
aa06fcee0be51bf,control,Разработка и инженерия,3.8959
4869a833e864c1e,test,Преподавание и обучение,8.0015
ad74546381606a7,control,Преподавание и обучение,6.6239
c906c8a114fc82e,control,,5.1425
adf3f8fb10dea56,test,,5.0998
45c11de174aaa05,test,,5.6545
911fea92776d8e4,test,,5.8168
8ca0af30b24e9b9,test,,6.1523
cc7c30a5fcd0784,control,Редактура и копирайтинг,2.7433
03f84e9a99464dc,control,Преподавание и обучение,3.7773
52005f515a8494d,control,,4.4917
7f903ee4b1cfc83,control,,5.2078
e8de85bcaa3eecc,control,Управление командой,5.9338
b47e52721c0bb7f,control,,4.6453
9d14e804c6c490f,test,Преподавание и обучение,5.5773
a9229df90aae1d5,control,,3.2551
4163422efc4cc90,test,,5.4785
ec7adec34cc8891,control,,4.2742
faad5ded32f0578,test,Управление командой,4.118
e530a8f62762572,test,Преподавание и обучение,6.1446
6f87f387c6dc593,control,,6.0321
36e3db66d52c9a2,test,,5.169
9a1fc74f9052834,control,,2.5656
b5f93fb1ec919f7,test,,5.6167
4b21e90af0f2aa5,test,Другое,5.4465
b3b23e7f90ae4bb,test,,5.0455
927fe37d91ffe83,test,Другое,7.2768
390d10de6af994e,test,,5.3458
44914405dace550,test,,5.1103
52eab7abd7eccaf,test,,7.154
d123b9c5f79f365,test,,4.3557
89ab61e6efbae87,control,,5.5158
fc762d6004c8793,control,Преподавание и обучение,6.5267
ba1b3bead350a48,test,,5.1192
b269f83395fb52f,test,,5.3977
a9fa5a5d313f840,control,,3.6569
d000677aac11408,control,Дизайн,4.4056
3421ca9cdcb40f6,test,,7.3177
e51f0d5591bcafd,test,Другое,5.0991
aa8cd6571081584,test,,3.5523
cf2838974a17d37,test,,4.0486
fda30ca961e60ed,control,,3.5016
3fa57b22ea0d415,control,,5.2586
af63766b4d5fea9,test,,5.3097
e58e105f789fc35,control,Преподавание и обучение,4.9147
c58caa5cfc7d6af,control,,5.6832
fed18cfe60904f6,test,,5.6746
eb3c2a15f6d082f,test,,4.4107
0fbe2442c4aef33,control,Преподавание и обучение,5.413
2fa9282021d567f,test,Преподавание и обучение,5.4221
ae6a934812e262c,control,Редактура и копирайтинг,7.2064
27639d97cb085ab,control,Управление продуктом,4.3632
a94cbfc78eb0d08,test,,3.5319
fd24b991627a351,control,,6.5538
286cb01d7e3e079,test,,4.804
6366fb9fdd32d15,control,,4.0041
57ba8a5ed8662c3,test,Дизайн,6.8962
7667af046f30c3f,test,Преподавание и обучение,5.0925
311a40731807c94,control,Преподавание и обучение,3.8188
486bbd4be8314e0,test,,4.2925
ad1f02ff2fe0209,test,Преподавание и обучение,5.7197
df109b63b46a178,test,,6.4639
141596a5c07e52c,control,Преподавание и обучение,6.7813
8b929f4442d2e02,control,Дизайн,4.1275
631b42c612a4521,test,,6.6448
ee7eddcb9ea6797,control,Преподавание и обучение,3.0321
58a54c4841918ac,control,Другое,4.2476
1678f91defdce72,control,,5.3342
d134fccb0fb9473,test,Преподавание и обучение,4.4957
c9335d816b24170,test,,3.9788
11377742ceefb6c,test,,4.1542
b029a5c7b096819,control,Преподавание и обучение,3.7039
d4f29b812a9f30e,control,,3.6936
8ae50fec2437651,test,Другое,4.1865
aabc362a83ee049,test,,6.6938
bc8cdf49e5cc789,test,,4.7822
34c866e05c80828,test,,6.0071
084cd9eb377e050,test,,4.6394
f4b260aa668b1fd,control,Преподавание и обучение,5.2931
a9de93fb1648095,control,,4.5105
e04e6b578488ab4,test,,4.3046
575c644f5965c42,test,,6.0435
9b6c7452e960871,test,,6.5083
d2cb1e9a783a40e,test,,4.38
5798b98ead6d6aa,test,,3.4789
a6124aa6283d0e7,control,,4.8971
09b29903a25f01c,control,,3.8884
66c823aeaaf1966,test,,4.4458
7246d6cf19d7ece,test,,6.8378
21139cbb5de0af4,control,Преподавание и обучение,5.9019
9fcde3d0f101a4f,test,Преподавание и обучение,5.7564
80cffb2c401ebc8,test,Преподавание и обучение,8.3606
da1bc5d6273b24e,control,Преподавание и обучение,5.8549
2a8c83c35ef1ff9,control,Преподавание и обучение,2.8581
ff4816e59da4baa,control,Преподавание и обучение,3.6684
3c6882bb45ef6ab,test,Разработка и инженерия,3.5193
67679c1a17c0afb,control,Преподавание и обучение,5.5436
b70868d64945fa1,test,,4.3902
dffc0e9f1308c13,control,Преподавание и обучение,4.9508
62b225cdc6e01e8,test,,5.7903
c8859e1b0aaf96f,control,,5.3729
ee5559767cd742c,test,Бизнес и предпринимательство,6.2069
79852548ccd6435,test,Преподавание и обучение,5.5218
744640a8ad0aa69,test,Преподавание и обучение,4.2921
6b7878603d9dcd5,control,,3.8783
8e99029ba9996a0,test,,4.9541
a23eea6b07510cc,control,Преподавание и обучение,6.0497
6f84f98353dcc0b,test,,7.2294
4551bab12c7edcf,test,,6.2969
4ee1a1b36d0c721,control,,5.3363
7d7049892cac54a,test,,5.394
b954664ad1633d2,control,,6.5482
6dae061ebe5b39e,control,,6.3154
1f1a1724fc75dea,control,Другое,2.3426
6c802d279d4465b,control,,5.4886
b280967dbb28fdc,control,,5.3229
3f4f91f9a192961,test,Преподавание и обучение,3.6773
9059261dba94df0,test,,4.0525
67de0ac3dcbba4f,control,,3.5552
74b6e2eeaf114ae,test,Преподавание и обучение,5.3285
110ca7e9bcde0e6,control,,4.813
6ddbc6d4ef2da9c,test,Преподавание и обучение,5.7237
739095b2cf93a7e,test,Преподавание и обучение,3.6808
464015cc363abec,control,Преподавание и обучение,4.2175
4d49c53eb6a9474,test,Преподавание и обучение,3.9103
058a40076bb6ed0,test,Преподавание и обучение,6.5703
4118d713bca338e,control,Преподавание и обучение,4.6703
289997920544154,test,Преподавание и обучение,6.5021
52e5a8e547b6cf7,control,Преподавание и обучение,3.3513
8958988c43853d7,test,Преподавание и обучение,7.0278
8ec244f612a3bda,test,,7.0086
61bd6b6ef21d429,control,Дизайн,5.2321
2610c73b5f5edf6,test,Преподавание и обучение,5.9762
8ba6f1e8dcc4463,control,,5.477
1d27c44c3679ad3,test,Дизайн,3.7503
b81317533bc3c40,test,Дизайн,7.2997
8997cdae7e9e2a2,test,,4.7994
e6607154ce49386,test,,4.2044
0a2a8f77b04ef12,test,Другое,3.8651
adf3e4591a4603d,control,Преподавание и обучение,6.3338
73375b1a96062d2,control,Преподавание и обучение,4.7961
a47ad3e5f0748b9,control,,4.4105
5507c31426786f2,control,,3.384
4a163ff214f688a,control,,3.1214
d4832c6ef490c91,test,,4.714
48188c5aed8b23a,test,Аналитика и исследования,3.4609
697a601e6d0e178,test,Другое,7.1008
b4a58b3b504d65a,test,Преподавание и обучение,5.7119
64420f29954c93f,control,Дизайн,4.3927
8e4254f32f0efc7,test,Преподавание и обучение,5.057
6998f8122d313b1,test,,4.3384
38a9ce8bbdb12b8,control,Преподавание и обучение,5.8783
f415cd11602ca5c,test,,4.1792
3eef2ce84183b1a,control,,4.5365
edc75eae645f8d0,test,,4.5356
2dc87aa58f5e2a7,test,,5.6141
fda93e323853077,control,,5.9933
2b857862fd92158,control,Другое,4.7693
0c03f60f5b5be85,control,Другое,6.2747
436e354f7fd9c35,test,Преподавание и обучение,5.4089
275b2620c6bbcbe,test,Другое,5.5014
1aae2967bf8958a,control,Преподавание и обучение,4.2657
38acfb803873c47,control,,5.9722
aa54a627f284655,control,,4.3548
6ccf7af6f8d75cb,control,Преподавание и обучение,4.9612
efe3294959ffd6b,test,Преподавание и обучение,4.9609
782fc099c469e20,test,,7.7588
c27361d665d702e,control,,7.8701
c77e5fc914ffa46,test,,3.3046
ddb88b5dbadaeca,test,,3.7321
d5b5a830b5f4f7e,control,,6.9679
73e966a6f285bb5,control,Преподавание и обучение,3.1874
6e7be44fe337bcc,test,,6.2485
11c5766c45aa0bb,control,,5.4854
ff4514f0f311a90,test,,3.5137
9b3ceddd172b7c2,control,,5.7879
4adfb8a954422dc,control,,6.5521
69c6792dc9a0e9b,control,,3.5576
916c5e3914ed6e0,control,Преподавание и обучение,6.0057
874fed4185adb12,control,Аналитика и исследования,5.4465
8e428b00e542bb0,control,,5.1008
b93b01496588dff,control,Преподавание и обучение,3.7899
6a3a09f97e01b4f,test,Преподавание и обучение,4.7483
4cc6e7bd0d186e6,control,,5.4714
14fdc0f28a5d615,control,Другое,5.6465
a51b92b0923a83e,test,Разработка и инженерия,3.7907
7ba0b887400ce0e,test,,5.3997
cb7dabeafcc48a0,test,Аналитика и исследования,4.3884
0f66e81c93d5793,control,,3.989
4bc35c39a9d9f3a,test,,3.1276
ad5c403063da4d3,control,,5.9121
2f71b8060042244,test,Преподавание и обучение,3.1338
f14028235d4f15b,test,,4.6983
07236304f2edb72,control,,5.3919
e7e90fd317601ec,control,,3.316
780ac69a890ece8,control,,3.8611
7606ac66153ba18,control,,4.1607
964ac0ff155cffb,control,,6.9218
af5c0d76190df4c,test,,6.1778
a0f1227d5511f81,control,,5.3803
014305ddb7d7ab6,test,,6.0369
0290489f3eeaf6c,control,,5.0553
9dc74bc9bd45360,control,,5.5623
6c1de996c459032,test,Преподавание и обучение,3.6438
71ab97288e9014a,control,,3.7174
e8414143e6574cd,test,,5.7136
19d911ce80b0e10,control,,3.3186
5d325e6745cd065,test,,5.4958
21377bfdd690af4,control,Преподавание и обучение,4.4367
8b1c2aff549595e,test,Преподавание и обучение,5.844
b73d2263bee29d4,control,,4.9558
351569dd2082ad1,control,,3.8069
21f0a0949e3a242,control,,5.8546
b43a6163db46fb9,test,,5.4543
9ae068f44ee9585,control,Преподавание и обучение,5.1115
664c8cd2fdf46dd,test,Управление продуктом,5.0499
30a9b0ef14ef621,control,Преподавание и обучение,3.3087
5f066bfada45957,test,Преподавание и обучение,5.266
06915f6c85b08b2,control,,5.2282
e411cd269c472c8,test,,5.6155
8907cc76254f75b,test,Преподавание и обучение,4.6922
6a2adf3187a3a16,control,,3.4148
623f7187418aab4,test,Преподавание и обучение,7.4162
d39708db9d56a43,test,,7.0444
18591736eb673f9,test,,3.221
f7678a87622316e,control,Преподавание и обучение,5.8036
429fa928255eeaa,test,,6.4549
de5914592092e26,control,,4.0165
d9ae14c63aba736,control,,3.664
66efc90713c02e5,test,,6.0536
3683105ca9b350f,test,,4.4093
d149ffa6e9b2eeb,control,Другое,6.1474
1bcc76aa3b3dc2d,control,Преподавание и обучение,4.8337
632997f15dfdea7,test,,3.7337
637f86e9c3c51a0,test,Управление командой,5.53
3fcda26740b6cce,test,,3.3315
2dc0e1effee3d0f,test,,3.3122
2188f717c39da5c,test,,5.121
41fadac3e81c8ef,control,,3.4579
bbe79d4bdbdf322,test,,6.4596
fe5f0024ec6a793,control,,4.6143
0b24dbd54815e92,control,,5.3232
f1b66ff99f0dfb9,test,,6.7487
b44652d2fe29a75,control,,3.2892
33e531d6eaefac3,control,,3.9853
7ae29243deba86e,control,,4.6345
424469db439c2a1,test,,4.5588
074521cb33c4b1e,test,Разработка и инженерия,6.1787
35d06a4a5385ed1,control,,3.8035
5a32dde00d98273,test,Преподавание и обучение,5.2454
2bcbda68c5ba1f0,test,,4.0595
ba8ee450a3979af,test,,5.7156
97e5b1169ddb924,test,,7.3008
db726ed2ac68849,control,,5.4616
0cd9fddf576fa5b,test,,5.3954
f2bcdfed047f75b,test,,5.8273
ba678badc2aa326,test,,7.2953
2e5593e98faf974,test,Преподавание и обучение,5.2146
249000c3637b6bc,control,Преподавание и обучение,4.7336
34bffcae25125d0,control,Преподавание и обучение,4.9637
3c07477511c2292,control,,3.9686
9af285eaf55fe36,test,Другое,3.8332
32a15e5d3c1c9c4,test,,6.8502
282a7f00276686a,control,Преподавание и обучение,3.6507
aa62267543e7b8f,control,Преподавание и обучение,5.2989
64c34a08f38e86c,test,,6.062
abcf0a3be0fae28,control,,4.1639
bd93f4ce85f7b6d,test,Преподавание и обучение,5.8211
dfc08b212c41824,test,Управление продуктом,4.672
1981354ec589ae0,control,,6.1149
28c47ace6b802f4,control,,5.4368
04e0ae4d485f35b,control,Преподавание и обучение,6.8283
15df8ded608b78e,control,Другое,4.5092
ada31734aaced38,test,,5.0121
863e4f394b513fe,control,,3.4899
985279a920d9f36,test,Преподавание и обучение,3.041
8ff6458af17a0bc,test,Дизайн,6.6668
62462c9d29b0245,test,Преподавание и обучение,5.7358
69a7a73ebc6387d,test,,7.1287
629b649dcf35dad,control,,4.9655
d3401f355c30e34,test,Преподавание и обучение,5.0446
63ae88e8bb7b0bd,control,Преподавание и обучение,3.0836
7519466ecfeaf5b,test,Преподавание и обучение,4.5924
88370ebb1e9f640,test,Преподавание и обучение,5.9512
91d7fd0ab4b6da5,control,,3.8909
35f57663afa8689,test,Дизайн,5.1806
5b405ba682d7b57,test,,5.2019
7bc6e8b9739f72a,control,Преподавание и обучение,6.2027
83a9b61acf8a183,control,Преподавание и обучение,4.1388
b13d3ddf57d2979,test,Преподавание и обучение,4.6031
db476c4c1f1540d,test,,6.9633
44ce4ebb40d1b64,control,,6.822
a331735cb679592,test,Дизайн,4.7709
14ed0f54b27a99c,control,Дизайн,6.7047
168814afc9dc0ef,test,,4.3585
21224abb2324035,test,,6.1203
08e12fef63b67c3,control,Другое,4.3176
4549bb3e7e2bd67,control,Преподавание и обучение,3.2671
182ecf24608726e,control,,4.7878
d19f3e649b0a27b,test,,5.4801
b889fc627de9c36,control,,6.1496
737c20af0982f15,test,,5.2802
03f83b44d01fd41,control,,3.9893
4c48dbc6a2ca612,control,,5.0402
5a2ff0d8786076a,control,Преподавание и обучение,4.9787
32b3e97f14fa3be,control,Преподавание и обучение,5.7454
ba699f78c52332a,control,Преподавание и обучение,5.4626
8551f2d108a4d40,test,,3.2912
544aacfbbdb6ff7,control,,5.466
2d5c0bf57011a01,test,,3.1685
7365a80aa4eafb3,test,,3.6486
c24168a5e7ae608,control,,2.8131
292fc5f60bfd8b2,test,,5.3505
8323702f6793d7d,control,,4.9853
43388c4bac2aab4,test,,4.7165
af6ee3356c5be6c,control,,5.8919
38c4f4b7bb66749,control,,6.1415
28f883773d1db43,control,,6.2504
a05e99ecbb39e7b,test,,3.3875
5539eeb8ca086c7,control,,3.0223
e726790d7de321a,control,,4.7134
0fead2e3edfe222,test,Преподавание и обучение,3.2463
e0c6f10bd4ab79d,test,,3.9822
43f72c56a5d476e,test,,6.204
e4a7ec9a13452ce,control,,4.3082
1d252d0417509e3,control,,4.0374
ab76b25766c6a48,test,,6.5893
57d355c216a619e,control,,4.286
32c272e5df7eca2,test,Преподавание и обучение,4.7508
20248291af41345,test,,7.4069
639df20ccc9f5e2,control,,3.6034
20680a73ab7fc37,control,Бизнес и предпринимательство,4.0609
b2770e6fd3ed1ac,test,,3.0381
79c9cf2c491cf63,control,,3.5982
68543184e9df711,control,,4.8391
283b79b75d50dbd,control,,4.967
f4c95048507be18,control,,5.0458
17d48af43a1c3a5,control,,4.7603
6c83828e32c7c09,test,Редактура и копирайтинг,4.4096
7edd713d0bfc237,control,,3.6746
6905208ee9ba12c,control,,6.0913
d667ea880624654,control,Преподавание и обучение,5.4267
ddcd58225958d5f,test,Другое,4.6065
b73b5f5ff95c595,control,,6.3355
b0e6c4e91eb3656,test,,6.8027
1cac1bd0026a294,test,,4.6433
fdec0325d1da8ea,control,,4.6974
bdecf65381b74c0,control,,4.6726
f24f90785c4009a,control,,4.7129
d7d12c764b181aa,test,Преподавание и обучение,5.487
975f984ea8c8c83,test,Другое,6.6491
a61d1658f16782a,test,,4.9347
a74f4bc092a2eb8,control,,4.8075
5cb044510421bf5,test,,6.1532
0ad0a101e4e4844,control,,5.8606
e0867ae0a0f923f,test,,7.7662
6868b987cdf057e,control,,5.2973
a2d873cbdcdc626,control,,5.4108
992a68104d408f9,test,Преподавание и обучение,4.2633
5fa8dc84f012f48,control,Преподавание и обучение,3.4824
9edd6e05d0cbd53,test,,6.6335
6a523fd0c659dce,test,,3.0395
e9dd6a96c854c82,control,,3.8585
af8f4768b21eede,control,,6.1958
d7881f19daa151f,control,,6.4032
d6fde7a81987b48,test,Маркетинг и реклама,3.6225
ff5236daf131e3e,control,,4.4004
ea29289af3b58e1,control,,2.5944
0611c767bced0ab,control,,6.7484
f19fbc8f1d23237,control,,5.3185
5bd49f63d4f62ef,control,,8.0049
980dfed7cfd3967,test,Преподавание и обучение,3.4171
8adddbdd2b838e7,control,,4.4161
22c623a938aab45,test,Преподавание и обучение,3.8082
4053be43dc5027c,control,,5.991
e98ad8e1c774b7e,test,,4.7125
140589d34d4afde,test,,4.8361
6324bfdf08cf0cf,control,,5.8756
21f8fe8cf935a2d,test,,7.8856
336f3cb7fb33d9a,control,Другое,6.4434
d76570ea05f860f,control,,3.4372
7519c8a49850c52,test,,4.5705
cbc84bee9b7b7eb,test,,6.7088
c8b32818d77d4d1,control,,6.0998
b8e0be2b16fd162,control,Другое,5.1468
c0ed527eee85c55,test,Преподавание и обучение,6.2143
911149ce445f3fa,control,Преподавание и обучение,4.8175
91b7198d3654126,test,,4.5586
6bcf00ba4553058,control,,5.5494
bc3a9d2368b2531,test,,4.5575
5c126e09a6ef1e9,test,,5.2882
5cc1e45bc07fd8d,control,Преподавание и обучение,5.9588
d88308dd2bc686e,control,,6.8364
138b400e5f895a8,test,,4.2279
d88428fe9db5619,test,Преподавание и обучение,6.213
ba2578a4cb9fa23,control,,6.7956
7d3c3847d0d8103,control,Редактура и копирайтинг,3.1067
c4ff7b592294a36,test,,3.6456
05f1a042ea53c7b,test,,1.5974
95cfaf46ab38123,control,Бизнес и предпринимательство,5.6926
84015f2c98a37e6,control,,5.9877
ac758539933a85e,control,,5.1907
ed7cefb4a096495,test,,5.1363
1d9016e8136b0c0,test,,5.7569
3c17fc8a59c6bf1,control,,5.228
9145aa1ef14ccf6,control,,4.7143
ae5e76a9ff0c7cb,test,,7.1916
9663e3972c16d24,test,,5.3408
21a9c4fb80f2254,test,,4.7721
1e0a95301269bae,test,Преподавание и обучение,4.8123
81f447f41d1c9c2,control,,6.9449
63e2a25fc8ade3f,test,Управление командой,4.6876
ef5aa6bef4eeee4,control,,6.7717
0f52b7935c51797,test,,4.199
cccd853a6a648b0,test,,7.3516
53b88daf9da70b2,control,,6.5605
eeb9b613b0dd44c,control,,5.7624
cf764b23473c725,test,,7.6753
e955ae1626d431c,test,,6.5572
90176f0cbadd6e4,control,,3.5906
fe08ca6c13d5393,test,Преподавание и обучение,5.9798
ebe58ca0a7f448c,test,,4.438
81ce125b22ed22d,test,,4.2646
90f6b7818b2be11,test,Преподавание и обучение,5.1119
99bf047f1d08684,test,,6.7854
da4d6e4c99cdb14,control,,4.6035
97ae718e5aee902,test,,4.5988
79e7a2a88b90a2a,control,,6.7499
36aadbd10c192cc,control,,5.0595
5e0e24b70801648,control,,5.0611
504afc09dddcfaa,control,Преподавание и обучение,3.2636
8fa9e879b0ed844,control,,6.0385
831ca94d0c947d1,control,,7.5496
b669eed0af15f10,test,Преподавание и обучение,4.0514
f7bcb198ddb01c3,test,,6.6387
d93454768e22df8,control,Преподавание и обучение,4.3706
aaf3cb29d9bf902,control,,4.5625
592d423582acf85,control,,4.2985
476130106982ba1,control,,3.8663
be6559ce65124ae,test,,6.6434
afe5059119e9b0c,control,,4.6434
c38381833d783e2,control,,4.0527
303101dc6cf1403,control,,3.3626
7aad211bc4b22b5,test,,3.1947
49b63b089dce5bd,test,Преподавание и обучение,4.9094
94a20b5f3e1245e,control,,5.3696
01b084fffd185bb,test,,5.4986
ca39382c29c8561,test,Преподавание и обучение,5.6639
b6ea5c933661d88,control,Преподавание и обучение,7.8503
80c6ae1af12f966,control,,4.791
2031122f27808f3,control,,4.9373
bfae21c5ae5d4ae,control,,4.1133
938ac3ac5a28fbb,control,,5.4596
a27a00a7bb95421,control,,5.9703
4acd49da1c7f473,test,,6.1327
a7f8872079e369f,control,,5.4582
882108edda4f4b5,control,,6.1638
46ffbcc934cc1ee,control,,5.1898
464c7fd64a03650,control,Преподавание и обучение,1.9288
0368fdc3804cb62,test,,4.7311
2c095134ef5d986,control,Разработка и инженерия,4.0064
a5f3947f4def50f,test,,4.4447
bc27364528d3961,test,,7.5672
6e695d10e0ef2d0,control,,7.426
7ca5344dfa1d1e3,test,,5.028
1d597d097e6a4d5,control,Другое,4.7718
fb29bc6cc63af36,control,,5.4866
560ea8fd342a970,control,Преподавание и обучение,3.3456
311cdc1c43de168,test,Преподавание и обучение,4.9845
fa4054eb27f6ad1,control,Преподавание и обучение,4.9952
1aae95b4adfa06c,test,,4.9807
5dff55f7ca45c27,test,Преподавание и обучение,5.632
182b3e4f0202460,control,Другое,6.3706
6bd68ac6a866db6,control,,4.6693
74bb228daab4072,test,Преподавание и обучение,4.2594
f86483b01e2af2b,control,,5.6037
a6ff6d40a836659,test,Преподавание и обучение,6.7205
b6a8cfb955b4bd3,control,,4.3039
2e07bfe5124e464,test,Преподавание и обучение,4.2412
2d81c83573924cb,test,Преподавание и обучение,4.0619
5501bf51b1e682a,test,Преподавание и обучение,4.9884
18b8968f24209c5,test,,5.648
0c49db50526d1e1,control,,5.0893
a3303da50ca3857,control,,2.6294
a0aafb99b62a9e3,control,Преподавание и обучение,4.6533
be1149555b14e6b,control,,4.4855
24c8bb7ac88cb15,control,Преподавание и обучение,4.5068
b30013ecdd59fce,control,,3.5487
670c2dffc946c1f,test,,4.7013
4c65b6cc13678db,test,,5.8185
61615f6de68f22f,control,,4.215
f4d6b3675567301,control,,5.3528
f1f34df676a87f9,test,,4.8378
195337d15bba08f,control,,5.1033
6064f51f6c49548,control,,5.641
6c46dcadb0bc985,control,,3.8031
a2e8538982bb59d,test,,4.1855
aaa5f4c6f4df07d,control,Разработка и инженерия,4.6479
891f52e556cbe88,test,,4.7724
d91ffd50593fe87,test,,5.815
9d2f4d897d12f4f,test,,4.9212
15d9432fa4f506e,test,,4.6599
009ff6b2416c9b0,test,,7.3315
b22f09adda72856,control,Финансы и консалтинг,2.0281
6163828ee54a6bc,test,,6.7445
f124b7159cd063a,control,,3.5219
a50055ea66754b2,test,Преподавание и обучение,4.8898
3659cb8547a7d65,control,Разработка и инженерия,5.1747
0f4a812926fc3d1,test,Преподавание и обучение,5.1982
e02268139827ace,control,,4.8985
9f125171992ab59,control,,3.784
584bf2e9b1615e4,control,,4.8745
7c29694ffd56b13,test,,5.218
3d6c56ca8f353cd,control,,6.4185
3d287bb48b79245,test,,4.3691
c9bc3733a42c0e1,test,Управление командой,5.6678
6e510f6710111d0,control,,4.4993
236f3a2f7b728a9,test,,5.5393
8d4f3335a0c39ca,control,Преподавание и обучение,5.5041
9e8ca51283d54a6,control,,5.901
a091ee6ae900132,control,Финансы и консалтинг,4.6545
3fa93feeaeda1c1,control,,4.0155
59cdf6dfbd61034,test,,5.7843
79f0bdd5e6007da,control,Преподавание и обучение,6.3059
692c7a532cce613,control,,6.7357
b8f927cc6d46898,control,,5.8343
24c510e9feae083,control,Преподавание и обучение,5.1927
f956a09b0d5be02,control,,5.6034
c270ea30328cf38,control,Преподавание и обучение,4.5678
231abe5f871a54b,test,Разработка и инженерия,5.7901
b43fc8ff14854d3,control,,4.8173
c2209fa57418315,control,Преподавание и обучение,5.3302
3c21d7298582cda,test,,4.1369
f5c8c0a1766ba61,test,Преподавание и обучение,4.3325
2aa6a68279cbf3b,test,,5.8301
ef29ba0183a30a0,test,Преподавание и обучение,4.6163
e413967e1030890,control,,5.294
84cbfe5ae825944,control,,3.8977
3c5214376302797,test,,4.6294
bfb4fbeea4c97cb,control,,4.3451
bed2914e8e6853e,control,,6.3619
99194aec4f162a4,control,,4.552
37ce03d76235dcc,control,,2.9071
7db203217ff0afd,control,Преподавание и обучение,4.5043
802822b8442483b,control,,7.6021
c223bafd073ae21,test,,4.3222
aa67782599eeb5a,control,,3.922
e21d589ea35bbf4,test,Другое,4.6894
74738a3f684323e,control,,4.4071
d47d3641dd901ea,test,Финансы и консалтинг,4.7795
42d2c57a2b856fc,test,,3.8196
2d1018d3ebeeb80,control,,4.3672
1886779eadb2729,test,Преподавание и обучение,4.4507
2d461e973cc352f,control,,2.9526
6a576dee1052919,control,Преподавание и обучение,6.2279
8f997ce64c7b21e,control,Преподавание и обучение,1.7159
25ccb30f9ff07fc,test,,5.0669
48bbede6e2a7028,control,,4.8741
e1e228f8b327668,control,Другое,5.2365
8e9d438bfea76e9,test,,3.4602
cf72a2510258c0d,control,,7.7423
f3c067501841d53,test,,4.9914
35dc299a0059e0a,control,,4.7658
252c58067ab24e8,test,,2.8493
e532041046dfdc1,test,Разработка и инженерия,5.8795
4d4ebd05c2336bd,test,,5.6238
ee4ee388d669c88,test,,4.6239
f28a4fa86cb7d33,test,,7.4562
e8d7b2ff193f4f0,control,,4.2797
9efa9997c6bca03,test,,5.7832
9fa764b3ecbe62a,control,,3.7257
44809740f0b8a62,test,Другое,5.654
745fc1a4acd76f3,control,,4.465
e6d25d8d8503bd7,control,,6.069
555d22dc08995b0,control,,4.3753
443cd5ce280bff4,control,,4.4617
3b8355f9175b5e8,control,,3.8655
6d8d9b8d1f28770,control,Преподавание и обучение,5.7518
7b4fb3e47f12dce,test,,5.3833
537f35e1f966d3d,control,,4.9084
0cd1da48edfcd36,control,Преподавание и обучение,4.6717
a554c88c0266639,test,,3.5179
5a7c870966affcc,control,Преподавание и обучение,5.2436
d65852d85b3a0dd,test,Преподавание и обучение,5.3249
770e0470264dcd7,control,Другое,4.4782
90a3f594ae2f783,test,Преподавание и обучение,4.501
d1d03e2e4de0475,test,,6.7701
358e0b4a889c2b2,test,,6.2601
59ab57ef1defb9e,test,Другое,6.66
c3d1875c3b678ff,test,,4.7463
015441e41d58707,test,,6.2436
016af57088ccace,test,,5.3185
74756855944eece,control,,4.9249
48b2f75598b44eb,test,,7.7564
3a3f1dc2709ed19,control,,6.0583
994a613dbffbbe1,control,Преподавание и обучение,5.7907
ae176e40ad66e45,control,,4.2395
8c273a0085e6323,test,Другое,5.3895
f262a90ef60a971,control,Разработка и инженерия,3.8306
c91e6c945354a4c,test,,7.105
cc3a06585b7f94f,test,,4.837
688bc1b0b26d859,control,,3.5762
63677b90c54167a,test,,5.0457
182cdc51e54eb44,control,,5.3762
9f6009b400422ab,control,Преподавание и обучение,1.5336
f94dab3fd5c63c4,control,,3.8837
b12f5209543006d,control,Преподавание и обучение,5.6808
e96ab3d131daba2,test,,7.5587
abc932c87503c62,test,,6.4389
695c8f101798adf,test,,7.0181
74577803e92c97a,test,,6.4787
6134f48861e496b,test,Управление командой,4.8943
6b2c950082fea9d,test,,3.6474
382bd7ad46db4b9,control,,5.765
83d2877573867b5,test,,3.6
0e1046d866053ce,test,,4.586
c970deaa5b2a70e,control,,5.8573
17eb966e2604652,test,,3.8087
afebae249b4fd28,test,Разработка и инженерия,2.6017
3b46e3d7bd8f929,test,Преподавание и обучение,5.1306
419cb08d88cc44a,test,,7.2631
0375ef52e88160e,control,Преподавание и обучение,4.3898
3f543f0f40582ab,control,Дизайн,4.3098
337f4d5f13a6f59,test,Преподавание и обучение,4.5911
16ae3119589576f,control,,4.805
a4a83b4462ca17c,control,Преподавание и обучение,6.0552
098495b749fbb8f,test,,7.2547
2b26dce24b57bb3,test,,5.472
9105ea54d72ba14,control,Преподавание и обучение,6.9738
5675bd595421b4b,test,,5.1105
caf3cd627de73b0,control,Другое,5.3663
8799773b9fc06c2,control,,4.7483
f24b484e35e5289,control,,4.1456
d8279f68ebb3596,control,,6.5566
fb41d61d46964b1,test,,5.1326
c6fb64e2f7229d6,test,,4.8618
7b1cbb1a38e38c0,test,,5.6889
d6ddb1f7ed9ac84,test,Другое,5.8706
5883624d2aac11a,control,,4.1202
7441b235f21b96d,test,,3.6138
f70aeaa6a38ba4d,test,,7.0606
9b4ca5e6dd0e440,test,,5.2764
71ed95bc0fb279a,control,,5.8096
6fcffdc3adec61e,test,,5.1533
a7df10164417889,test,,4.9182
d9853abc910ccd3,control,,7.1318
0593845429028d8,test,,3.3352
329899c5d3eb51c,control,,5.3113
4f0a73ca31230ba,control,,4.8872
27bb98d16d750a5,control,Преподавание и обучение,4.1907
58cffb123ea4d24,test,,5.8206
eeb08dd54be327e,control,Разработка и инженерия,3.0764
2ec5c9545511c29,test,Преподавание и обучение,5.783
7d9bba9c0b63d93,control,,5.1404
ecfeb1a12777ced,test,Преподавание и обучение,7.121
c99aa522cb943b4,control,Преподавание и обучение,4.3666
1fafaaf1c9487ab,test,Преподавание и обучение,6.5191
b889f3b7f609865,test,,3.6492
67efe3e89bede67,test,,5.8546
02664ae15d215d1,control,,4.553
11f201ec3540da0,test,,3.9759
664fd0f93624c82,control,,4.1235
6ce813b1e41e3bd,test,,4.115
e059612ad00f913,control,,4.8548
13faf4506a2dce2,test,,3.464
208725a89f68586,test,,5.1135
2300c40b5fbce0c,test,,3.5008
475c5efbda5cc82,control,,4.9724
d6cad2a1354725d,control,,4.2016
8daf8fc2df89506,control,Разработка и инженерия,2.8644
ffc898aece2373b,control,,1.9741
b75e57a8d28f85e,control,,6.4812
935b47978b1b535,test,,6.4731
dcbeeafa8a02eb5,control,,3.5073
32ce17595d4e249,test,Преподавание и обучение,2.7031
68e05da7978ee57,control,,2.4289
29aa2130f7e8f6f,control,,7.4901
617e42b1b98f2b6,control,,3.7725
761f38a81914acd,control,,5.1443
a7c10c75aabf36f,control,,6.7911
5dc5170b58ec5ce,control,,4.0674
ca5d57a333dcc37,test,,4.1304
877a71b917fe08c,test,Преподавание и обучение,4.152
5d4475767d9cf11,test,,5.4538
24164164b08fa09,control,,5.1948
f3c021f4a8c5b22,test,,7.1813
3a0ac211946847f,control,,3.8945
b42a7fde6c66046,test,Дизайн,5.1585
b8f43de7282d4bc,control,,4.9864
46e7636317e01b6,test,Преподавание и обучение,5.2714
2028481ec0ad41a,control,,3.9615
a7f818626cedc19,control,,6.407
60a9462c41255bc,control,,7.6352
a7b3365d8554092,control,Бизнес и предпринимательство,5.2044
a521776bb494606,control,,4.8237
c58c4b7bb9f3b3f,test,,3.6599
d4e09ccde259f1c,test,,6.4164
f8bc1491b4ad32e,control,,4.8137
b13e3c0ad009020,control,,5.5019
d57a9fde3427f4f,control,,5.869
d4c925ae787e0d5,test,,4.7553
39da0ac1fb46d2e,control,,4.126
43a476bf66c5620,test,Преподавание и обучение,5.5356
2bba5825a778d3f,control,,2.9404
fff891020040ad9,test,,3.7444
acda591455d6cf4,control,,4.23
958bd668a727799,control,,5.6407
7ccd38c1d60655b,test,,3.4782
bd0a0f551bb2651,test,,5.0046
f69606f7440089a,test,Дизайн,3.5762
17f722158ad368d,test,,4.3878
a64cadce9483f29,control,Другое,4.8371
2f4bf2103f09a35,test,,5.3533
af7e3469e374b17,control,Преподавание и обучение,4.6117
f9a227df7e4674f,control,,4.1163
28ac4c7033f9c51,control,,4.942
17551955bbe1401,test,,3.7634
40d919883420c55,test,Бизнес и предпринимательство,3.5116
1f7e8c070a54de9,test,,3.2756
4c5bf6d37dbd4c4,test,,6.3972
cad1ee5fec0795f,test,Преподавание и обучение,6.4928
eaaee27c2756e03,control,,5.9369
190c4b52cbc1852,control,,6.8477
a880cbad06149cd,control,,5.5883
6133bed99051dbc,test,,6.1357
020f25a0718d07c,test,,5.1292
498f66d5ca3c5e8,control,Преподавание и обучение,5.6391
82735d5b63afe77,test,Преподавание и обучение,4.1213
fcfc0fe4d1bf7ce,test,,5.7225
f412cda1b0f6927,test,,4.9882
0fa6bbd00a553b8,control,Преподавание и обучение,3.4711
bc1d218737c6f40,control,,3.5944
fbc535ee2049d60,control,Преподавание и обучение,6.8727
d52e8a052ef8884,control,,5.2074
521bbd361604c50,control,,4.1625
58c9212f682cda2,control,,5.0965
4a9aadb8a8e3ea9,control,,6.4306
ebd6d51e23b5a74,control,,4.0634
4edd5a4d58359a4,test,Преподавание и обучение,4.0451
9fd4b4e26f1985d,control,,5.3335
7003719c7d2f617,control,Бизнес и предпринимательство,5.275
7c9205d6003eda9,control,Преподавание и обучение,4.2398
83b39075087aea2,test,Другое,3.7481
b8c0547c66bbfae,test,,5.8505
73533d0a44fa535,test,,5.184
d494045756ff8c9,test,,4.9302
9bcb7c6c6740a9d,control,,6.3877
8239ca0f1296711,control,,5.4952
1da8bc60bbfd94f,control,,4.9931
60d9ae3acfa6def,test,Преподавание и обучение,6.8793
bef7f6b871505c7,control,,4.4542
9004bbfedf7f12e,test,,4.7258
a13fdb6252f697e,control,,5.2039
abd651e23b35762,control,,6.8064
6a0f5838459fc18,test,Преподавание и обучение,5.616
f6bdf7d21293fa1,test,Преподавание и обучение,6.3149
ab7e0075fcbe8e8,test,,6.718
13757abf4c2f4fe,test,,4.1315
b88dcd6b0879d25,control,,5.7605
cc2cf4d45de1821,test,Другое,3.8424
0163ba5c2b1d5cd,control,Преподавание и обучение,5.9916
6353b9560cfba20,test,,5.8585
6879d7098416919,test,Финансы и консалтинг,5.4144
02a340e8b0cea6c,control,Преподавание и обучение,6.6474
3088409023e2e4d,control,,4.5865
61c96a621e8847f,control,,5.0828
2ba5ad6f6eee075,control,,5.2861
d302b04aaac4917,control,,6.0091
7cfb235b2dfb32f,control,,3.9575
981a710a8a86663,test,,3.5123
296e3c912015fc1,test,,4.8189
147788e8db10cc6,test,,3.7118
12a494a3de88da6,test,,6.0716
22f26bfff262173,test,Преподавание и обучение,4.3526
f969d4931364f39,test,,6.015
b08d3d6b776cad5,test,,6.14
a970e00ab74b791,test,,5.9387
91a29d8abb81c5f,test,,4.3062
c934929785e7124,test,,5.8805
e5d8a7013a656a6,test,Преподавание и обучение,6.2169
8ed63ff852b5801,control,,6.0031
aa34b9f0b30e547,control,Преподавание и обучение,4.7095
8e289b19e434a0c,control,,6.1348
64c913098eeb3c8,test,,4.9059
3897b0608495c9d,test,Преподавание и обучение,5.3762
c15328b87a644c4,control,,7.8041
ad2d80be8bfadcf,control,,4.8189
5fb1f4d9738e48d,control,Преподавание и обучение,5.5268
9b0f8d20892e056,control,,5.6991
f84f133fa79c840,test,,5.4272
db927d1d6b4ae07,control,Преподавание и обучение,5.1515
4006c8efb651ef2,control,,3.5825
da286788af0d613,test,,3.3242
aee58b13a578a5b,test,,4.6521
1b66ea4a634f9c2,test,,2.8972
22a8167dee21728,control,Преподавание и обучение,4.9068
49ef037adeffd5a,control,,3.6949
6409bfbd2ff5722,test,,4.6292
bb87fb624d2c0a4,control,Преподавание и обучение,4.8234
793a01a353c65fd,test,,3.4878
7c901d39b5d95d2,control,,5.7272
9ab49803e21aa20,control,,6.6215
90041887f95dbb8,control,,5.9223
1bbf5e53b79e96e,control,,5.7627
9e3b24dd6eeea3a,control,,6.3289
b73003e9f5d799c,control,,3.8116
db2aacb93d9aa38,test,,4.8983
c20115665492fd0,test,,7.2254
43ab6c2f5d97f27,test,,5.1669
473d470578d690e,control,Преподавание и обучение,6.1257
54e4d9908671f56,test,,5.6003
f629feb88711461,test,,6.7513
f9f81585a2bd7b1,control,,6.6946
80034ee0ebb41ce,control,Аналитика и исследования,5.1522
786a6fa52c5be55,control,,4.0618
f3f0b7223f1019b,control,,5.1615
f73565016bea7bc,test,Преподавание и обучение,5.6685
d3d2729e8273abd,test,Преподавание и обучение,5.6293
44873c96a543027,test,,5.4854
c5512501ecbf08b,test,,5.7062
e7af62c9feddf0e,control,,6.2427
be422ebbfe2fb60,control,Преподавание и обучение,6.76
72d4704a3910a5e,control,Преподавание и обучение,5.6861
b43f115054fdd65,control,Преподавание и обучение,4.1112
a45dafb642075e8,control,,3.2685
217b3ce7ce23ea6,test,,5.1235
9f5e19944eb9bc3,test,Аналитика и исследования,5.9166
7acd958a004ce5e,test,,3.8495
12a5499faee24b4,test,,3.8859
e1a724680182046,control,Преподавание и обучение,4.1961
dbed94a676cbbc1,test,,3.314
0d1911898647378,control,,3.5949
29b907d19d3fb31,test,Преподавание и обучение,3.7129
0e15eae2174a9f2,test,Преподавание и обучение,4.6307
0b8d3a7070fec07,test,Аналитика и исследования,5.5974
1151f9a738f4dab,control,,4.9967
847220de9a85b0f,test,,1.9111
1a11d93aa3a8e61,test,Редактура и копирайтинг,5.8134
9428025a924e730,test,,4.215
e83ae51e08047bc,control,,4.7039
923be622e27fa56,test,Разработка и инженерия,5.8927
c986fc9f63a69fc,test,,3.0467
0e4f30c8ca4773c,test,,4.5626
30bd1a673fa6fc7,test,,4.2436
550e2a2a816d65c,test,,4.9344
5d6bef64f025847,control,,8.1496
c168dc2dda78834,control,,5.5308
cedfcd9fada2a08,test,Маркетинг и реклама,5.0797
7c1ef6fbc4432f1,test,Преподавание и обучение,5.2945
1b1e4e039685bbe,test,Финансы и консалтинг,5.7979
ded63ea90ad591f,control,,4.7375
9519490e3ce9f44,test,,5.0584
a79deb6d65c7b1b,control,,5.8192
be581e9a314783b,test,Преподавание и обучение,6.5426
826c16a31aec8c5,test,Преподавание и обучение,4.9982
73e8c158a16e798,test,Преподавание и обучение,5.513
43cb91a011e8e45,test,,4.0738
920585e3051fa32,control,,6.2619
775c5413be42609,control,,4.3466
e8e3f3eed112a26,control,,3.9129
ddb35c8b8132113,test,,3.7179
10702e9e9bf9664,control,Преподавание и обучение,6.2826
0829fc6eb11e105,test,,6.3473
2df7526ef90c0e8,test,,4.1231
41cd2fd46c2941b,test,Другое,4.3115
4af100b3dcace19,test,Преподавание и обучение,4.7844
5d8ab1eea20a85b,control,,5.3304
98c0cc732a49f2a,test,Преподавание и обучение,3.4856
2c3c9137f61ff7f,control,,3.5141
389eea7310708f3,test,,6.6242
b319080019122f4,test,,5.2814
91c06353ebc7f94,test,,6.4297
2c3e1e35f20be62,test,Дизайн,4.8798
cc25feb78aae30f,control,,3.2741
fc678f9108532f4,control,Преподавание и обучение,5.8218
f86d7335617adbb,test,Разработка и инженерия,4.1697
57eca1476dec575,control,Разработка и инженерия,4.6822
ff79c08198ea6c0,control,,5.1727
5aefdf38f7a273f,control,Преподавание и обучение,4.2982
f5512a17c8ec6fe,test,,5.7522
a421fa13cf79fca,test,,5.2687
9d2ea6097736d8d,control,,5.092
09ed7101edbd865,test,Управление продуктом,5.6257
bc2ab13d4d962e0,control,,4.4642
a2ff5f14528200f,test,,4.4835
a37601f37493f65,test,,5.3256
68d1455c15e03c0,control,Преподавание и обучение,6.1451
6650e926706577e,control,Разработка и инженерия,2.6764
f67753914728d6f,control,Преподавание и обучение,4.6413
1e1fa13f184cce2,control,,6.5899
1b67cdc57a118a3,test,,5.031
6876ae69bb01398,control,Дизайн,5.7638
ed81d742210c7b2,control,,4.209
c4dfc9f1f9c0096,test,,6.0632
855d41276e9b4b7,control,,5.847
e17f57c4784dcec,control,Преподавание и обучение,4.4169
b72d8f87b0093c6,control,,6.8668
5f56f6e198eda9f,control,,4.6817
004ff152c50e2da,test,Другое,4.61
cdb7d6aaf492dee,test,Преподавание и обучение,6.2091
6b8ad212012d7a0,test,Преподавание и обучение,5.3749
0c6fb1a47fa581d,test,,4.1039
ca31cead64cadc6,control,,6.2722
42a9b212ca21285,test,,5.4817
57192ca9b33d6ec,test,,6.4727
a62ee00add56f64,test,,7.7032
899434c7bd2a75c,control,,4.0558
3bd039b6ed00826,control,,3.564
1192ffe339304a2,control,Преподавание и обучение,4.8362
abeb0465e6396fe,control,,7.3133
3a956eaa569e575,control,,6.169
fb60ad3c2190145,test,,6.1291
c6118a6cf481f79,control,Преподавание и обучение,5.2296
3db96e89b795a82,test,,4.6255
5a4494a9bd442be,test,,5.5335
98f900d2111a2b0,test,Преподавание и обучение,4.8553
2e30b6ed5ff9326,test,,4.7368
1ae1ea2f501ee18,control,Преподавание и обучение,5.6032
e716dcba6d3d574,test,,5.9804
4949f9c338e26ca,control,Преподавание и обучение,7.2982
51327b44ae12c97,control,,4.8614
d137aa8daa63d45,test,,3.8092
553000231f37726,test,Преподавание и обучение,4.1637
e87c8d8b20ae0c9,control,,5.795
a7484cdf63db472,test,,6.9537
d45b37dd6733b99,test,Дизайн,6.3138
89386e74c385c1a,test,Преподавание и обучение,6.2063
4e08f4c5735830c,control,Преподавание и обучение,5.5686
b12b4759b00174a,control,,3.8219
38d3754cd051a95,test,Преподавание и обучение,3.8342
8547c683692ccc5,test,Бизнес и предпринимательство,6.0887
2c7ae217490906d,test,,4.9642
165d913422ff44e,test,,4.073
8fb491f98d172d1,control,,5.1266
21e8a17a2d1c07d,control,,4.9159
de340290c3a1465,test,,5.2005
2e2283d62ec148d,test,Другое,2.3973
242f5d3c3018f2c,test,Другое,3.8882
d2f878cff9f0159,control,,5.3741
7a43d62165b36c1,control,,5.3283
9b81280d55b980b,control,,5.0294
7e0797e349407e6,control,,3.4634
86c5d19be80be36,test,,5.6882
8e37a6c5fba6d05,test,,3.6888
b705786ea462410,control,,3.8066
ec81671293b325f,test,,4.7876
0f64e1eee53e1d3,control,,5.33
289114fc5bc28fd,control,,5.4548
a09686cf5cd46d5,test,,4.7969
276a4da4c42ab18,control,Преподавание и обучение,3.9441
4d81b64f72f6559,control,,5.8116
5886aa6800a3433,test,,5.1483
e15f7817e84a8c0,test,,3.9161
fef349cd31e5dd4,test,Преподавание и обучение,7.2964
6d039a9026000c8,control,Бизнес и предпринимательство,5.1393
6847e62d315d3a5,control,,5.1395
b51bf201d12a3d2,test,,4.6542
fe8adca745f2139,control,,7.0496
8a0aae8f06b46b6,test,Преподавание и обучение,3.8613
bd7d27c2e63c174,test,,2.1732
eb9be3d8d90a9e0,control,,5.1795
8d217296aaaf59d,control,Преподавание и обучение,4.7373
f9fe2e4477cdf5a,control,,4.979
b56eccf9c0ca083,control,Управление командой,5.2715
1f368896ba875c0,test,,6.1897
8ddc870f09f0863,control,,3.8104
8e0192fd97df789,test,,5.4626
19be1e5c11bc7e3,control,Преподавание и обучение,5.565
a098508e7f8ea12,test,Дизайн,6.3652
e61b6f7a6e0124d,test,,3.7433
bb30ada38a0b69f,control,,5.7759
82b88a10123fba7,control,Преподавание и обучение,4.2846
1af22a2b6684817,test,Преподавание и обучение,5.496
29661ec5934dd5e,test,,7.3991
3a041e92a09cfbe,test,,3.5827
ae701b1a027a3ef,test,Преподавание и обучение,3.239
a827a72476e99d5,control,Преподавание и обучение,3.5791
c500dc8214a7c95,test,Бизнес и предпринимательство,4.6858
885fdb5088aefdd,control,,4.3737
fc2443bb2599c32,control,Преподавание и обучение,4.0136
714612c5df2c5ea,control,Преподавание и обучение,3.0845
19fa2c16e0f4c84,control,,4.8064
9af6a1ca31230bd,test,,4.263
4eac5790e382b3b,control,,3.4963
89bc2cc6fff152f,control,Дизайн,4.6228
e3260d52ca11cbc,control,,1.1031
b7430b28b672b5d,test,,6.0038
d0e04cb2f6c8185,control,,6.0878
3e5c4a4076e8b63,test,Преподавание и обучение,5.742
45454877031a687,test,,5.8643
3eb276a209db266,control,Преподавание и обучение,5.9613
6cbab1f1ab055f8,control,Дизайн,4.2717
1d90f3befd3a426,test,,5.0989
a6d2a38c1d29bb9,test,Аналитика и исследования,4.4386
a0968c70f0d7dfb,test,,5.3115
907ec3ffb1c0eef,test,Преподавание и обучение,4.9026
3546350f7480ee1,test,,1.7163
1cbb3c110d80cb8,control,,5.6634
534e8fbc8a8fdc0,control,,4.6932
c1690072f597d6f,control,,6.6697
824517653ce6c59,test,,4.3722
fbcd3dfad9aed05,test,,4.9497
ff493655aaa7668,test,Бизнес и предпринимательство,5.9876
3b83ce84f370365,control,,4.8221
a1908c2bde50a63,control,Преподавание и обучение,4.0962
7d629577900e8fb,control,,4.6962
7ad0aa06101d5f0,control,,6.473
707a384e2f64fdf,test,Преподавание и обучение,5.4483
090a7dd0b38d5b5,test,,3.7592
f3e91efead46c38,test,,3.7074
894251aa81d1433,test,,4.1581
fa9735711b11b16,test,,3.8448
41db1fde4f2a97c,test,Другое,4.4869
c83fdcb60f8cae6,test,,5.438
3ede756f1df011d,control,,4.226
b0d27fcbd103f6a,control,,4.1278
38f1f56502676e1,control,,5.4723
3bb3d6066bdd391,control,Бизнес и предпринимательство,4.2257
9fe2fbf23c435f9,test,,4.7847
4b9c7098b74acae,control,Преподавание и обучение,6.418
14230b5f16a1506,test,Преподавание и обучение,6.111
3b9899599eebbdb,test,,5.179
91461eda37978b1,control,,6.3628
498634208e4ebea,test,Другое,4.6932
6adc7e0f806081f,test,,4.9696
bf311457ad0f432,control,,5.9578
565cb1c427c4497,control,,3.5968
9652aba3ebbcce5,test,,5.4557
3c7c145ea5d5688,control,Преподавание и обучение,5.8707
d415a1a13b8ec5d,test,,4.058
619d21572904d91,control,,3.3007
589ed446153c42b,control,,5.0932
17d01462f0cdd7b,control,Разработка и инженерия,6.4649
9e247924bb5c5db,control,,4.1358
161f1ffd699cbc0,test,,5.4077
f6ff5f40d3f0e53,test,Преподавание и обучение,6.5034
19d3717533bcdfb,control,Преподавание и обучение,4.6128
16044d8a74452e4,control,,6.9074
b23d2270cb7a06a,control,Преподавание и обучение,4.8525
bf5ff19ec2a6fec,control,,4.6371
a89bb72b397f075,test,,5.6095
cb3af6ae7d9cda9,test,,4.8489
9dfb3cbe20f7ca1,test,,5.8507
4e1760978b6735c,control,,1.7658
3e228be1dfb4197,test,,7.1804
995f0f4feae9360,test,,4.1712
99caf8ec6c7556e,control,,5.7165
08e0a8fa0fd8080,control,,4.2808
1a3c6327d0fe579,control,Управление продуктом,5.7313
9d468abe6391b57,control,,6.2759
43a7ca793c87a58,test,,4.4269
70c761d2ce474f1,test,,4.8089
892123e3d516171,control,,3.511
9d25d9fb93a7f64,control,,3.2601
2fa3dbbd67f5c33,test,,5.9842
a4891186bf33202,test,,6.572
2ee1d5baa48c4f3,test,,3.1823
36cbc47e7208d0b,test,Преподавание и обучение,3.3807
dbaf8e5ba09d436,test,,5.6375
2fda47522bd7250,control,Преподавание и обучение,4.5191
f7b75ed536b46a4,test,Преподавание и обучение,4.1876
504eeb4b24e750d,test,,3.9
c0b5336083a1062,control,,5.5602
b37142243bb8c51,test,Преподавание и обучение,6.2908
b2a060ee8e271f2,control,Маркетинг и реклама,7.0743
a20df141843ec29,control,,5.2468
f2bffb67c4c848a,test,Дизайн,5.2057
7f6661f3a5d385d,control,,5.2724
e0fc9888c7fbf9a,control,Преподавание и обучение,4.6359
59fe50fadc106fe,control,,5.909
821f63a62f9ed5b,control,,6.1996
f7640044af49a6e,test,Преподавание и обучение,6.7843
8195663cd57bd41,test,,4.6917
5aade31b6ac2942,test,,3.9763
44068886d1738c1,test,,4.5678
d8d11e74ab5ffe2,test,,5.0936
fd3546d25b3ae9a,control,Преподавание и обучение,4.2618
4b41f1ab8bcbc18,control,Аналитика и исследования,5.8273
221c642ec14e64f,control,Дизайн,5.8311
99cb35acec74f14,test,,5.547
d29a114cd001335,test,,4.7478
0fc384611ac4a6a,test,Дизайн,3.9974
69e61149571fc5a,test,Бизнес и предпринимательство,4.2838
7b7b6ab9a87bf61,test,,5.2913
ab13c48ada4139c,test,,5.6041
bd2313da37768f6,control,,6.0456
efc7b8f61b31cea,test,,4.1704
395b3265e3685eb,test,,5.669
844916bcc3d8af6,control,,6.6781
4d37debf8b5446f,test,Преподавание и обучение,6.239
0e5808a0b827b18,control,,4.0555
71c0a3b6f03685b,control,,5.06
768452016e9c66d,test,,4.7466
81c1ce9fc3312a2,control,,4.594
6b2dda95837ff74,test,,6.5299
657a216f19dc3d8,test,Преподавание и обучение,6.432
51f8217f0f5e539,test,,5.6729
063c8aa1d6c96ee,control,,5.5661
c5cb918157844d5,test,,6.8756
6e02666732c3429,test,Аналитика и исследования,5.6031
e6976c269f4149a,control,,4.0505
4854cc382b082e3,test,,6.992
adab8978a1c0cfc,control,,4.9384
0fc79c1399e5c7b,test,,5.1108
0d24150c39b32ab,control,Разработка и инженерия,4.4707
4766d08813a15dc,control,,3.4656
a113e8bc031dd29,test,Преподавание и обучение,4.0715
3d0a6e74604e983,control,Преподавание и обучение,4.7208
71f0417507309fc,test,,6.2634
cd01bae31767c07,test,Управление командой,4.3788
e2f8448a19877f4,test,,7.3409
536824fd8302dae,test,,4.6993
ed4d14ca1ed6c8b,control,,4.9355
8e6e60bebf97789,control,,4.023
00427fa0aa3f62e,control,Преподавание и обучение,5.3358
0353f2eb13fb3d9,test,,5.4903
168be4d13fba200,test,Управление командой,2.8612
3a6452fe6c4be07,test,,2.7902
cc784f5db7f573f,control,Преподавание и обучение,5.4118
ebef186c77875aa,test,,5.1708
6744c45c6451e0b,control,,3.8276
f6d470660855ead,control,,2.6199
db7d11d4b47b90c,control,,3.8119
f51f337981624de,control,,4.8057
1f3e1f0f03b2eca,control,,5.0864
190d8a8d05e7ac5,test,Преподавание и обучение,4.4878
33526c635a8629f,control,,4.5815
3a501f5c470098a,control,,5.6526
3ab28adcb38e5fd,test,,3.8665
7306cd221078f76,control,,5.0505
a2b7ac2cd16b4f6,control,,4.744
502911936484be6,test,Преподавание и обучение,5.6243
aaa7607ff055bdd,test,,7.1657
79de1ed7c20e9fa,test,,6.8396
76c6f70233ea630,control,,8.2461
1377d406ef3f693,control,Преподавание и обучение,5.0219
a3182c35f6a5f98,test,,6.4584
2c8e5deabf70bf5,control,,3.9503
3d89146da299ac0,test,Преподавание и обучение,6.8701
14b859c6c825a47,control,,4.4937
f1f2ff936683e76,control,Преподавание и обучение,5.9521
82a7fa09d0ce754,test,,5.2241
f8e138b690bf376,test,,5.1962
c3b24b5be48079e,test,,6.6863
ea87bf47302de21,control,,5.8737
0b521c3d98a3fa8,test,,3.5683
5645d9cf26fb3ad,control,,4.1256
a376ff60058d82c,test,Разработка и инженерия,6.1954
a3d2d3e004a2977,test,,5.91
6d18e16340cf936,control,Управление командой,4.6472
35e98f775935dbb,test,,6.1612
55441a2065c13e0,control,,5.2544
657a688c23fd5f8,control,,5.0159
39cd2fa05e4b86c,test,,6.1526
cfaf1bbe7f928e8,control,Преподавание и обучение,5.0627
db6b5175a743a71,control,,5.5547
c87fa3e624801e7,test,,4.6459
e18c879faf1283e,test,,4.2963
d338eee11e873f3,control,,3.6146
76af00da0a97c61,control,Другое,4.306
90345ac2187cad0,test,Преподавание и обучение,2.8034
0c8d6c6ec7e46b2,control,,4.4332
d09dce6a5290fbd,test,,5.8953
096e9c6b613f1a4,control,,4.9432
97ccb1cacea1ade,test,,4.6827
b63b0252a310b3f,test,,5.1942
2ffab5c9e609795,test,,4.3247
8c242d1a199ec7a,test,,4.1009
86cc5c5f096f382,control,,7.2597
92e8481e19c0a8b,test,,5.0907
675a36b244cb630,test,Преподавание и обучение,8.4939
05ddbe791a1626b,control,Преподавание и обучение,4.2949
febc1387dc695b9,test,Преподавание и обучение,6.5555
e793997272671ee,test,,4.7652
e8433f46c66bac7,test,,6.6948
68d84f42d876682,test,,3.7396
d319e69e14e0bd2,test,,6.2331
a2deeeb0bdd48b4,control,,6.811
306e34cab50a6f5,test,,5.8787
c0f44d24fee4e1f,test,,6.2809
1520748ce012e6e,test,Преподавание и обучение,6.966
b1ddd54148df608,test,,4.9208
8024947da1229ef,control,Бизнес и предпринимательство,4.0643
35dbcbc4ca5e46b,test,,5.5679
5e7c7ae44cfbc82,test,,5.2689
237d3f3fb94d2a8,test,,4.4464
d934b514b8175ee,test,,4.9245
3bc23d94b81b8c4,test,,5.1778
6a1e5df4884a77f,control,Преподавание и обучение,5.5944
951f1e250e2f0bc,control,,6.2578
87cc1eb96a0f9b1,test,,3.4914
f58b4e041898868,test,,4.5041
96554053282b94a,test,,6.2367
77b1ae54b94cf03,test,,3.0101
2a5f9607508b056,test,Преподавание и обучение,6.4572
3b67f552a08635f,control,Преподавание и обучение,4.9098
031746545fe8737,test,Преподавание и обучение,5.6253
2c7587d447f45d0,control,Управление продуктом,5.3127
304ed8b3e1cb2db,control,,5.0746
583bc7a6a54e78a,test,,4.5326
f62be738d117a57,control,Преподавание и обучение,7.6542
621da2980b796e5,test,,5.9884
755cc4fa2f6f4cc,test,Преподавание и обучение,3.5987
a658f672992a3ea,control,Преподавание и обучение,5.1042
99c41c07a384a7b,control,,6.3789
529857375476aa9,test,Преподавание и обучение,6.0816
5e600ee67bf11de,test,,6.3523
ce65db3bff56f8c,test,,4.4161
d9dbc73e3fc9db9,test,,7.6408
75d600ca1e61b82,test,,5.7554
4c320db266d6b77,control,Аналитика и исследования,5.2961
1ce2a0213ad1a31,control,,5.3347
879ce4f9a26a9d6,control,,3.0093
3c1d6372551cff9,test,,7.0757
e3f142c6c7b844a,control,,5.8461
50ebb71ca826925,test,,5.2354
c78e306e64c05e1,test,,6.238
ff6c47844a6c6c4,test,,6.0681
5f41fec7e321d55,control,Преподавание и обучение,5.9038
556f43df47a6824,test,Разработка и инженерия,5.4593
119625c688d6ba2,test,,6.6018
ea13392c595da92,control,,5.6268
1d5c54a55635ced,control,,5.142
254c5a27d532a40,control,Преподавание и обучение,4.3661
3fd788162ae7896,test,Преподавание и обучение,3.3917
c7cd96aaacf43c4,test,,4.5255
f1f01d9ec9d5962,control,,3.3074
52533a36da2960e,control,,6.2664
9020692626a4d7c,test,,4.8649
edec1a7555cb026,control,,5.5213
48880b458dbe70a,test,Аналитика и исследования,4.7972
5e89de199b3cd33,test,,3.7206
6aa717334418614,control,,5.5557
14bf3bddd4efe37,test,Преподавание и обучение,6.2558
6461a9b6a120716,control,,5.7374
da3955505e5fc8c,control,,2.0818
741a8893397dae8,control,Преподавание и обучение,4.9197
24c3374e141d2d8,control,Преподавание и обучение,4.7153
fc85e920a4a44f9,test,,6.3939
9b83e25546d69fb,control,Разработка и инженерия,3.2789
fde34008095f46f,control,,4.6474
178b45b21689d91,control,Другое,6.6684
913e920bb0758b2,test,,5.9395
2d6be32c71a03cb,control,Разработка и инженерия,5.8168
626e1a84be3cd3e,control,,5.3122
5236ac83bd9ede2,test,,5.693
4d2cd9622ea7438,control,,6.0153
a8e99feabe6f0e8,test,,3.4707
b7fafd4ee392d83,control,,5.03
94661836760acad,control,Преподавание и обучение,6.2709
d3cc8c92bdfe47f,test,,4.814
21033996e7dbcf6,test,,4.8274
db18dbe029393bf,control,,5.0512
32218969589a7ad,test,,5.7534
85ef9eec0522b1a,test,,4.3749
f2c975f73ca1a08,test,,5.1424
314ed72d18b79ab,control,,4.4715
d57ba28cdd81455,control,,3.9279
3f63761485c8d00,test,,5.4933
4d99a3b7c41c1eb,control,Другое,4.9474
ccbd5650777ccc8,control,Управление командой,4.9017
8637f5b4ec1b12a,control,,5.7527
f62ad81dd8881a7,test,,6.4972
31b8738305fc96a,control,Бизнес и предпринимательство,6.0627
d58cf7bb0a5706b,control,,4.2192
f7ebc5a340f07c7,control,,3.6006
62a2443d337018a,test,,3.4163
685c50676402b11,control,,4.3601
a05732a8b192920,control,Преподавание и обучение,4.3232
887bede559b1fd8,control,Преподавание и обучение,4.7986
08faa5d481b3ff9,control,,6.5159
60979e739ec2740,control,Преподавание и обучение,5.7203
c90735769a8f664,test,,7.0413
5ad8e4821b11df4,test,Преподавание и обучение,5.4619
d2dfa579e06bfdd,test,,4.879
16596610bdb204d,test,Преподавание и обучение,5.7004
062417bc78d1547,test,,3.5066
4134c98c5a40e6d,test,Преподавание и обучение,5.7405
7bee08466693c69,test,,5.7257
6801cea3ec6c8e1,control,,2.8806
fc4d5a82968b715,control,,2.6985
2d88c005a7d196b,test,,4.7356
e56edcb74bcac3f,test,Преподавание и обучение,5.4265
a58eb17987f9f43,test,Преподавание и обучение,4.2123
e57daae40e0a3dd,test,Преподавание и обучение,4.0281
5d1c958926c5356,test,Преподавание и обучение,5.5785
ce194b99a5490c5,test,Преподавание и обучение,5.9177
abc1cdbc685c3d3,test,,4.0052
77d07dde1ad9afa,control,,4.9134
d476ee042dbc895,test,,4.5713
530f6ad1cefd2e9,test,,4.8957
c53703a387be428,control,Преподавание и обучение,3.5151
bf136476ab2b9c6,test,Преподавание и обучение,5.606
35d8b6b1d6a6325,control,,5.4492
97039cf21d95c65,control,Другое,5.5663
6b676cb54f9d2ff,test,Преподавание и обучение,2.3343
1236bfd88612dab,control,,4.9138
2463191ae747894,control,,5.1094
84ab691c489035f,control,,4.5228
1689b5eccb0a601,test,,4.2757
db5dce866ded6b4,control,,5.0904
a3692f25d440914,control,Преподавание и обучение,5.3807
931287b1ddfa285,test,,4.7753
71619307b4049d5,test,,5.1085
bc4c48fbd2f7f7a,control,Управление командой,4.9646
03eb107de444607,control,,4.9321
748298ff53eab20,control,,4.7525
ab0a6fa260d8118,control,,4.7016
3fed0b5e2b5eb3d,test,,3.9389
2e8be75de3bd770,control,,4.9965
7a62905b67f69d0,control,,4.4355
5da8bf60dbbbb02,control,Преподавание и обучение,6.2259
e4f3c6aff25a8a4,control,Другое,5.8337
b7790eae1f57ced,test,,5.9792
5a7f2fdd0237a28,control,Бизнес и предпринимательство,6.9718
0b3a8d2d3f61083,test,Разработка и инженерия,5.9515
d2b69dcb6b1e138,control,,6.0995
7a2ee21c55a2a9c,test,,4.2512
d701fd65edff1d2,test,,3.4074
e52eca99ab95cc5,test,Преподавание и обучение,4.7243
83f701985c65e3d,control,,6.9347
94bae76ca72c080,control,,5.5473
460bc8abcaac9d0,control,,6.3985
39eb57137c8f0cc,control,,4.2895
19b678add2169c4,control,,6.2295
13b8b0dedb15d16,control,,3.4926
6a5c358c848908c,test,Разработка и инженерия,6.9218
0d2ee3e17ae0182,control,,6.1138
d2020cc16a66d36,test,Преподавание и обучение,5.7797
fa8e0a5edb61dc0,test,,5.6507
40c2a82fa8139cd,control,Преподавание и обучение,4.0384
35954d98904d1fe,test,Преподавание и обучение,5.2909
767fc673b8f4b5e,test,,4.4213
858a4e9eb74b7e4,test,,5.6921
47e442c4e32ff3f,test,Преподавание и обучение,4.2812
546470d4dce2f66,test,,5.2386
11be2856d2fe8fc,control,,6.5805
281d9d8d061381a,test,,6.3747
6d37053596edf89,control,,4.6838
7d58b6d23a76505,test,,6.6567
afc09e402c2373c,control,Разработка и инженерия,4.7729
403782c51cc6171,control,,3.5068
f47b974b72e6bac,control,,7.0835
4d7a7fd7599f7cc,test,,6.5116
111896354976587,test,,5.0682
5c97a05ffcc588a,control,,6.1884
617dd14090cbff9,control,Другое,4.4076
ea81369f8f8779d,control,Разработка и инженерия,6.0147
dc143d13c96c042,test,,4.7039
4f7d4e3c5ef5e0c,control,,2.9635
5c41fc540691562,test,Управление командой,5.4824
8534df63b60ec3d,test,Преподавание и обучение,3.2411
4e691ebd6625e1f,test,,4.3272
792e7d6910d0130,control,,5.687
319318ced8259f3,control,,5.6412
e192f0de2849e66,test,,5.3565
c657c8effeadd88,test,Преподавание и обучение,6.3983
fdb659918829da9,control,,4.5588
3a4b771ec6a47a0,control,,3.0988
bbbe8d44444c8d9,test,,4.7328
3c89baf03fdd2e9,test,,3.6575
363540f7f8b7437,control,,3.3761
846618f1cfa0b74,control,Другое,5.3455
e3ca63f5915c640,test,,4.4158
0b53bf7dbd57c09,control,Преподавание и обучение,4.8123
59f2cc623911420,test,Преподавание и обучение,6.7418
36e91e3edafe214,test,Преподавание и обучение,5.8122
1fe49c735693e3c,control,,3.3133
a2302fe98648b52,test,,5.784
3497c74250b406a,test,,6.4482
74cc04bbaea63ea,control,,5.6326
fdca2574723fd0d,test,Преподавание и обучение,5.334
208b76f8d843205,test,Преподавание и обучение,3.6076
d08cab660f8e764,control,,6.125
ec6a93c0867713c,control,,5.5258
a636fb9822faefb,test,Преподавание и обучение,4.8824
ea8b21ef6246dfd,control,,5.4171
cb3dfe0d016dce3,control,,2.8504
cbe8cf77bbb8bae,test,Аналитика и исследования,5.7734
79200f8431a7a72,control,,4.8659
f68dbef35d1ba02,control,Преподавание и обучение,5.5438
f3251600c3c2c7a,control,,5.0321
3592c3fddf23cbf,control,,6.027
0a420ec479d26a1,test,,2.6206
32f3f7f98f7cda3,control,Преподавание и обучение,4.0021
83a7ca2e8a1e4ea,test,Преподавание и обучение,3.8467
b0ed6c78b37285b,control,,7.2835
89e11dfb71da67d,control,,3.3779
d4425ea0bccf5d5,test,Преподавание и обучение,4.0015
560783b597a993f,test,Разработка и инженерия,4.1423
f3371089748d54d,test,Преподавание и обучение,3.5584
59aabc6c769e604,control,,4.6214
241e14cab19676b,test,,4.9156
8dcc4ed0b36e66e,test,Маркетинг и реклама,5.6952
0962218cd6f9319,control,,3.8381
1a4a4fa16f994c4,test,Бизнес и предпринимательство,5.1529
085e248c4a47e3f,test,,5.6062
040a94756ff6dc5,control,Аналитика и исследования,4.5423
c15bfac5a9e5913,test,,4.4001
59078f1ffe8c421,control,Управление командой,2.9059
32b35aa33040b2d,test,,6.3079
d07051f7344fadb,control,Преподавание и обучение,5.6864
73f140bdfc49088,test,,5.2413
deb0c1d3303c2ae,control,,7.0247
3c2b03137b08ac5,control,,3.329
b932242f95d64ed,test,,4.7692
1821f9a2c5d3478,test,Разработка и инженерия,5.2843
3d1ce6e50512fce,test,,5.2155
dc3090c6b9eba87,control,,5.1239
35e3d1b019d519d,test,,6.4932
099d76ca4f4abf4,test,Бизнес и предпринимательство,3.7886
cadbcf25eaf6579,control,Преподавание и обучение,4.5569
3ee02fa51efd0d9,control,,6.2335
edad110289f7623,control,Преподавание и обучение,4.7993
b3099eaecee26fe,control,Преподавание и обучение,5.4633
a1a427c8f3aeda8,test,,4.3093
e549d7a08cc0e62,control,,4.5006
113b70763368481,control,,5.2234
48a834f0ed29b1a,test,,4.3307
fa944991fde8405,test,,4.4281
b03738195c00d65,test,,4.3397
9cfaacafe9a8d39,test,,3.7212
d49492d4860fbac,control,,6.1965
3ff007b87ea5e42,control,,5.5395
624dca80f5b36dd,control,,5.6334
e8da8e2ecfcaf85,test,,4.3588
e79f198a81ad224,control,Преподавание и обучение,3.0854
0c305bebfd7e986,test,,4.5559
34c9b00ad510396,control,Преподавание и обучение,5.8609
61f443f72f22e4e,test,,5.2929
42630760f15bdb3,control,,5.3398
504c1221f960583,control,,4.5362
d6c4ec2e1e06926,test,,4.9391
c8e509ea99d3e61,test,Преподавание и обучение,5.7262
02096bac04808c9,control,,4.8908
2c543f3960e8465,control,,5.2722
f43c8badbdba60e,test,,6.5897
801bd2464057211,control,,5.2487
3e91e6986236e83,control,Преподавание и обучение,5.0118
5c63582ce10b7c5,control,Преподавание и обучение,5.2289
0bfdd0e6a71cfbf,test,Другое,4.7746
95856032f8d134c,control,Преподавание и обучение,5.5328
4392ce882b96bdf,test,Разработка и инженерия,6.2779
0dff1275ee8f6ea,test,Преподавание и обучение,5.7016
0db7da1e90ffecb,control,,3.3147
696ed1a6c705511,control,,4.7062
0e79349df019188,control,,6.0436
0dfd1145666aba9,control,,1.9043
02e52241b607ff0,control,Преподавание и обучение,3.9269
07fb27026692842,control,,6.0409
d935ba00852ff78,control,,5.3239
e2a912a3aaa4dbb,control,Другое,7.4016
a06fb44ca25f05f,test,,5.6379
2b876e6e4b48738,test,Преподавание и обучение,5.2866
eb5cd42ef33ea76,control,,5.7904
f28f13a847feed6,test,,3.1201
47ec618de41da96,test,,4.8857
a418b9c32f4a99f,test,,5.5372
1a13b88b41623d3,control,Преподавание и обучение,5.2094
411e6fac65c2407,test,Другое,5.7129
d18b69456df3c58,control,,6.0392
3fc98af0eb49f79,test,Аналитика и исследования,6.6396
26af9801b73cbbc,control,Управление командой,5.6133
8bd5e645a40da54,control,,3.253
239699626ceb3ec,test,,2.917
b59a5a6c131733d,test,,5.5283
2c144bc6053cef1,test,,4.5422
2d8252d4f3ab341,control,,4.5997
777bf81d62d9ae7,test,Разработка и инженерия,4.7215
d9bc81e1d1b451c,control,Преподавание и обучение,4.5899
b11417758dfff2c,test,,4.3941
ed4260abebd9acd,control,,2.4094
6d9cdb004fbd7cc,test,,4.9257
cf32f5f413e9813,control,,6.4247
40299913caa077e,test,Другое,4.5892
96e288d94aea371,test,,5.0282
8ada89552e00bce,control,,5.0046
c64aaa81cb7661d,test,,4.4354
3e81fe0767f1f17,test,Преподавание и обучение,3.8264
5e63d4c897bfbac,test,,6.6472
863783020557073,control,,3.9072
7341d200441a51a,test,,4.696
c5778c77ccb1b1b,control,Преподавание и обучение,5.2692
c4ecf4f74ce7d64,control,,8.1218
9cf136a344a8e69,control,,5.4846
3236b11dcd61619,test,,3.0366
a41cc1aaa788b01,test,Преподавание и обучение,5.1608
faea01490771394,control,,6.1611
6fac641a6165d35,control,Другое,6.2623
b69cfdb0d53c6d1,control,,5.3251
211a0b55d9a80fb,control,,5.774
f1d25a010b7d857,control,,5.5002
83eca6148af97fa,test,,4.5032
781235a5fd4f06e,control,Разработка и инженерия,7.2007
a7a6f9c7e9fa5c7,control,Преподавание и обучение,5.3822
27aa0b3bcc142fe,control,Маркетинг и реклама,4.7287
b310d40e98d36f0,test,,4.2587
c6bd7886b764c65,control,Управление командой,3.6412
eff8fa43eb73402,test,Другое,4.0097
21e9a635cc6add8,test,Преподавание и обучение,5.3374
8cdb24b4fddd2f8,test,,6.0916
ab30bc4d5600164,test,,5.6816
a985f23b097ef32,test,,3.5158
4c7299ead4825fa,test,,1.9406
0725741254666c7,control,,4.8494
2fbbdc7a5aa8f77,test,Преподавание и обучение,7.2854
6cc387fb428acd3,test,,5.7274
baf18ab3b5682db,test,,3.704
00e04a337831319,test,,5.6896
da68869cdf469c7,control,,3.2573
1b5c69d429f6c18,test,Преподавание и обучение,6.0837
2b634cf08b84b41,test,,4.7605
65b081d3912dedb,control,,4.0762
5cf1538d652de72,control,,3.6137
856fc1a87591a98,control,,5.6592
f002c648ef602f2,control,,4.382
de425b7c67ec6b1,control,,6.2635
23542e86e34d543,control,,6.0686
144c115571ee518,control,,5.3589
02a486d4f072dbc,test,,2.2868
14aa5d5852a9e1e,test,Преподавание и обучение,6.4891
448ae256942e8f2,test,,5.2775
3aab1e3554a1e45,test,,5.282
3c4218c471a3b91,control,,5.0968
5dd6a00d3c89de8,control,,4.032
974a0867c140062,control,,5.0708
4ca5d453999c2c2,test,,4.917
dbdf144e7c81946,test,,5.1087
f7c4cfebd6b1ca4,test,,6.2894
4875a1c119bbdc7,test,Разработка и инженерия,5.1461
a980932c32d6db7,control,Преподавание и обучение,5.3001
079e34d007b4902,test,Преподавание и обучение,5.5065
d558677c656b1c7,control,,6.5493
6f441908940d2bf,test,,4.4357
fd2264cc1925a3f,test,,4.4513
ee45a6574546dbd,control,,5.7393
21807899880fdf7,control,,5.4604
2a26b9a4cd12c4e,control,,4.1817
c299ba5b64183a1,control,Преподавание и обучение,5.8314
afe69b1e6c0889a,control,,5.9093
108bb5f54d64707,control,,5.917
eae3c55cd973ea5,test,,5.9845
503e5e058d24994,test,Преподавание и обучение,5.3633
15456e56fdb5041,test,,5.5086
91bc89728218df8,test,,5.2325
978b0e5d3ffcc6f,control,,6.6736
5fea690048c8c73,control,Разработка и инженерия,6.4098
d88b379a310c64d,test,Маркетинг и реклама,4.7627
09125e9cfa5d7b4,control,Преподавание и обучение,4.1837
e21fe7d4852f479,control,Преподавание и обучение,5.366
6e56ddfdb4c6bb4,test,Преподавание и обучение,6.7392
a950fcc50e8e0b0,test,Преподавание и обучение,4.6373
ab87f877345b69b,test,,6.2658
092902c0d814b36,control,Преподавание и обучение,4.9886
5b6f8fee4272118,test,Преподавание и обучение,7.1822
4c96c0dfac8cb6d,test,Преподавание и обучение,5.7055
7e4cac4e37d37c0,test,,6.2938
d411e750dea1c68,control,,4.4421
c7567babff86a73,control,,4.6307
0d49dfadef3f653,control,Преподавание и обучение,5.3521
a4ad46e71b12a34,control,,6.9611
a172374643eb6f3,control,Другое,5.1119
964758eb6db36b1,control,,6.9227
643c8ddefb733d7,control,Преподавание и обучение,4.0307
2bc272d571370f2,control,Преподавание и обучение,3.0809
0f9b7c136147dcc,control,Дизайн,4.4697
b8fbc42b9ac1013,test,,5.3981
b1db23dfc274157,test,,3.1022
bd7b4743df1641a,test,,5.736
df2386ce81f1a76,test,,6.5495
22f1fefff584f1c,control,,5.35
b9e6e4b01df4efc,control,,3.3966
1e3d42035e0a3f4,control,Управление продуктом,5.1932
c65c317c67974ad,control,Преподавание и обучение,3.459
909787c32283458,test,,4.9457
ec57875b2a45c66,control,,4.8623
66a5ea18d39fca3,test,Преподавание и обучение,5.7415
7c049b08103b027,control,Бизнес и предпринимательство,3.5631
9048569884ed2d4,test,,5.4409
561710301709ab5,control,,5.3319
e303722cb636b88,control,,5.979
4876c2fe7914a18,test,,3.9178
4f87e85cdee387e,control,,5.1124
8143977aa491552,control,,4.6233
ae5818e5494ad7b,test,,6.1194
a83614dc3012830,test,,3.4841
13209e4dd36d92f,control,Преподавание и обучение,6.4684
f0b089c7b118c59,test,Разработка и инженерия,5.7936
19e0f6c197c3147,test,Преподавание и обучение,4.0439
87013ab525dd126,test,,4.5834
cea5413237b690f,control,,3.953
92475ccab3e311a,control,,5.7294
f74dc17758d2664,test,Преподавание и обучение,4.8924
9dc915cd577cc51,test,,5.3867
22255b262ccf4b5,test,Преподавание и обучение,3.2338
9d5113565c40e79,test,,5.4794
cb4d29bbfd0a07d,control,Преподавание и обучение,5.0174
93d4753cb4a5775,control,Преподавание и обучение,7.0205
97622dfd8cae2ca,test,Преподавание и обучение,5.3169
9fc428a6d9b368d,test,,7.4914
91a2c9d11d75106,control,Другое,6.4286
ecb467435ff5e55,test,,5.9895
e7fd4bb99ba49dd,control,Преподавание и обучение,5.2202
309492323204650,control,,4.5603
f9b47ec20375e2a,test,,6.4907
53e5711e206c6e6,test,Разработка и инженерия,3.3799
f6d2197e23ba25a,control,Другое,5.2209
f5ca7cd5580f2df,test,,6.1458
80d4a2e9749ce4e,control,,6.0959
9d269c7236feabf,test,,8.0472
f8ab7c23f04e553,test,Дизайн,5.3265
5c1dd6346d369c2,test,,4.0036
f2eb73c96ccf0ef,test,,5.2223
9cdb90b63609f88,test,,6.576
c42007b1bf0cdb4,test,,3.7113
ef54fc05603a4c5,control,,4.947
1d91e9916e2544b,control,,3.5229
d1b821b3fe0ff75,test,,5.7982
30e1df3390208ec,control,,5.3293
a35061aa014649c,control,,5.7717
8b1c397092bbc99,test,,4.8341
d9ed62a77e1ba3b,test,,5.134
72512dad9e51c61,test,Поддержка и сервис,5.9779
19d64e76434f9d6,control,,7.0675
292ae256483a6cc,control,,5.346
6103f1139e0355b,test,Преподавание и обучение,6.5013
0bc00c8ed8a8fad,test,Преподавание и обучение,6.6224
10ae6c2891c6d7f,control,,4.4476
b96b632f5d71be7,test,Другое,7.7211
1caaab86f587f67,test,,5.2875
3459dbad0e99df7,test,,6.5448
009d5e9eb03491f,control,,4.1066
0dd08ca11f2ab97,test,Преподавание и обучение,2.8572
04d1d1350846d5a,control,Управление продуктом,1.1669
d4d851b2528a3d0,control,,3.7681
5fdeaf895a232a0,control,,5.6781
b9a2f7b16626663,test,Преподавание и обучение,6.7949
b900a66f4da9048,control,,6.0808
e43b3caf8d739f6,control,,2.7034
002995bb87c6d89,test,,5.1062
0713a7ae95e9b7d,test,Другое,2.6049
7b09d96c5281106,test,Аналитика и исследования,5.1376
61309a434ec0dc9,control,Управление командой,3.8898
94af167286e2294,test,,4.8525
aa35511646436cc,control,Преподавание и обучение,5.3215
bd83ff4c8c196bd,control,,5.5024
575199a3aba8b86,control,Аналитика и исследования,4.5537
47d1a9dce3999dc,test,,3.6317
e844685c5d09895,test,Преподавание и обучение,5.6081
503ebb5ba9115e8,test,,5.7913
ccc5e2b73742354,control,,5.0055
e72474bea9d371e,test,,4.2465
ab9acc583473981,test,,3.8524
977a334b21e6d9f,control,,6.6646
5351794d93c33c1,test,,5.6673
f3c813750f3c381,test,,4.7815
756a62a9d302d0d,control,Преподавание и обучение,6.8323
187b51096c0303b,test,Преподавание и обучение,6.5333
4995785ec5e0fd2,control,,3.0736
0d54793072d6d84,test,,3.5277
0b6cb044f22fd72,control,,5.155
7ca73f40cff419e,test,,5.5288
24d2adac8d83d63,test,Управление командой,5.9926
ffc3b28efc0612b,test,,6.2584
c70933e5de7c46b,control,,6.166
9b1bd486bbba736,control,Преподавание и обучение,4.8555
f3a1718ef792822,control,,3.1725
9f5aff74d4dac96,control,Дизайн,5.3405
73b5753e0fb8da3,test,,5.3278
5472dddc50e5f8a,test,Преподавание и обучение,4.331
d5305fd38af67d3,test,,6.2243
7ce74d152334d23,test,,5.816
fd39cc5ba43e2e2,test,Преподавание и обучение,5.3797
c2157189df8d525,test,,3.5697
7f52b8853a88e02,test,Преподавание и обучение,4.8082
8b0b7b9dde4fe7b,test,Дизайн,5.4295
0056ab857b60b54,test,Дизайн,4.6195
02ed6b8d8f3af89,test,Преподавание и обучение,5.4697
48e70901007c4fe,control,,3.2059
475f7bf08e854ff,control,Другое,4.8928
840313727cc40f8,control,Преподавание и обучение,5.6719
e81738c945f7977,test,,6.2884
15ca113a8197e1a,test,,6.5866
17ab81fd341e0f0,test,,2.6298
9374c3a4a54a21e,control,,6.7972
df675f344290df9,control,,5.334
8ad38c030af8aa0,control,Преподавание и обучение,6.8126
00e22c8e7adbc4a,control,Преподавание и обучение,4.5685
35059fedb2c2c32,test,,2.3563
9ea8bd14bfc7aa3,test,,7.0653
8122078e0484b65,control,,6.2031
c5eb62bfb177aff,control,,6.2944
e90e81a4d24a15e,test,,3.1263
32aedcb07fcecd5,control,,5.5325
45f4bee4bbe2a88,test,Бизнес и предпринимательство,4.1907
2d83448dd1b12d2,control,,5.1212
f4cac73647c3240,control,,5.5305
f21794945cc8083,test,,6.4711
212b14fda76c79d,control,,5.751
c97454799d865f7,test,Другое,7.4884
79ada4db9be4f39,control,,4.7644
16b9a7db6b945db,test,,6.4378
8ac2882ccde6164,test,,6.7583
21c9c869213a294,test,,4.9198
408169ac9040661,test,Преподавание и обучение,5.0261
f4b80cb9f0356d8,test,Дизайн,5.6169
120e04003cd3f2d,control,Преподавание и обучение,5.5813
8831434e818d133,test,Преподавание и обучение,4.5163
bfad01de19ff7b9,test,,5.7422
b9e7e3e55249360,control,,4.988
3e5a912d47020cc,control,,3.6109
dca513bb74d9ce2,test,,6.5551
2a0dc52b4f1864d,control,Дизайн,3.9873
e7db79202893e74,control,Аналитика и исследования,5.0393
238b94f446dfad8,test,,6.3927
c73005ff66cdfbd,test,,6.4514
b9b4c78310457c4,test,,5.0522
bd7b7fd1091a2db,test,,6.0819
b399b2c2f85c293,test,,5.9556
afe039bd4aa3110,test,,4.626
cd5f13347faf9bb,test,,6.0964
262700bdd83fb56,control,,3.6462
4f280d29b847004,control,Управление продуктом,3.7918
fd07a433e2cc778,control,Разработка и инженерия,7.5906
fc16d1052f400f1,control,,4.5834
3a3804af35c018f,test,,7.5021
b1030d598dc42fc,control,,4.9641
8fe9556560b0782,test,,3.7375
58aa0ba451e4efe,test,,5.5107
4fe8fd3501c8178,control,Преподавание и обучение,3.782
4b5696d3a504329,test,,4.0522
ac6564e5f99a417,control,Преподавание и обучение,6.3237
a7edf913aa59d9f,test,,5.9732
1669d0b96dfb820,control,,5.8882
28687ac759612fc,control,,3.0709
e5ef176f8c34bce,test,Преподавание и обучение,5.9526
3d72c8f5d032a00,test,,4.1348
ee1750e7d7a72f1,control,Преподавание и обучение,3.982
481b11149239646,control,Аналитика и исследования,5.2243
3b078e9f1a6a42a,control,,3.603
5f78c12fa57ee3f,test,,6.4335
73b6d7e28d31dfb,control,,3.1756
6ce0a46e2b955a3,test,,5.8937
b91582ca4222264,control,,3.6932
3012976e6dc4233,control,,4.387
d38a6cebe28c9b2,test,Преподавание и обучение,5.8032
a13afc98b6005ba,test,,5.3301
c7473d7e2715952,test,Преподавание и обучение,5.7111
94beab92275ea09,test,,5.2943
3f2b51ec48cd847,test,,4.4917
ab693e759ae6210,control,Преподавание и обучение,3.4518
d056390be8bf0a2,test,,5.7165
59cbb5d7ab7fed5,control,Преподавание и обучение,7.6841
038690d1ca3a051,test,,4.9996
19a72486c4055c2,control,,3.4754
6ddc869aabe8ff3,control,,2.7646
044686f7c878d99,test,Другое,4.863
6bc1595961995e5,control,Преподавание и обучение,4.1412
c4fc23143fe230f,test,Преподавание и обучение,4.6313
cb4d66f61a9759d,control,Преподавание и обучение,4.1811
2727f8136e90659,test,Преподавание и обучение,6.5325
c4d230e19f68f8b,control,Преподавание и обучение,4.9456
a86a17cd2b55554,control,,5.5574
effb81bf7860fde,control,Управление продуктом,5.8684
77dfa0a86cb238b,control,Преподавание и обучение,5.9189
91731f62ab4745b,control,,4.0965
1581fe7ccca4df5,test,Аналитика и исследования,6.6443
a18518dd287358b,test,,7.6215
6d293b287bbe1a9,test,Преподавание и обучение,6.4194
e9c1d06a83e9e4b,test,,5.7657
e043f8191c76e7d,control,,4.5188
ef0c3c6e1c706df,test,,5.8221
05c76d64f0b2751,test,Преподавание и обучение,5.7817
4c3771846561cf3,control,Преподавание и обучение,6.3085
8a1afdef80b7ef8,control,Преподавание и обучение,3.2544
7736715eb42bd8c,control,,3.8545
c427731bd740456,test,,5.9217
eb9594b2955b9a0,test,,5.5908
3d34b403da3184a,test,Преподавание и обучение,4.6955
ce8f6b2d2954b4f,control,,5.6563
b5335745671bafe,test,Преподавание и обучение,7.6711
1d25a4469d2f615,test,,8.3785
73d3b2c585b2a1a,control,,4.9578
54bff7c815abf8b,test,Редактура и копирайтинг,5.1276
1d5e3730b127879,test,,3.0338
47a14f4390a89da,control,,4.4212
03d1e95b20a8293,test,Преподавание и обучение,5.954
e38a9b356388709,control,,6.911
cb80296d34c8487,test,Преподавание и обучение,5.0726
b8c424bc594be72,control,,4.5916
d329d72ca1eaf43,control,,5.0447
d822310b4913db9,test,,5.4836
0050df6d8eed315,control,,3.3595
f15052b5c608ef3,control,,5.8728
bb62519c3ab3c85,control,,4.8673
080f0b46d66ca1e,test,,3.8707
8e6e463ff919218,control,Преподавание и обучение,5.3375
f0fdae4e768f5c4,control,Дизайн,5.1302
0f47f4ef9646ea9,test,,6.3021
f6930aafd5f581d,test,,6.0429
51aedc203c3d58c,test,Преподавание и обучение,5.7242
359a79bacb4d9f9,control,Преподавание и обучение,4.46
7f632731c9f0cbb,test,,5.4403
0b90bfbded775dc,control,,3.893
844095372bae21c,test,,4.4742
e36c683063fcd3d,control,Преподавание и обучение,5.7332
c2e32c2fa17154f,control,,3.7653
4d5d17ce102a566,control,Преподавание и обучение,4.8562
e6fe9d843584294,control,Управление командой,3.8674
9f72364404f99d2,test,,4.548
e160b16875eca4a,test,Преподавание и обучение,6.1923
4f0743f1b203ff8,test,,4.1883
cf1152f0f1a344e,control,,5.4154
4ab28bddf726e0e,control,,5.7748
e2b688038712a08,test,Преподавание и обучение,6.0267
5bac171aaf992b4,control,,5.4655
525260e9e9ce232,control,,3.6547
94f3be4d060a879,control,,4.818
21f192d9c235efc,control,,4.2022
7af7d3a2a81b9e5,test,,6.0407
4fcea785e3fc80d,control,,4.4562
6612b42af725b8c,control,,6.4228
0ce110e7a842886,control,,6.7549
c8452dadc6a1855,test,Преподавание и обучение,3.8637
d1a6a49ab5ede61,test,,5.4345
4d64960d4167123,control,Разработка и инженерия,3.1315
f7aefa4dcd30dbf,control,,5.7762
dddd1ee34473180,test,Преподавание и обучение,4.9243
7729a9769fb216a,control,,3.5331
532f36a599a87c0,control,,6.9787
f9a9b7b2231da51,control,Преподавание и обучение,4.4263
f4cb0321c431e08,control,Преподавание и обучение,3.3067
a772c1b3df6810e,test,Преподавание и обучение,6.719
23008081b4229f1,control,Управление командой,4.5496
45d5fc405f4a16b,test,Дизайн,6.4274
288f03f6e78c9e5,test,,6.964
065c615d1c2e7ab,test,,1.69
ded0f62ce2a2d3e,control,,4.688
16578e26d3761cd,control,,4.7908
45becc7c58ada2f,control,,5.5991
02051874524701a,control,Преподавание и обучение,5.9774
9a743c51a9c7de9,test,,4.5796
c8a0ff363b23b3c,control,,3.9652
ec54907652e1ac2,control,,6.05
e1675c4c290e507,test,,5.1142
d617287fce93d58,test,,5.4453
470b32761ec37bd,test,,3.9578
f90a51c8cd09bc7,control,Преподавание и обучение,4.463
676d0840c204b36,control,,4.9396
003d4157181b40a,test,,4.9073
193da45dddeb8c1,control,Разработка и инженерия,4.3929
d6d87d336011720,test,,3.0785
b9e9433700d1209,test,,2.2045
26e8a67c037f48a,test,Бизнес и предпринимательство,5.3442
94796e9fdeb14ff,control,Преподавание и обучение,5.3234
d17dc27454eeb09,control,,4.0447
b95cd3001d64ed9,control,Преподавание и обучение,2.9667
094281b48ed23ac,test,Преподавание и обучение,3.4147
837e7640084fd7c,control,Преподавание и обучение,4.8507
dce1eb594d305cc,control,,4.5301
bd124c87ffaae13,control,Преподавание и обучение,5.3566
2239f9144c8397b,control,,4.7197
f95369ba05cfef1,control,,4.588
c7ea969ec8cc9ca,control,,7.0847
6a8e020f7f7a668,test,Преподавание и обучение,5.7472
2b57a8d27b08734,test,,4.6792
b3a3bdfca4ad674,test,Преподавание и обучение,5.6811
a73aa0161462a5b,test,,5.2617
6fea6f7180659f1,control,,5.0431
54ee32fc4a86e06,control,,4.2434
5c19c0aff5e3878,control,,5.2206
30727c5131c5855,test,,7.2704
b3c9adacafb2aca,control,,3.7085
559364dc64dcbe5,test,,3.0996
0380c5e97da7d03,test,Преподавание и обучение,6.9403
834dd964327ebd3,test,,6.1715
536e7bb08742e60,control,Преподавание и обучение,2.751
1ceec5cd159c160,control,,3.4171
663aba2bc85eef8,control,Поддержка и сервис,4.2266
ee052181e040adc,control,Преподавание и обучение,6.0227
1ec31a3b06cb749,test,,4.8611
36ad51b3b14411c,test,Преподавание и обучение,7.1434
be621f512f2fe4c,control,,3.8325
2254bd400b20e0c,control,,4.2892
c0b39beca36b269,test,,6.6173
5ca5ac931d09202,control,,3.8407
2253a89704b7a6b,test,,5.2893
f652481ceb40ffc,control,,3.8471
260d4866c58c25f,test,Преподавание и обучение,6.8769
2cdf89290d1c031,control,,5.01
3e43d629331d111,test,Преподавание и обучение,4.7491
9f46e453519c543,control,,5.1581
8afa7fb74f3bde1,control,,5.2204
e0611b2fd9294e0,test,,5.426
79043550d31553b,control,Дизайн,6.3688
6fca5d0a662dd9a,test,Другое,4.0007
a821fc80aa14a45,control,,5.4127
8b3e32080c6c51f,control,,4.1759
df7f0ccb4fe4ab3,test,,5.4109
1c39c7802afe5f6,control,,5.3134
d769ce623862e93,control,,5.5243
b7d59a3223f09da,control,Преподавание и обучение,5.3265
47be69f8917a96d,test,,4.2041
adeabe04dd7be8b,test,,6.4627
ead8fe9cf46d147,control,,3.2762
0abb29cf08de15f,control,,5.3893
24957a0bde43e8a,control,Преподавание и обучение,4.1099
2ba75a4acfa7646,test,,4.9445
cfce3ba74ae60d1,test,Преподавание и обучение,5.3176
a251a1ab2136b82,control,Преподавание и обучение,4.6635
00d6df156c26e37,control,,4.0774
7fe2f62b779aa99,test,Преподавание и обучение,3.873
fd94baccba1d07d,test,,4.7957
e84c9ec41c6d406,test,Преподавание и обучение,4.8781
bf8c7ae1c22ae57,test,,5.4762
8b2ba9a6c553560,test,,4.3462
f0940f842ace6d7,test,Другое,6.4699
7d290a5b040795f,control,,3.4678
100294e4ee6d98c,test,Другое,3.9705
64aebd2a75d8be2,test,,6.0943
e28aece2e0d9029,control,,2.242
183d5e6dac4d592,control,,2.5843
55527d0245b09ac,test,,4.5343
1ddb30959b3e418,control,,5.6996
e2af6297be5f44e,control,Преподавание и обучение,5.9728
4786058fc6327e6,test,Управление командой,5.2318
73b872bd6fc0cc5,control,Другое,3.6667
67f441b00506512,test,Преподавание и обучение,4.9875
1ed63c6c42a3c08,control,Другое,3.4905
4986d1a69f07ddc,control,,4.7232
b7dd40bcf2ede04,test,,3.9358
3a8d31ad2d29de9,control,Преподавание и обучение,4.633
b4716193490e836,control,,5.7757
de1520efb2315ed,test,,6.2373
bc0d4282a1a321f,test,Преподавание и обучение,5.4775
08c76b466f50c53,control,,5.2271
8015b781b413376,test,Преподавание и обучение,4.042
bb99f798ba4c269,control,Преподавание и обучение,5.791
5f37f1ee365c2db,control,,6.0314
a9d3fda64377a92,test,Преподавание и обучение,6.477
bd7acdbea3aa1b2,control,,4.9366
6cacad504c43879,test,Управление командой,6.6279
efb6b2b1020cb5d,test,,4.5539
9b28b49bfa67d2e,test,Преподавание и обучение,4.5831
3e9cc96ed6df61e,test,,5.1767
9e0bedf30eb13d0,test,Преподавание и обучение,6.8738
84e904636eff8a6,test,,4.1827
eb639e3ffb88e1a,test,,7.6858
975a63e7669243e,test,,6.0513
fce5cd88ac53909,test,,5.803
14bbcca60b09faf,control,Преподавание и обучение,5.0404
b43225fbb9602a3,test,Преподавание и обучение,5.8771
e23a641e0516621,test,Преподавание и обучение,6.1391
9089b51c748a2dc,control,,4.9292
5d4987d81060ac9,test,,4.698
5e656abbbc0cdfd,control,,6.0896
c24ba726de97ba2,control,Другое,5.396
5b816da8b01763a,test,Преподавание и обучение,6.1167
d6755794d15f9dc,control,,3.8482
bc7bb3d1f128b00,test,Дизайн,5.0492
e8d005392ec1068,test,Преподавание и обучение,4.5664
6f846842b9cf355,test,,6.9599
9b005861d642f4f,test,,5.5901
25fe07d0576c357,control,Преподавание и обучение,3.4501
e821d1a53274b48,test,Преподавание и обучение,3.9245
1d8724100fdd04d,control,Преподавание и обучение,3.1093
2d55ce7fe513b8d,control,Преподавание и обучение,4.8747
7d3089ede8e32bc,test,,4.4397
90f55f98d5dcaa9,control,,3.7996
cc07eefb98578a6,test,,6.2966
bcf0a7e2d132349,control,,4.1586
24c80c3f31faf77,control,,4.0441
f06843a6b4e9c20,test,,3.1708
ddefa3121e3341a,control,,4.3074
f5240c5919d43c2,control,,4.1747
7c1f84d9cc88e3d,control,,5.1495
5bf7c78afa9ea74,control,Преподавание и обучение,5.2752
a1808ca456f6687,test,,5.4991
6627c3bce7726cd,test,,7.8129
461f8cbfbb52a57,test,,6.527
41b43f36baf5e4a,control,,4.3256
d2f44928e026032,control,,5.7081
f16b7ec877b3026,control,Разработка и инженерия,4.7391
393cdfcf849da8b,control,,4.9533
55c3056c2595473,control,Преподавание и обучение,5.2406
86da34838f2046a,test,Другое,5.8327
0469487d2f094bb,test,,6.9303
fdefc622f22d1d4,test,,3.6739
189fef91979f3ab,control,,3.4689
c3d6dd77ea12de3,control,,5.9269
c2bda0c07e81724,test,,5.2207
f1d12d903710a27,test,,6.6731
ec9b8240d6583d1,test,,5.3906
82b644e494d786c,test,Преподавание и обучение,3.9826
e7628446730dc68,control,,5.799
6c2593a828917d9,control,Преподавание и обучение,5.6138
b2e17a8d74ab9df,test,,5.1667
7b0f7463174c077,test,,6.2752
88f0f6e76a836f2,control,,5.8154
5f1f1a7cd68ec25,test,,6.6105
676d8e2b37237e6,control,,5.7785
46681a582b97c7d,control,Преподавание и обучение,5.3682
b76f0fb24444fb0,control,Преподавание и обучение,4.7926
d1d8f11b68bcddf,test,Преподавание и обучение,6.8956
99560a729ecec06,test,,4.8812
d5f2189029288eb,test,,4.0218
b8c572486270261,test,,6.9984
0d2cdac7389ea84,control,,3.6211
617be4e4e744e04,control,,7.5683
9c155c3bf96b6d0,test,,5.2433
2d2166704619383,control,,6.684
db7269e53fb532f,test,,3.9722
06736aff938f52f,control,,7.5963
00e01e4791a4170,control,,6.222
e838e64d50b1198,control,,4.287
3a7b3a5d0aff21c,control,,6.0603
e167c3e0bd02a06,control,Преподавание и обучение,8.6546
2820289f4404a1c,control,,6.8118
1672ec8a04aa163,control,,3.9541
1dc400cf43e2f03,test,,3.3959
6ed15d31d213822,control,,0.4572
64042d337f2d81e,test,,7.6567
5586d28557e6180,control,,5.4519
4efa145c9ff4391,control,Преподавание и обучение,4.8598
47c8a1d136e457e,control,,6.3382
fc197a84b04ee09,control,,4.4998
576a10b988a0a04,control,,4.7709
fe41ec2918379b0,test,Преподавание и обучение,6.8302
4565cd6e3e8128d,test,,5.6821
11b9503a9109d0f,control,,6.4008
20464aafbdc39a8,control,Преподавание и обучение,4.0162
82e49f6e24cbc74,control,,5.1126
5dd1f639334d961,test,Преподавание и обучение,6.1236
f3a57d2460fd012,test,,5.0808
f092bcffad5524e,test,,5.2981
cffd03c94e2457f,test,Редактура и копирайтинг,5.3881
b654f02a82dd2d7,control,,5.1171
6c7061e803fc0e6,test,Преподавание и обучение,5.621
816040bc5d98a7f,test,Редактура и копирайтинг,6.1916
3d8bf58e64e7b52,control,Преподавание и обучение,5.6653
e60a8632f785f1d,test,,6.7652
7a64a263427f162,test,,4.7952
26201ab4e8a4f6e,test,Преподавание и обучение,6.6543
6eb9b1b83bdef6a,control,,5.3117
961ee1d8f71e781,test,,5.687
fefa4068debc979,test,,6.8994
be8e456f44081f0,test,Управление командой,5.6331
b3119e4d1342c69,test,,4.4478
0acb0c954ee829c,test,Преподавание и обучение,5.5193
4af90a5b415f683,test,,3.5769
564e861bbf57bcc,test,,5.6074
3707d441680dbd8,control,Разработка и инженерия,4.0536
ae15a18e967247b,test,,4.6139
135632fa4cad240,control,,3.7199
400e6945f3cdde1,test,,6.4301
4094fee9a53de3f,test,Преподавание и обучение,6.7761
f836b871017f6a8,test,,5.4343
5aedd7448cca40b,test,,4.321
1e9fae20bb77300,test,Управление командой,2.261
b4a2247e4adc87a,test,,3.6013
a22e75dc2472347,control,,5.1169
a9dfc2e96f68fbd,control,,4.0268
fdd5eeeead8ae3a,control,,4.9157
b74f3ce32466ad7,control,Преподавание и обучение,6.9128
f2b7032b5bf1b48,test,,5.016
17bafc7178a70a3,test,,5.7677
449237151f6b8d7,control,Аналитика и исследования,5.028
7653ab8ceb615ce,control,Преподавание и обучение,6.1683
3d4945c2fa4873c,control,Преподавание и обучение,6.0928
7d7459818a05cba,control,,3.1366
5cb40743cc8bf74,test,Преподавание и обучение,4.3477
3fe473f818a7363,control,Преподавание и обучение,6.1739
3bba9e056300df8,test,Преподавание и обучение,5.0296
5b0e651a3c863c0,test,,5.5576
ccfc06a53ab9ef4,test,,3.4115
e926b3b8107f7f9,test,Преподавание и обучение,7.0591
d523433dd50ccc5,control,,2.9504
d31de6ba2eff7d3,test,,4.0455
78c55cab3fd808c,test,Преподавание и обучение,6.1367
d5c4143d30526ab,test,,5.0916
301be6d049a5268,control,Аналитика и исследования,4.3262
8f45866e047b43d,test,,6.1122
7d349f77e67b37d,test,,5.6382
24c87c4faf99b66,control,,5.4293
f836d16c4ebd2a1,control,Преподавание и обучение,6.1608
e8b9d00f1960dc6,control,,4.6632
b723b404b2d5e8c,control,Преподавание и обучение,5.3431
06d3deda0121c40,test,Преподавание и обучение,5.4515
41edfd03f6f3e1d,control,,6.546
941ae432d552993,control,,4.0568
48274f39c6d9f2f,control,,6.3316
2e22d3905803832,control,,6.2818
71e9efb9e6076d7,test,Преподавание и обучение,8.335
af1d0175b9a013d,test,,3.3636
b6602038b561366,test,Другое,4.3655
81e350a78cdd9c8,test,,4.3569
d6ea284322d6c55,control,,5.4221
dabe12a9ee7596c,control,,6.3674
1927c206234a239,control,,3.2217
eb69e35ddbf4522,test,,3.3925
4cd060bd30bdc09,control,Преподавание и обучение,4.9111
3f252a876045fc3,test,,5.0393
b5a9c80d005da7a,test,Преподавание и обучение,6.0289
8e2d7e65950248f,test,,5.506
9ed57dc2d0330c0,control,Преподавание и обучение,5.7424
132aeabe330e987,control,Преподавание и обучение,5.0231
9c90283157800b6,test,Преподавание и обучение,4.7761
2ecc83b079c083d,test,Управление продуктом,5.579
250c085694b67b6,test,Маркетинг и реклама,5.4683
60d6dabfe0b3a54,control,,4.5897
0a6b7465fc2db5c,test,,6.6988
1d3ce9a93fb9be9,test,Преподавание и обучение,7.0475
27d80da6c4aac19,control,,5.7944
f43894b2e068a19,control,,4.4817
999a2bdf85925f5,test,,5.8234
006a99bfa65836f,control,Преподавание и обучение,5.1661
c94f20b676e1d63,control,,5.0427
cc1dd1180dbd3b6,test,,4.5052
117a6c3ec5a5f3c,control,Преподавание и обучение,4.587
d51de3eb0411335,control,,4.581
c16bb720a8f8719,control,,2.8632
3a15b2e1a3b6796,test,,4.8964
6e9fa48ecabe595,test,,7.4519
41ff82a2c620d41,control,,4.8704
201f81c12c56ff2,test,Преподавание и обучение,1.5605
cb8a1b738fcacd4,test,,5.1536
1ca52c7560951b7,test,,4.3682
1ad464cc90442a2,test,,3.4834
dbd055b2cd7dd5e,test,,5.351
ee557788466649a,control,,5.9527
363fd3d1f0a7354,test,Преподавание и обучение,5.9909
788c9558a36e013,control,,6.6775
98287c52fd5299f,control,,4.6107
a86d89d9ae7465a,test,Преподавание и обучение,5.4032
896598aa7f6e35d,test,,4.0076
2efb325eb6fc2b7,control,,4.4383
f66be6de18d2791,control,Преподавание и обучение,6.8428
1f1fad5cb6d2f43,control,,5.9767
c23aced197f93cf,test,,5.5752
3654fa48e64c803,test,,4.934
88b4b801c07eb78,control,Управление продуктом,4.8901
e349a3c0f6a3770,control,,5.0713
1e3712ce227da3f,test,,6.2419
5cecb2e6d91e254,control,,4.4605
ecc5c73d570767e,control,,5.931
5ba0e3af4a18581,test,,4.6184
0607d7dbac94a26,test,,4.7901
9b7d6c596a3ac0c,test,,5.3503
5885ebc91162da2,control,,7.0485
ddfe02550b2ff13,test,,5.1165
e47f7a89345f1d3,test,,6.7048
0e3f1ca16c3ca08,control,,6.4849
6479b12c4d61008,test,,4.9236
f93c3483bd8e8a0,control,Другое,3.988
0bc993433398d92,test,,5.9049
bfab7ccb4c4fcac,test,,4.4708
3bf6460c9d1814a,test,,5.7717
3269887ddb3b4b8,control,,7.4408
a61e47c1afab949,control,Дизайн,7.1587
ebd24789b40fb76,control,Преподавание и обучение,6.6821
c2c9764168eef2e,test,,4.1886
af44ebc82de9311,test,,4.7543
dd0911568bfe983,test,Разработка и инженерия,3.2989
af5b70a29efedae,test,,6.4069
efbe930b252c1c1,control,Преподавание и обучение,6.7949
03f2116d9248944,control,,4.4481
5692a0080701634,control,,6.9101
42859dbb1eff554,control,Преподавание и обучение,5.4942
423a95e39754d12,test,Другое,5.2062
fa2b9b14a89ced2,control,,4.734
cb098fb55d771c6,control,,5.7927
d96109cf5915736,test,,5.6523
4a47f64b71429eb,control,Преподавание и обучение,5.5577
50fce3c9aac16e8,control,,4.0928
3be20469b10b280,test,,3.5756
7306724696bb13f,control,,4.963
1a866fe166a8a80,test,Преподавание и обучение,3.7942
7b5d10dac2bfbe8,control,Другое,4.9046
66201dff70a7373,test,,3.3486
2d6c3d859ebb0fe,control,,3.0754
19918db143e5ad2,control,,5.677
b83480cf064408e,test,,4.6715
c17f9943da880c9,control,,3.1145
232b673f8c0c067,control,,6.0531
8edd382c6593fe5,control,,4.9425
9a5368a23dac3c7,test,,4.386
1d8325ff47dd6b7,test,,6.0577
fcdb5df5decab0b,test,,7.0521
49d65c5f84e853d,control,Преподавание и обучение,5.8019
7ec5fb793d466ff,control,Преподавание и обучение,5.1875
0c82bc9a6bb597b,control,,6.0963
2e256f67c2f0874,test,Преподавание и обучение,4.4087
482d62e2f83a777,control,Преподавание и обучение,2.187
d03fe72d8768839,test,Другое,4.395
952d279f650d0d1,test,,6.5212
3495f4e25a2bf31,control,,2.481
dfc04e5b32d571f,control,,3.2209
905876e072d2f0e,control,,5.541
70aac9815849f3d,test,,4.9621
f7881b11b5a873e,test,Преподавание и обучение,5.4444
085bde10eb56469,test,,5.1388
a0874d5e94091cb,control,,3.527
9819e4ce3e18f62,test,,4.1545
184b3fe1ac8bbc6,test,,5.5771
031982cb2578cfe,test,,3.7555
12dbd694bfbad16,test,,5.8635
fd40ecffc7de94c,control,Преподавание и обучение,5.2731
85c9fff16573baf,test,Другое,5.7592
e055216b9a8de5d,test,,3.5943
6316138b41426e9,control,Преподавание и обучение,5.1248
504193f092d8838,test,Преподавание и обучение,3.1697
aaa9e1b3978dae1,test,Разработка и инженерия,5.413
5d58ad3955dd1bd,test,,4.4193
bb57583eb276aa7,control,Управление командой,4.9132
94604c970841e75,test,,7.5901
02572a615a8d7e7,test,Преподавание и обучение,5.3478
868f047ec7ffab3,test,,5.3842
e5bae0447649df0,test,,4.278
51fe9d96dee7ff4,test,,5.4729
635d4d2b18b06e1,control,,2.1091
d3e5192b15316e8,test,,6.0952
44e8b237bac0375,test,Другое,4.5085
4d506bbc044b90c,control,,4.394
811afed43b2f639,control,,5.12
e50e8a2360688fc,control,,3.8456
e4998d29fc41c13,test,,4.7061
c06e85f7bb3caf3,test,Преподавание и обучение,6.0136
da16e9acc2ba401,control,Другое,8.3567
8de48479c93b3e7,test,Другое,6.3373
69bdd8f8436768a,test,,4.5477
3673eafe14b1cda,control,Преподавание и обучение,5.4334
1eeafb8ed3d83db,control,,4.1768
2164b6e5bce7da8,control,,4.4557
59d0e7b421d059b,control,,5.3637
d00a9b20feb4750,control,,5.0814
f1504074b1b5fb9,control,Преподавание и обучение,6.4365
951e215cf22fe12,control,,3.7721
9fb022f1a163250,control,Разработка и инженерия,4.5656
c0bf905e2bff9db,test,,3.8995
f5d74f8eb536559,test,,4.2003
7ea3a2eaaa6f8a6,test,,6.5663
2b28fd1bc63628b,test,,4.374
0421e1abe22bea3,test,Преподавание и обучение,5.1899
ce70260f3d76bff,test,,6.5062
16ba07f62c1161b,test,,6.2266
ba8aa9fc3204115,control,Преподавание и обучение,3.6308
1845030eeadbe1f,control,,4.7361
84d7f1862efe410,control,Преподавание и обучение,6.2488
c3acfe65a3cfee8,control,,5.6693
8ee6123f0ffc3e3,control,,4.5122
94721e1c64e2388,test,Преподавание и обучение,5.1009
ea5af7661d69c3e,control,,5.4159
f6f6b62306fd32f,control,,4.8246
cba8cac6b5a6ddf,control,,6.4792
dbfd03524a0ce31,control,Преподавание и обучение,2.5761
1ba93a0a5042f0d,control,,5.3164
c128393971f0ef0,test,,4.1993
388e8c8d0ba4191,test,,7.0861
0081f8ba100ecee,test,,4.5043
2a242f17e67cb62,control,Преподавание и обучение,4.51
9bb2f3760d979fb,test,,6.8975
fccf2b0c856ab4a,test,Управление командой,3.5151
ca44162246c7926,test,,6.1622
48d43b746d845a2,control,,4.7405
b1ab2f276af0419,test,Редактура и копирайтинг,4.4645
d3fbd368565db27,test,Преподавание и обучение,5.6291
72ad53f1fbf60d2,test,,5.6933
3babc2a68e20bc7,test,Преподавание и обучение,4.1683
510b2e8f7291abe,test,,6.3868
7685213de085793,test,,6.2149
ca2b6c10b89a2ec,test,,4.2315
8b8238b89781332,control,,6.2379
e7eaf615a341cf3,test,,4.1934
9f3eebd6d17a15b,control,Преподавание и обучение,3.2172
4815898b05cf4f1,control,,4.4979
e662ee636608902,control,Преподавание и обучение,6.1077
ed5214b297559cc,control,,4.4189
ee1f51f304272c7,test,,6.5005
547649b5d82b33d,control,Другое,5.367
0428432f587274d,control,,7.7997
5741da846b8d883,control,Преподавание и обучение,6.0974
64acb6188357294,control,,4.6848
d19f9fd96a7d9c0,control,,6.7828
05503cf50534689,test,,3.6244
eaa932aa8207438,test,Преподавание и обучение,5.5216
a9200e90cc57331,control,,5.0017
c5ab2a001bae4b8,test,,3.6051
ff6213a2463c2cd,test,,6.1784
dfb9a7686a21809,control,Другое,7.0574
382b298ee96ac99,control,,5.4346
dd01d23d86a5562,control,,4.2736
d4ca6efb1ad2c00,test,,3.924
f2af1602982bbd4,control,,5.0465
09b3ba8fb69bf97,control,,4.6259
eb3d3ae9492e3ea,control,,6.6794
e151f1f8cfd1949,control,,4.29
5b1ea80917f136c,control,,4.8089
49f65a0f847bd0a,test,,5.1351
4fe49125e39d26e,control,Преподавание и обучение,5.3817
c234f298c8c400f,control,,3.2422
80d2e1ad2bd9528,test,,6.9927
11388cab94a0bd7,control,,5.922
6a4bf7b7e4826dc,control,Преподавание и обучение,4.4755
1601285a4c32f17,test,Преподавание и обучение,6.1606
b0668569c6a83d0,control,,4.4745
afbe2fa772f7da0,test,,4.8795
4f90ca7586405bc,test,,6.7938
01bfbcbb01bde46,control,,5.0379
f48eed4872d45e5,control,,5.8308
57bf3d6d35a9d7c,test,Преподавание и обучение,4.0938
8091b90a25f465d,test,Преподавание и обучение,3.642
b8f36090d4742dd,test,,6.7073
b38f9ca051b2723,control,Преподавание и обучение,2.7541
348b7e6fa5395af,test,Преподавание и обучение,6.6349
ddc76ccaf9af7f1,test,,5.3049
955c124aa4bde34,test,,4.9975
7726ec92cdbc713,test,Преподавание и обучение,5.3653
7c48a10c39529fb,test,,6.2324
b237c900cb50bb2,control,,5.0535
7d234c50155a0dc,test,,2.4657
f34dfaaf3e5473f,control,,5.8672
aa99a323f9ba501,test,,5.6603
66bb116b680b99b,test,Другое,5.6284
f8a265815f2c269,control,,6.085
0976bbef3a13d4e,test,,7.8951
f08368a9ae74692,test,Преподавание и обучение,5.5248
5c3f221acdbdeec,control,,4.339
ca2f48a889a23f3,test,,5.6806
eb31ee1216e8dd8,control,Преподавание и обучение,7.2369
b5a146259c42e7b,test,Преподавание и обучение,4.5155
386d2ff4e473a18,test,,4.1848
6421e48efe0bec2,test,,5.4354
6edf9df9866a8d0,control,,3.4195
a20d007da5a461e,test,Преподавание и обучение,6.224
e3e277801764045,test,,4.1158
1306b8b7ed712ee,control,,5.4829
bdef39f6c33dc85,test,Преподавание и обучение,6.6495
c3d241c86318e54,control,,2.4582
da070d331308ec9,control,Бизнес и предпринимательство,4.2764
880c7111a3bf75a,test,Другое,6.3398
1e280e597acc466,control,,6.4781
9d4a8a59a818533,control,Преподавание и обучение,5.3891
0f8af89c0468699,control,,6.8812
2e04f0db153a10d,control,,3.9136
f886d6d856e0669,test,,4.2614
685f0018d062e3c,test,,4.8004
b71c6b7cb6820f1,test,,5.7607
e13e8f9ec69f46e,control,,4.435
0bf62124a9c05b4,control,,5.0154
b70e4d592082620,control,,4.6983
3298b60c49f18ea,test,Преподавание и обучение,6.3159
8222665d0ec3223,control,,4.4929
309726590a935b7,test,,3.9905
298ba14575fa866,test,Преподавание и обучение,4.7218
9eb918b56c22837,test,Преподавание и обучение,6.642
28936229d8d9d2c,control,,5.5135
90f00ce999bece1,control,,4.7938
08d57b915e26963,test,,5.3769
71657d1dec651dc,control,,4.667
7008beee76ee5e4,test,,4.648
2ded2195b7707a2,control,,5.8358
d0646b04c7e1590,control,,6.8372
0669c9a0cf5bd28,control,,6.3453
aed5782c8ee715b,test,,3.9646
6fcfb46e23b6aca,control,,5.8693
dbee22609219474,test,,5.2748
a4ba9e9ea25744f,test,,3.5381
00bbb762e937c1e,test,,6.2005
f5241e4c1b1b982,test,Преподавание и обучение,4.7458
43fa8c69cd3fa50,test,Преподавание и обучение,3.1125
920afced3b9dca6,control,,4.7078
c75930f4d2da713,control,,4.1343
180ff8ee2293f73,control,Преподавание и обучение,4.2322
e6548ff882a08cc,control,,5.3502
43264b81ae115b6,control,,5.026
847803e16f8fd9a,test,,4.6474
0b4776d8432edcc,test,,6.6634
e01b6cf543f8e63,control,,5.078
23b948c92f33838,control,,4.1852
d347f1451dfe720,test,,3.0811
e7b2780e102efae,test,,4.2416
704a4d184838c2f,test,,3.5879
0ef6e6d8824dcaa,control,Управление командой,5.7231
ca4829126897489,test,,5.4
1bd4abcae11d68a,test,Преподавание и обучение,3.451
08f72b15136e7ea,test,,5.7487
d2d87f84f521d34,control,,6.2586
c877af5432a8121,test,,5.4812
00f98a1ecd48668,test,,5.3056
8a77d16dcdc07e4,control,,5.375
40871e4f8d6c8f6,test,,6.1989
155eb9dab0bae9f,test,,5.874
4f0cae0d945cf1e,test,,2.5366
f019c808c28468a,control,Преподавание и обучение,4.1575
038eabd2849f9ce,control,,3.3978
74fa2f05acc7620,control,,3.5522
c01ce27c0dd5bad,control,Маркетинг и реклама,4.6083
9b9a22b218a8e30,test,Преподавание и обучение,5.3054
b3b33afee945a10,test,,2.7238
0c407ed492fdf97,control,,3.2587
287ef46216e5ea8,test,,5.1715
e30b372449afe3e,control,Дизайн,4.7858
5c4d18e20bf4a68,test,,2.9258
e8d9bff0039b9b5,control,Преподавание и обучение,5.7613
6566e6533553ebe,control,,5.6845
57e9fe2378362a2,test,,1.8955
f6fb974ce17ec4a,test,Преподавание и обучение,4.2754
be20a258e860641,test,Преподавание и обучение,4.1499
3eca4a1e21a7b09,test,Преподавание и обучение,5.7994
a536d2361d2dde7,test,,5.0984
1d9efaa425e662d,test,,6.049
65a952e5d27a61b,test,Дизайн,6.0238
c2040de6254cbfb,test,Преподавание и обучение,5.1206
54a8bd776577245,control,,5.9923
f8a6b19c6fb0c9f,control,,4.6449
a9ec344d888d0ef,test,Преподавание и обучение,5.1208
2c6c1cf962a33ee,control,,6.4854
b6a6465c868274a,test,,6.3274
f4a57a37e3ee156,test,Преподавание и обучение,5.3292
1be10a71d089eef,control,,6.312
0cbaa7840db0968,control,,6.1196
68ee4c5705ec5a4,control,Редактура и копирайтинг,5.942
f815fa2cca210fe,control,,5.7813
77189528a103ab2,control,Преподавание и обучение,2.0086
a43ad9428e58a7d,test,,4.2439
11e1c7634ab6c4b,control,,3.8192
b2d359f968ae51c,test,,5.6751
a2243ff4b367429,test,Разработка и инженерия,4.1634
5676d0c5c1ef8db,control,,5.6047
bd68ad20342b48d,test,,5.8247
aa94fe85427c459,control,,6.0511
087020747f478b7,control,Преподавание и обучение,5.0381
b30787875edbbf6,control,Преподавание и обучение,4.2294
2dd30bf2b6b75c0,test,Преподавание и обучение,4.5597
bcd68e3b6341868,test,Аналитика и исследования,6.7221
166b9a22891a159,test,Аналитика и исследования,5.3726
dc64be80a2478de,test,,2.833
deb4449f48eb4d1,test,Преподавание и обучение,4.8223
8b5ad5d02f0fe6f,control,,5.8904
ce9b68a11e377a0,control,,4.4675
991462a1b662f53,control,,6.5202
fc0f31d5ef4f5ff,control,,4.4451
01ae517517d6bb2,test,,5.5179
e4c3f8cb5ae1c68,control,,5.818
f4fb9bb4f8f5adb,control,,6.0538
8be703acd7af2f5,test,Дизайн,5.9148
57bc6292bf29efc,test,,6.8556
4f605c122808a2a,control,Преподавание и обучение,4.1915
c071c373e4ca85b,control,,5.7599
c46506b337d2822,test,,3.3415
d8d98de3f79bd48,control,,5.5768
9fe6cdc39d52ad2,test,,6.61
119453b7da2022c,test,Преподавание и обучение,7.7813
dbf8d5d67fb279a,test,,4.7849
7b8ce33236e51cd,test,Преподавание и обучение,8.3109
f68759a9ab25afe,test,,4.7291
31c601b7ae599e1,control,,3.0012
4d8b19787611dbf,control,Разработка и инженерия,5.9016
bb2d1c293fd5bf4,control,,4.203
7e8a6570c5f3b00,control,Преподавание и обучение,4.2868
ba63cf4bf63bf01,test,Другое,5.5809
133fce9bbfd1b52,control,Преподавание и обучение,6.6052
5295c24e77de41e,test,Преподавание и обучение,6.0179
08433a54c58900c,test,,5.2524
c87b8513831352b,test,,4.6661
84b4d3274df2865,control,,5.4383
a42f483f3961463,test,,6.114
bf10d233888b88d,control,,4.935
c1415a235240982,control,,3.8794
7dd8a165c180ebd,test,Финансы и консалтинг,5.9028
c483627de792d67,control,Другое,4.3525
3cf8aa600dd68dc,control,Преподавание и обучение,5.0197
a01668362aa98c0,test,Преподавание и обучение,2.5025
24ae3a8c9221911,control,,4.8364
fd3de77be030947,test,,4.3851
5cf7c0470395b04,test,,6.7503
fb01e676799f51e,control,Маркетинг и реклама,4.8684
936419ec5316179,test,,3.941
2d788a595e31da1,test,Преподавание и обучение,3.2306
25cb6c62c6f7a26,test,,3.3343
e0e6493323cfc17,test,Преподавание и обучение,3.8371
712dde4e1ef8c7e,control,,4.9873
8ea481c9853ab8b,test,,5.2069
2c84dc4783f8f6f,test,,5.8012
9f05e1216e208fd,test,Преподавание и обучение,6.4243
080e2608a54466f,control,,5.9426
070a9ce90373de2,control,,4.0246
aaf021b0fe047b2,control,,6.1645
1703afbaac82b22,control,Разработка и инженерия,4.8854
b6b5744df7e8682,test,Преподавание и обучение,4.006
c7916511eb5c85d,test,,6.0775
0e49f5ef6980ab9,control,,5.989
e4b8482aaf82a1d,test,,4.44
427b1297bd51ce3,control,,4.011
5413ce72ade1b51,test,,6.8905
086468102ff48db,control,Другое,4.7511
8597babab6d4012,test,,5.7984
7a7501fe2690049,control,,3.7463
c6d2896cbfe66e1,test,,3.6305
86123942280ed3e,control,,5.262
04d90490d7e8657,test,,7.0436
4664d455419912d,test,Маркетинг и реклама,4.8167
9893a33753108c8,control,,3.6267
037bb680e9be4bc,control,Преподавание и обучение,5.9467
a7e83c102c15919,control,Преподавание и обучение,6.1578
b76b1de17680456,test,,6.9108
0f90487a31480ac,test,,4.4593
d9a12df08714dae,control,,4.4685
75f0538507de6d1,test,,6.7508
2421d0739df3864,control,,5.9173
f8603327808e6a4,control,,4.2518
a396c25e2bda0f1,control,,4.4377
dc9e18f554f9a42,control,Преподавание и обучение,4.122
8400683d2910711,test,Преподавание и обучение,7.2876
52e3bd05458c60d,control,Другое,4.8298
47699c0ede137ce,test,,6.2802
6e646b53e154d09,control,,4.37
8500fa1eedb4ad8,test,Бизнес и предпринимательство,6.8467
574a07dab3c5d54,test,Преподавание и обучение,4.7461
8881ced028c0df7,test,,3.5968
0cee4cab685c6be,control,,7.4516
08eb7807dc43c8b,control,,3.7107
03802b574607339,test,,4.9826
d56ae308b68218f,test,,5.1579
f6d1db169cc7957,test,Другое,5.9477
47dc5dc5f7e314c,test,,5.3058
19fb84d809b7ca9,control,,5.9004
1eaec9a957fed3a,test,,5.1304
bb456577aa0c234,test,Преподавание и обучение,4.4559
da01f871fda95e6,control,Другое,3.7111
7dc34a10d2d3baa,control,,6.4906
6e44b9787958b48,test,,4.6023
f5999a946192627,control,Преподавание и обучение,3.3706
d81acb9fa46a499,control,,4.5894
97f76bf4a837cb0,test,Преподавание и обучение,7.2475
6b4ad955f7590da,control,,3.1307
9e0bfce1b2794f0,control,Преподавание и обучение,7.3706
32001a858f89cdb,control,,5.3438
1af12fb00e4efda,control,,5.2597
091eb792bb1d99a,control,,4.3477
2629564307ff71b,control,,3.6322
bc06dcc97a407b1,test,,7.9598
45a4f67ea15e612,test,,4.6526
62a8f693f9d6b07,control,,6.6755
52d64126fafde4d,control,Преподавание и обучение,3.034
a866a6a0c65e0ed,control,Преподавание и обучение,5.0647
dd170dd16e01a03,test,,5.3467
268707b6f8248cc,test,Преподавание и обучение,4.0852
4b2d5a81914ab63,test,,2.958
ba58c48c4633da6,control,Другое,5.8552
8fca7a1296000aa,test,Преподавание и обучение,3.5476
9c3679332017bd9,test,,4.4104
d5acace93cb3e85,control,,5.1155
6b29cd4dc6b5d6a,control,,3.0063
c4b2ff1996f8aa3,test,Другое,5.8083
7dc24bdf49b37de,test,,4.6428
cd4f435d43ede83,control,,6.3601
2aa76fcf15d006e,test,,5.2164
1b3f1af60249048,test,,5.6904
703020ab7ce77db,test,Преподавание и обучение,6.8937
52e6919244c3a85,test,Дизайн,4.5219
c66d07cc3262b12,control,,5.6399
cc8f74cd954eae7,test,Преподавание и обучение,4.2442
78ad65cb6dbc45a,control,,5.9329
9c36e28f206af94,control,Преподавание и обучение,3.4915
82abe55ca255585,control,,4.4687
0a5996d1ac72b48,control,Преподавание и обучение,4.929
f02fa92ec21437e,control,,5.0674
1afdf01c1405995,test,,4.3313
34a5466c46ce7a4,control,Преподавание и обучение,5.7371
4b096d07f508213,test,Другое,5.3086
e1a69f67f166d46,control,Преподавание и обучение,5.0246
fe9072e7c489126,control,Бизнес и предпринимательство,5.2817
fc26bde0a751cdb,control,Другое,4.7892
1a39e61cea20227,control,,4.2939
f71b14fcb85966b,test,Преподавание и обучение,5.1917
41c72ea96405a69,test,,5.7316
087f3c760da497c,control,,3.93
d12ae2375552e43,test,,7.5519
224588df700221b,control,,4.9389
a3eb21d0e5fee2c,control,,5.0873
274b1888b6a1f34,control,,6.4916
98565520b101189,test,Преподавание и обучение,4.0695
84bb604491dc27b,control,,5.665
35e913eb764fe90,test,Разработка и инженерия,5.2356
61d023f28f1d773,test,Преподавание и обучение,5.2859
a5e4bae416ef73d,test,Преподавание и обучение,6.2621
ec49e97ca45a3e7,test,,5.3485
3512be51c3ebf71,test,,6.7335
f52b73d375b635a,test,,6.3965
29837935e74f682,control,,6.9337
e868445d8dde931,control,,7.7541
4bd0e498bfae419,control,Другое,5.1103
09ca06f7ef3c89e,control,,6.2156
070da5c32fd1cc4,test,,3.8293
7be90ab3dad50af,control,Преподавание и обучение,5.7967
6f400b4ca75fc51,test,,5.4658
c19013a4a888aea,control,,4.4179
4beb520a67e2c99,test,,6.7329
f8a3a1b5202f7e2,test,,4.1976
7db52ba5a50d67d,control,,6.2208
efe3cbba9bf6818,control,,3.5719
fb8d41beda8ec68,control,,4.9339
b48961c5a376494,test,Преподавание и обучение,5.343
48f6d11400dfe2f,control,,2.84
51aa67a45a06bdf,test,Преподавание и обучение,6.1687
2f38bdc5fc5833a,control,,5.8535
4788a94c1e071c0,test,Преподавание и обучение,5.5181
41d14b9423605c1,test,,4.5702
b0faa70afd419fd,test,Преподавание и обучение,6.6596
a9fecefb0a050f2,test,Преподавание и обучение,6.3062
09ecfb2162f954f,test,,5.3851
585e6d4241ab1db,control,,4.3044
c9443460f0199dd,test,,3.5469
07f5557e4d14ec9,control,Управление командой,7.3236
65b86e06b66e781,control,,3.4084
f31959cd7d18362,control,,3.99
ade2015001344ea,control,,4.8944
fbc2ecbefa9fc5a,control,,6.9282
266cdd7a62946c6,test,,4.0863
5c85a84944d511a,test,,3.6551
d96b0b1c0b9bcdc,control,,4.8205
16ebf186bf38acf,test,Разработка и инженерия,7.1549
0c8ef9a9a26f610,control,Преподавание и обучение,3.1913
b955a8867b21bf3,control,,3.8437
73a374b1e1c6a36,test,,3.2422
38fbd0e2ae4526a,test,,4.7481
98e0d6392d37ab7,test,Преподавание и обучение,4.4048
10990403d9d1c26,test,Преподавание и обучение,5.2336
e1095e75bb89abb,test,,6.1511
421d4e05ce016b6,control,,4.6451
860d232ff40366a,control,,5.2708
2636f186eedaa01,control,Разработка и инженерия,4.9091
5dfdf87110fdfed,test,Преподавание и обучение,6.7298
4e04a5713f88c7f,test,,4.3875
976e14c26bc83dc,test,,4.8428
e4384c8e834863f,test,Дизайн,6.2976
b733b45ef1f45cd,control,,5.9294
e9382002fcece93,test,,4.8565
6dfeb47337126fb,test,Преподавание и обучение,3.409
2f641f48c116ba2,test,Преподавание и обучение,5.0483
02b04c1052d0384,test,Преподавание и обучение,3.4594
4d017f750ee4d93,test,,6.1904
b92706be92fd9b1,test,,5.1828
8d89f0d17851c7c,control,Преподавание и обучение,3.6574
5b9980296ef7fd9,test,,2.0296
93dcd6cc4be0af3,control,,2.9415
0f1c89826de6013,control,,4.48
5a06d708a0d7e21,control,Преподавание и обучение,4.2857
dfd9a117a2cc164,control,,7.3466
fdc815cad658d0f,test,,5.5799
a48a8e7494fdba6,test,,5.4559
18257720dd0da1f,test,,5.6596
af5d3aa021deb98,control,,3.6958
18bb5a380095b5a,control,,4.2207
222858b9eb301bb,control,Преподавание и обучение,4.8214
c0924d1e6782a91,test,,4.6671
972c8f9712034d7,control,,5.7887
3a36ed5f8c94f3c,test,,4.6586
ba1288279e86aa1,test,,5.1112
6068f8fde3d34e2,control,Бизнес и предпринимательство,5.7341
00f22cad2e42188,control,Разработка и инженерия,5.0898
e575fe8623be177,control,,5.3984
a6a3d1f83b37972,test,,4.5858
e69bdf77e314f60,control,Дизайн,4.5223
faac2eaa39ee641,control,,5.295
3ac70c6120cc98e,test,,5.3988
dff806faa62fbde,control,Преподавание и обучение,2.6497
56d315758b2d12b,test,,3.5353
e27939c1ddb7084,test,Преподавание и обучение,6.2877
95a20084ee82fac,control,Управление командой,5.6271
e2865e7c4ba55fd,test,Преподавание и обучение,3.4139
7ab88362fcdec24,test,Преподавание и обучение,7.6837
33db1ffaeea0cae,test,,3.8166
e4b9c482fe0212a,test,Преподавание и обучение,3.8748
40c267dc9907cb2,test,,6.3377
db5ecc981697f55,control,,4.8564
7fed7253c71f7cb,control,Преподавание и обучение,4.0406
70c06dbcb204a97,control,,6.8651
84b834950c9551a,control,,6.3038
d47290671247a57,test,,5.1508
5e1f0d001899797,test,,6.2932
dbaa2cd0a4c60d8,control,,5.0228
5668aa459588377,control,,6.5306
5bab1d21c3a2bf7,test,,5.8414
de9fd6cbf6f2c0b,control,,3.7005
3bbad37a8172c50,control,,4.1947
784f51162795966,test,Аналитика и исследования,4.5266
634ca099b10c2be,control,,5.7793
cb5d98d429e496f,control,Преподавание и обучение,5.8885
b8ac10cf5b12914,control,,4.4197
ce5ef98337f8d75,test,,4.5839
cf97fb9c3d05e72,test,,4.1517
bc29b904eecf8b1,control,,4.5593
9f0aa63613fb65f,test,Преподавание и обучение,6.1951
a28cd25b084ed4b,control,,5.3176
1215f00b92702d8,test,,6.2172
63f1b7dc658eb32,test,,4.3667
d3a5351c76d5e8d,control,Другое,6.5415
60ae07c64fc01cc,test,,6.907
616da66d8f1b348,control,Преподавание и обучение,4.2482
a9de59dab0f1463,control,Бизнес и предпринимательство,4.6252
9e8581b647cb979,control,Преподавание и обучение,4.2107
9b4a4da48140783,control,,4.1677
ee60cc08caede2c,test,Преподавание и обучение,5.2411
b6abb82c0f5900f,control,Преподавание и обучение,4.3031
6fb95a849f0c220,test,,2.5179
55ac58ee6ac9060,control,Преподавание и обучение,5.7105
909fc31d1ef54ae,control,,5.5542
253a9744c8f2fa7,test,,3.47
f65256f1106354d,test,,5.2053
c473e2b759a872e,control,,4.5225
c7b7667e447fce3,control,,4.5752
f5ec7c9b31c0ec0,control,Преподавание и обучение,6.1341
14c517a01895cb3,control,Преподавание и обучение,4.8478
236f7852abbe651,test,Преподавание и обучение,6.2525
ac502fe905d24f2,test,,4.3881
7cedb41380db47c,control,,4.0178
9452d5bdd67fcdc,control,,6.4911
77608b0a5e5bef0,control,,6.417
ceb61d0b1779f63,test,Другое,3.3782
9a55c9e8bb3fdbc,control,,7.3996
ea84316ef69e80f,control,,5.4893
d2d16ce28a22bfc,control,,7.215
562406fc38003a8,test,,5.4114
b5347813571e89b,test,,6.3559
789115476f6cfce,control,Преподавание и обучение,3.7286
17974ec52f7ebd8,control,,5.9642
de613a4247cfd21,test,Преподавание и обучение,4.9842
42262eac5615660,test,Преподавание и обучение,6.9416
817c643d6e51540,test,,4.518
24399fcd59cdb1e,control,Другое,4.3456
14b497c166f84fe,control,,5.1627
987948b090f91cc,control,,5.9639
ca65ac5a1842c0f,control,,3.8223
10797f281d0bc4b,test,,5.4513
a4b153dcc2c9a6e,control,Преподавание и обучение,6.5969
afec6827b64147d,test,Преподавание и обучение,4.8652
9205c78764ab7ec,test,,4.8106
83bc9dd6c820627,control,,5.4982
d34d6aa189ec90e,test,Преподавание и обучение,5.925
51fffe996e47b85,control,,5.5973
4b9fcaa1769ccc6,test,,6.4285
aea8ec163f75124,test,,5.2526
e413b3da7cba8b4,test,Преподавание и обучение,5.625
8ae74a67b8fe732,control,,4.7851
c773947acf81009,test,,3.8927
9517b873d8a61bc,test,,3.9428
ee726103fdc774a,test,,5.4286
c3e8ed57ff41078,test,,6.676
74bcf63ceb11ca2,test,Преподавание и обучение,7.9897
57211eba507eb56,control,Поддержка и сервис,4.841
2f076c48f6834cb,control,,7.2629
f40d079d26920aa,control,Преподавание и обучение,4.5901
564f6525b0bd066,control,,4.3122
87d875ea40bce36,control,Преподавание и обучение,5.7524
00aeeab1443f9ce,test,,5.6053
540744869059769,control,,7.3359
bcd3c8efab4f263,control,,7.9533
6e1fdce4e708a41,control,,4.1539
59858620e2afb73,control,Преподавание и обучение,5.5263
6c99c0176d4005d,test,Преподавание и обучение,7.0622
2f5d4ecfd8a85c1,control,Преподавание и обучение,5.0177
b6faacf27514f9a,control,Разработка и инженерия,2.6917
c3a2565a556eeac,test,,4.3353
b8b9b85144374b4,control,Преподавание и обучение,4.2269
7638de8cced3d87,test,,5.0236
8592157f237e371,test,,4.9311
b7594a5fae7b9b3,test,,5.2286
509aaa9f8d2bf65,test,,5.3526
94ac1272db490e5,test,,4.8501
8bb389f89d86093,control,,5.519
91282a209aecde1,control,Преподавание и обучение,7.1653
abec823142687e3,control,,2.8413
2ab5442987e3b7a,test,Преподавание и обучение,6.8135
b5efa009581d4f0,control,,6.9836
b28c8a724f55c0e,test,,4.2272
d729fb3f6092bd4,test,Преподавание и обучение,4.076
24ccb1f6d46b8bd,test,Управление продуктом,4.3824
b7cdb1a82fb347f,test,,8.6937
641cdad3caddf0d,test,,5.6717
dab0c66ec62e6ca,test,,6.1588
713004b8eb5504b,test,,5.4155
966c0a365c8bae2,test,,3.3688
9243365b8564d53,control,,5.4836
488623c6cd379e8,control,,5.0451
1a967723a1fcd56,control,,1.8308
fbb5ae4aaed102b,test,,7.0196
bf4a3c1124fb398,test,,7.1925
2f1e5e98dad09c2,test,Преподавание и обучение,5.6755
60eda5b22120dee,test,,2.6112
2a3d0b1de343575,test,Преподавание и обучение,6.126
77ec7b9e171246a,control,,3.302
dabe96b1deef4c7,control,Другое,3.722
86ad3fe4836fda6,test,,5.5769
a44305cca2247df,control,,8.4458
475258dcd00535a,test,Финансы и консалтинг,6.0227
1a0499eb313e89b,test,Преподавание и обучение,4.6912
52341de87840cfe,test,,4.8735
92eaca2edfde0c9,test,,5.1885
5c5783bf0a82167,test,Преподавание и обучение,5.4299
c1235322e0390fe,test,,5.0243
e2fd36db96070fc,test,,5.3803
cafc41eac4e8975,control,Преподавание и обучение,4.6801
5dce29bde81f405,control,,4.9251
dae5d4e7b5d698d,test,,3.9552
320ba9f02397661,test,,3.5716
399957e1ad05246,test,Преподавание и обучение,6.1306
d5cc8c0fe7e5d18,test,,4.7716
00d5911da754175,test,,4.5847
927653b9c383d05,test,Преподавание и обучение,5.2546
74d157efeac7f0f,control,Преподавание и обучение,4.471
9acc4ae281c6fb4,control,,4.9976
fe9357f5824547f,test,Преподавание и обучение,4.8467
070983564fba5f2,test,,5.294
ea3005208b37417,test,,7.328
a0b917e959e6535,test,,5.4584
ac14f1aa1f48f0c,control,Управление продуктом,4.1566
154899a0768bd9d,test,,6.7766
48c42581ff96a9b,test,Управление командой,5.7893
afc7aef55abff2e,control,,4.4227
2e6aaa81daacc66,test,,3.6922
62332cf662e2d55,control,,1.8871
f46c29546f91ad5,test,,5.6651
b9c1f756faeebf8,test,,5.0162
d691921d01dd7d5,test,Разработка и инженерия,3.4541
9dcc98d819f99c1,control,,3.4019
5222219171301fc,test,,2.8099
bc68f7cca01753d,control,,5.4553
b6478a771e60429,control,Преподавание и обучение,5.0564
e6d24a7b5019bba,control,Преподавание и обучение,3.7887
5ed8c2dd680d9d2,test,,4.4536
df612b8f4a5c274,test,,4.326
b7205ddf4c6ef1c,control,Преподавание и обучение,7.5549
cfc85348c8c49a7,control,,4.0783
fb013f5b0495fdc,test,Дизайн,4.7879
3e4954543e945f4,test,Управление продуктом,4.1106
659631d828e6dec,control,Преподавание и обучение,3.9544
e63056e79b03624,control,Преподавание и обучение,4.2443
90dc99dac53c4e6,control,Преподавание и обучение,3.6039
d7a417383893bdb,control,Дизайн,5.1053
61be0f9647241c6,control,,5.6953
9f86f0f9e9a1903,control,,4.9841
b86194e3cb5138e,test,Другое,7.0159
546cd58c2c74b1e,test,,7.5006
52658bd7144b069,control,Преподавание и обучение,4.6756
81602288feb9775,control,,6.1668
6b92eff7ff350d3,control,,4.8935
7793732c708af16,test,,4.1556
7f935cd6e2aaf13,test,Преподавание и обучение,5.8903
87f77d68065f653,test,,3.7364
830cbe00ad9af44,test,,5.5894
d5d2a634bd81f05,control,,4.1486
bd9a0e58e75e1d8,control,Преподавание и обучение,5.3767
8b14d57eea8edc9,control,,6.0697
0ed00853117864e,test,Преподавание и обучение,5.4045
21ec250a531401d,control,Преподавание и обучение,6.398
582acb9acf0eaad,test,,5.1048
4a82a710aa5e11a,control,,4.3264
4aa358c00caceae,test,,5.0769
eeafcb77d546a7d,test,,4.7321
a09e3937b61c4e5,control,,4.8969
5320255b0bdb77a,test,,2.8766
8137357221e778c,test,,6.5738
ae7ecf88ce340ed,test,,7.0028
c863903a6243662,control,,5.9537
d2290f869d4c243,control,Разработка и инженерия,5.1622
f140d210a883d2b,control,Преподавание и обучение,6.1755
89cf20110f2dafe,control,,4.1832
b563de4e894ff8c,control,,5.5509
232fa9d01c9a3e2,test,Разработка и инженерия,5.8479
8942bb0494542c0,test,,4.2793
f29a0aaf98e24a8,test,,3.8308
6f2f80d7c0442de,control,Преподавание и обучение,4.1069
30ce5d666ebc48b,control,Преподавание и обучение,3.791
a07482be7d22980,test,Другое,6.2328
5219d509a85a2b6,test,,6.5153
114ac8f3c970545,control,,4.5892
30c59a5cb88d072,control,,4.4066
88b65121e7ddbb0,control,,5.5014
af3393f93ffccad,control,,5.4701
4883a31f5aea449,test,Преподавание и обучение,7.4765
b8a975d0602101b,control,,6.7183
c37cbe210aa21bc,test,,4.1851
bc0afbfbfec3e18,control,,4.6869
d6ffcf34afdd9ca,control,,3.0465
d3f25020160e3f9,test,Другое,5.8278
3c7b5c8d34c0f42,test,Преподавание и обучение,4.6945
cd1df046f679216,test,Преподавание и обучение,3.1009
ed53e59c77b325e,test,Преподавание и обучение,4.485
7801ae4d122b55b,test,,6.1116
a0b1f1ea75b6407,control,,6.2582
895514b478a00b5,control,,5.5839
cc47fcda96ac924,control,,4.7633
f76b588eaf3f262,test,,4.1996
39b3c2991a24e34,control,,4.3999
257c67770dba1ef,test,,5.2168
8b3b75d642710a4,test,,3.2825
ff9083101b5b7bb,control,Преподавание и обучение,6.7224
fc63d02fee3b70b,test,Преподавание и обучение,4.9954
fcb1b75eb0bd0fb,control,Преподавание и обучение,4.3771
4d62c6c5c365792,control,,5.147
3a8cba0f047707c,test,,4.4993
44fb6f9b71a44ae,control,Преподавание и обучение,2.4957
ff55e956302bb11,control,,7.0976
a60760c1f044b11,test,Преподавание и обучение,5.3883
ae32041017e8abd,test,,5.6589
07b251bd0965775,control,,4.3222
f781b33b9ff1bc0,control,,5.8846
7b68e9abb08fd67,test,Поддержка и сервис,4.783
79a9e19e931a988,control,,6.4046
10e547e5bd9a349,test,,6.6908
85369332bd31b99,test,,5.9581
2d31e4cb044cf75,control,,4.5581
bf8fb3ef4f417fc,test,Преподавание и обучение,4.7428
25f9ab5bae59ab4,test,,2.1305
cfb8924b03f41a8,control,,4.1403
c0c57d0daef787f,test,Другое,6.4879
2e45b4e52f01def,control,,5.4888
9291219a077cbd8,control,,5.8405
f3d7dc488e9efc9,control,,3.2615
0281187aa577188,test,,6.2495
0e141b444b85bc0,control,,5.3241
714f2dab90e64be,control,Управление продуктом,6.5731
f297efb70650c24,test,Преподавание и обучение,5.6162
efbd1b6e8358fe7,control,,6.2016
53e1aaf166d6ec4,test,,6.4354
ac7e21f8ac7e999,control,,5.8585
747f4398c0491e9,test,Преподавание и обучение,6.4405
d3708378fdd4f04,control,,5.38
d80384ab218f136,control,,6.4194
d4ef60511ab9128,control,Преподавание и обучение,3.9355
58f6adfe5807b9b,test,,3.2616
66e8d42147c41cc,test,,5.6365
a6ff779969d0fbe,test,,5.2854
f96663b52ae8df4,test,,6.0315
ff04dd84c80eb37,test,Преподавание и обучение,4.8594
339c2e3499a453f,test,,6.094
8ee3438055c7cac,test,,3.7465
21fd935ed769c55,test,Преподавание и обучение,4.3854
6b9ba298e7df776,test,,2.8747
0f8893426976568,test,,6.5075
09c0fc8f0d2e760,test,Преподавание и обучение,6.3591
0edd5733fd2c6b5,control,,5.5066
345398f7698c920,control,Преподавание и обучение,5.4748
6586dcf05146107,test,,4.9761
40a02c5a433fff6,test,Другое,3.2146
5a2cb7c79e63c23,test,Управление командой,4.084
1e454ff747195e5,test,Преподавание и обучение,6.5542
a163ef87f430b06,control,,5.5949
45fc140113066f8,control,Дизайн,4.2303
616806c4453322b,test,,3.8909
ce6e792f28aa443,control,Преподавание и обучение,3.9827
62bc7f1b65b4206,control,,3.714
f687865c5cf1887,test,Преподавание и обучение,5.5501
9a1d74beaa02684,control,,3.8666
eaae2f136e57144,test,Преподавание и обучение,5.6358
c9660418900b8ec,control,,5.4132
ea289c29060b4af,test,,5.8533
a3568ac9dbd411e,test,,4.0642
69cebcccc6a59ba,control,,4.8668
cfb22604ed2abbd,control,,7.0049
160102fcf5717d3,control,,3.6502
a1561e69b47967c,test,Преподавание и обучение,4.3923
ec3ad91fa462566,control,Управление командой,4.4971
dc0f4044ac36243,control,Преподавание и обучение,6.4833
6c6823a69dae1b4,test,,4.991
06933ffde953f8f,test,Преподавание и обучение,4.8802
2dc054db98a0041,control,Преподавание и обучение,6.4761
b1c50e7c2daf3f1,control,,5.2007
416a15d0a94660d,control,,6.619
7054c78b2af19fc,control,Преподавание и обучение,6.6058
43d87c80a0a556d,control,,6.474
f3d68268ac2041a,control,Разработка и инженерия,4.7936
a86e938f63c74c3,control,Разработка и инженерия,4.4727
c929ca1a7c4f0a1,control,Преподавание и обучение,5.2245
b705bb1d71e0869,test,,5.4016
afa79d7dae2dabd,test,,3.2014
2421e09f836e4b9,control,,4.467
a23569ac4fd108a,test,,6.4205
2ae9c8f75045a6b,test,Преподавание и обучение,7.1252
e4fdcb7d505750f,test,,4.2312
167639f730e99c0,control,Маркетинг и реклама,5.7236
4abffdcbb860066,control,,3.5767
5b0789fef4c80ad,test,Преподавание и обучение,3.2473
d9da34ce187eb6d,control,,3.648
e025dd16947ffa8,test,,6.7794
71a4a8febd9423d,test,,4.59
fb449d619183c28,test,Преподавание и обучение,4.2085
d230770e1034058,test,Управление продуктом,7.4839
4939ffab1ae6393,control,,3.8969
b183c8a2c8bd10f,control,,4.0765
94701ac8cf8d0a8,test,,4.9189
4e44cdcdf80ae5b,control,Другое,4.2549
c5ea7c6af8f02e5,control,,3.1282
b7a29552267a11a,control,,2.3891
0ca565baeeb8483,control,Управление командой,4.9751
6636b600ec32c00,control,Преподавание и обучение,5.0728
4843cd88d998f48,control,,4.3411
6791acc9c427545,control,,5.1957
c6c2053476c4674,test,Преподавание и обучение,5.5541
94277ee1a1e4af1,test,,7.2589
0b91c95675cc2b1,test,,5.4734
61572b2696583b6,test,,7.133
342cc926d9476dd,test,Преподавание и обучение,4.9546
eee47e03f04f35c,test,,6.4803
58f7402a6e35ecd,test,,4.5046
dc04dd2e757b6d2,control,,2.7495
05ff48ee9db98b4,test,,4.6234
0b943807d8eb127,control,,4.7559
c67cc9f17dc34bd,control,,5.2415
2b0ef33a926b225,control,,6.1102
ce3d070d888d994,test,,3.8528
4b21439f41033cc,control,,4.3036
d949e39ca06f729,test,,5.051
8f5b9ec100da78b,control,,5.4036
8544de7bb9c22ee,test,Бизнес и предпринимательство,3.671
1308fffe6b6517a,control,,5.6097
9378b2c4012ce3a,control,,4.466
570abb81c648a98,test,,6.0658
7f5efb6ad5f947e,control,,3.9863
0674bb7c94bed70,control,Преподавание и обучение,4.7313
b33ca13c78b86d9,control,Преподавание и обучение,4.8947
2fedfdb57fbc2f7,control,,3.4142
e8f5e5e6dfe4400,test,,5.7148
ca8292925770e07,test,,4.9838
76bfd016467fcaa,test,Преподавание и обучение,5.9737
97ba874c1ccad19,test,Преподавание и обучение,5.3024
2fc33564e6b6177,test,,2.7135
0d2854d1cf1d81e,control,,6.1127
7be9dcadea772c1,test,,5.4341
07a92e981b0e8ce,test,,1.2765
68993700962b73b,test,Преподавание и обучение,8.0301
aede6e2abe4726f,test,,5.9973
4be45720cab79aa,control,,3.4043
e832cec182aa316,control,,4.9819
d50f7c1cbd32dc6,test,Другое,3.4066
e8ed8fd75c88457,control,,3.528
2721f364e27ce5a,test,Другое,4.8242
8b113323be362db,test,Другое,3.5263
168415c5c5857ca,control,Преподавание и обучение,5.09
679758f5dc9a6b2,test,,4.663
19164e461995901,control,,6.0638
e33b54b069d2336,control,,3.3858
e3fce8d9fda9d7f,test,,5.4437
edaa2289f1a385b,test,,5.4529
fe102ac2a9ba13f,test,,7.4605
877c5d307d79c49,test,,4.7059
e4075fe554ba2bd,test,,4.8194
dbf6eb2d00571c6,test,,5.3838
13cafcd6c895441,control,,4.2334
a417e44daee438d,control,,5.9335
20751e3e229a2a8,control,Преподавание и обучение,4.3721
785fe4f5fbf53b8,test,,3.6219
c46185f9f644d50,test,,5.4013
9371565af44d3e0,test,,6.4328
fe58c82c1df16c5,control,,5.0911
d0b15665af208a0,control,,4.3862
8599be4ae1fdedd,control,Дизайн,4.8114
e8f0357b197f5d4,control,,6.2936
f7f7b6db8635c33,control,,4.9895
758165b5b4a8f60,control,Преподавание и обучение,6.0945
b5ecd1eecb63417,control,Преподавание и обучение,5.7021
5a3a00f2df1dc40,test,,4.183
53e5ffa7836b5f4,control,Преподавание и обучение,4.884
4156c2bf20407af,test,,4.0927
97ea04664ac82f6,control,Аналитика и исследования,5.5126
2f3357dc75cc9aa,test,,5.4653
41438b1c6d4cf83,control,,4.2576
458dc8f3a1fc6fb,control,Преподавание и обучение,3.5532
d6c9736d1fa6556,control,Преподавание и обучение,3.4412
eb24adcfa971bfc,test,,3.2726
9ca78edf3b7973c,control,,5.1035
abcdaef67f469e2,control,Преподавание и обучение,5.887
38a6e2d0e0e3687,test,Преподавание и обучение,4.1941
91c8fde726dca42,test,,4.9553
e8bf2f37a6f6eac,test,Разработка и инженерия,4.5463
1874b3bc5f27af4,test,,6.775
94b7a7a467b4606,test,,4.9297
784ba7f5f670f60,test,Управление командой,6.2413
27e28ea4b420c12,test,,3.9888
33728cb6ca6381d,control,Преподавание и обучение,4.487
26f29a4033b63f0,test,,6.4262
a9791fad88901fd,test,Преподавание и обучение,4.295
7968e6ee78847f2,control,,3.7609
350648acc6baeb9,control,,4.021
9582ffe59fe9259,control,Преподавание и обучение,5.5806
387a7db9b2d15ff,control,,4.2832
183ea6b4e39c326,control,Преподавание и обучение,5.9514
556abbde5093778,test,,4.8874
61a17a81dcc420c,control,,4.6484
5aabbd8bc24f468,control,Разработка и инженерия,4.6188
7a2ed92531f0813,test,,5.6683
07427a32e5906c3,control,,5.4599
ee4f6924c4b94d9,control,,6.3994
d1d9c0b9fe22a3f,control,,6.2204
71f7ee20bf6568b,test,,4.5439
7e9c4067384edff,test,,5.9414
b58197720e5ea4c,test,Преподавание и обучение,7.0211
b4ec94ffd1de0cb,control,,3.4968
36299f6353dde3d,test,,4.4069
81b3d59f9923ff3,test,,6.025
110f9acd54de7b5,test,Преподавание и обучение,2.7857
4de1f4eda6cfdcb,test,,5.2003
8e5a6e5d84fa307,control,Преподавание и обучение,4.642
25eb3fa30f25950,control,,7.2429
25356f2344e6a1f,control,Разработка и инженерия,5.9007
b3c085d8c12aa15,test,Бизнес и предпринимательство,6.3483
6ca65e90a3bdf31,test,,6.9807
b01e1be237e747b,control,Преподавание и обучение,4.9479
4fbd555874c4e12,control,,5.044
cf1f06e04590518,control,,3.1812
ebb74c0ea3f3a4a,control,,5.7067
8b032b6a01e012d,test,,5.4852
b30aa43c3da6c2b,test,Преподавание и обучение,5.7941
760335633c4fad2,control,Преподавание и обучение,4.9364
820720f02605d69,control,Преподавание и обучение,5.201
1ae388a92cb37b3,control,,3.8093
f24ed533cc2110d,test,,4.9161
020f268bf112bcc,test,,4.9576
02d76e64f435b1b,test,,6.2416
65c34bc20cbdacb,control,,4.0038
991cd448397f93c,test,,3.3168
043afbd9cef5276,control,,5.0314
387120a1de42644,test,,4.3709
ce4a077b84d2f86,test,,4.8271
627e560b166bcbd,test,Разработка и инженерия,7.7234
f77e4205e896071,test,Преподавание и обучение,5.0489
3415c5e3ef13815,control,Преподавание и обучение,3.4607
3e901856595a863,control,Маркетинг и реклама,6.336
31a2bef5b9a9cf3,test,Другое,5.6418
a0fc8c1ab583c72,test,,4.8349
c954a1826b3369c,test,,4.0588
e22236bfbdb391c,test,,5.3665
2dc8610586fa542,control,,3.373
baf05fdbeb25833,test,,5.5239
f8005d2dbee408e,control,,4.9799
63f27828aa5cbee,control,Преподавание и обучение,2.7734
3602935fe71452d,test,Другое,3.7917
030905da535a704,test,,4.8859
3f467f1beea20a6,control,Управление командой,5.0289
f5590061b88d04d,control,Преподавание и обучение,3.4792
2de3c1a06fa1e2d,control,,4.1613
df394589db4631a,test,Управление продуктом,5.1638
22f4ef86dfb8aac,test,,5.2275
518fbdd8e46e02e,control,Преподавание и обучение,5.0127
6e084d139c30271,control,,6.6028
218e4da51cb9a84,control,,3.6072
903522d472d0875,test,Преподавание и обучение,5.936
4bc56a29e5d550d,test,,6.4502
9b6de8ee83ad1f9,test,Другое,4.0791
317712c8adfa010,test,,6.9765
143ddc36bcdecf1,test,Преподавание и обучение,5.1613
6645577ac007202,test,,5.4297
2e5b6c01b084bbf,control,Аналитика и исследования,4.8275
f6c2f6f30544b07,test,,1.8792
5a01ea2f30e58a4,control,,3.8162
45ee62a68425b4f,test,,6.4592
00dc0b17dd71735,control,,5.3537
9e44cdc64b1a6f6,control,Преподавание и обучение,6.9048
c7c170c1807902e,test,,6.6697
dfe61f5536e06bf,control,,3.9251
dc8fb82c96b983b,control,,5.9754
1a9b917b43b2099,control,Другое,7.112
4fba19fea97c52a,control,Преподавание и обучение,4.2854
6c84d0eb67f3152,test,,7.0152
250d1c545a8cb1c,control,Преподавание и обучение,5.0145
65f41a774c60e03,control,,3.9189
3279dc3eb791312,control,Другое,4.6224
9cdd9d7006b1c1c,test,,4.6996
5b17a0f54547334,test,,6.1948
799eadc228ba16d,test,Преподавание и обучение,4.7513
e0f2313bfd1dadb,test,,5.5811
d1f184d36a47d87,control,Преподавание и обучение,4.3984
09fcc4a351c9765,test,,4.9271
d03eba711ba1988,test,,5.7193
5eaebd098c16f10,test,Преподавание и обучение,5.0201
17ead927a91c276,test,,4.4134
e635e14adb96d14,control,,5.3979
133e0a8b9cd4821,test,Разработка и инженерия,6.2088
6e2bc75fbd9a3b1,control,,2.9858
14590fac9d2984d,control,,4.0188
b2e4d5315e344ad,test,,6.1431
163e50173d935a5,test,Преподавание и обучение,5.2109
794852e71f683a9,test,,4.7208
80f76693861e3b1,control,,3.4107
bf8e23653766aa9,test,,1.6616
b832e4e4f3e6e46,test,,5.7348
e1ef2a9d83b7dee,control,,6.5069
a0b57e3b210887e,control,,6.2598
73415ddbeceba56,test,Преподавание и обучение,4.0942
7fcd419221fea35,test,,4.3254
08681678ece5b25,control,Преподавание и обучение,3.0033
ca33d400d009222,test,,7.0837
769afc954bed98f,test,,3.5165
009b0861b5fa528,test,,3.9884
c930b36f8c3add5,test,,4.8546
633c3af99133e8a,test,,6.01
76369762c94ec53,control,,3.2885
d9811df0ee52237,control,,6.5273
fb7583225e2c6fb,control,Преподавание и обучение,4.4347
0a317e16322b3d2,test,,4.7741
e56401f483ddf41,control,,6.3606
609754e343f36c6,control,,5.7706
a5d7186b7af5538,control,,4.7647
af3be92435c6154,control,,5.3197
44dad6aa3053a1c,test,,5.7124
e602c6aefbf5823,test,,4.2653
f6225bed0d0109d,test,,6.2997
e85f2d43429f4bf,control,,4.94
3e239993b7bf186,test,,6.9913
15a86f24ee7baca,control,,5.7078
3c1c9a3f307465b,control,Преподавание и обучение,5.162
9ec93013a68b4a7,control,,5.6009
57e4a63add64135,test,Преподавание и обучение,4.5986
d896476ea356bc6,test,,4.2728
3f1c2ee821e3dde,control,,5.9667
48e0bb52055c4f1,control,,4.8052
ea99caa9bfe60f0,control,,4.7111
0875d89967c2681,test,,5.6133
1b59420292be499,control,Другое,5.5775
f1f5886c7707ca2,control,,4.058
4d37014254ecdb7,control,,4.0677
5b1d0658dad08a5,test,,5.3433
ed7682d646e69b4,test,,5.1415
948a1af5e1b5ae1,test,Преподавание и обучение,6.1092
d33f7a1ca4fb2b8,test,,3.3261
4097074fa288308,test,,5.3471
bfac568e630d544,test,,4.1242
2a74788515bb628,control,,5.695
515d17625a21c8e,test,,4.9686
396dfdc9f7f0660,test,,3.1615
a25ac9b53f934eb,test,,3.908
3e897a70c224861,test,Преподавание и обучение,3.983
b94a8de783c8188,test,,5.4451
946f80e4879249c,test,,4.5548
1ce434790d10d7a,control,,5.4704
a7444db2d811b38,test,Преподавание и обучение,4.0072
7cb81357a4441fd,test,,4.3767
a3cd1e5ffb6ef8d,control,Преподавание и обучение,3.6863
eeabbc7d0e891bb,test,,4.5651
0777ec343ab4a17,control,,4.5515
e548701b8b59131,control,,4.4484
e01c42626ee8543,test,,6.0386
c1dd8b6e8036240,control,,4.5605
158aa88700c6d66,control,,5.3012
93d367b2606704f,control,,6.2456
e0572926d3a1d5d,control,,4.833
0012a05df6c4f07,test,,5.7629
3cba71538ac97e2,test,Преподавание и обучение,4.5194
0b814cbbd9afbec,test,,4.9203
166703604df9ef0,test,Преподавание и обучение,6.2153
d67b61c07811806,control,,1.729
6161e1838406e07,control,Другое,4.1501
3d44d4789d36b76,test,Преподавание и обучение,5.8716
5e5f19826de9a82,test,,4.5113
56b78fb962f7478,control,,7.4365
999dcc4fd989865,control,,3.2239
d48f373183cb900,control,Другое,4.7178
b215800484acc57,control,Дизайн,5.8795
3d21d8cd7828cd4,test,,6.5237
10861aa7ccff932,test,,4.6315
36e6234265280b3,control,,5.278
d29618ded9cd16e,test,,4.758
34140f844c41dcd,test,Преподавание и обучение,4.9516
231142da5cd6ff3,control,,6.371
5d68319c44212c3,control,Дизайн,5.7802
9fe802c45f0a3a9,test,,5.5948
e28f2676273ebc8,control,,4.6573
f67585915e9f874,control,Преподавание и обучение,4.1406
a90cf3a539d9c4a,test,,3.7449
644ad21d172f145,control,Преподавание и обучение,6.8685
95113520ecf1dbf,control,Управление командой,4.4045
ec98696fe5bef12,control,,5.9056
e6d1f66e2742c5f,test,,4.8162
8fb3ec77ca366ad,control,,4.8485
45d072cdc824482,test,,3.5795
78b1afcbba14e0d,control,,7.1343
32b59cf4f3d1d0e,test,,4.1326
b4786c50e485177,test,,3.3705
a140cff7b0a56b3,control,,6.5284
809392fd83c0d0c,control,Преподавание и обучение,5.3478
9e6e96abd2921f6,control,,6.4664
c3ac037e972cbe5,test,,6.097
235044f97d5c451,test,,5.6152
0276e1d290d4f80,test,,4.1687
337479bbfab0c52,test,,7.1992
81d791872f2b4ce,test,Преподавание и обучение,5.1313
d4e3d6bab99ed90,test,,6.008
9cf63bb444f441d,test,Преподавание и обучение,4.6171
b2090479d3d8566,control,,6.397
b3ffc511941e9a2,control,,5.5076
032e168bad3502c,test,,6.836
fa9c959c8d596d1,control,Преподавание и обучение,3.1772
93f2aee30044b0d,test,Преподавание и обучение,4.4019
8f6d7435f823801,control,,6.9328
52e6430b74ef900,test,,5.5477
8b0e792df6776e8,test,,7.754
ecdcab3813b3bc2,control,,4.2772
dc64ac0c1a4a879,control,,6.2043
3a1a053705c93bd,control,Преподавание и обучение,6.5852
a70fead59b11dc4,control,,5.7898
2267cbd7168a18b,test,,5.4803
73dbeda6e0598fc,control,,5.1157
9e4de997c78c6af,test,,5.5672
9bc3b2c799e35fd,test,Другое,3.9236
09a305476f3cb33,test,Преподавание и обучение,2.4615
0e33cee70824d67,control,Управление продуктом,2.9348
696ea9b94b52239,test,Разработка и инженерия,5.9017
18f09e6a3ac1cbb,test,Преподавание и обучение,4.7647
5e003d153c70e51,control,,4.6266
84ffbdda06517c6,test,,5.3355
52aa7baf0285a27,control,Дизайн,5.5612
4f5678afdc66a98,test,,4.1132
1035c33d4b55c12,control,Преподавание и обучение,5.1502
b0bc62fa06f87ad,control,,6.1619
20b1662221b1f2c,test,Преподавание и обучение,3.8977
3513f925445d03f,test,,4.9099
a14a0d69fd5836b,control,,3.6954
0573e1d135b9294,control,,4.1628
6c8744a6bbb7f61,control,,6.5454
452e1e0ec2e2ea0,control,Преподавание и обучение,6.8291
ecf507fbfd37727,control,Преподавание и обучение,3.8302
c071bb0e9effd3a,control,,2.0929
717fd3386755f71,control,,6.6424
b2522a3dfc32097,control,,4.0867
4c4b3a0bb68530c,test,Преподавание и обучение,4.1154
9078f80f4ebbeeb,control,Поддержка и сервис,4.0463
2c398c6c1c9f96d,test,,4.0277
f1dd5c8c0dd60a6,test,,6.4871
e562606c2c4c20b,test,,5.5028
e851f0848bf9be5,test,Дизайн,6.3901
ce871d02e1d9f57,test,,3.8225
4e3d1497916dccb,control,,5.4706
c9798354b348bbf,control,Преподавание и обучение,4.5964
207719f2b226284,test,Разработка и инженерия,6.2853
2a9335e435546aa,control,,5.8137
bc4a29f02c5fd4c,control,Преподавание и обучение,2.6951
c235c164c19fe22,control,,6.0267
359dc00ca2d2c6c,test,Преподавание и обучение,4.0471
f79d3a88595b0cb,control,,3.5709
cc03f8f28cfaaa4,test,,5.2259
fd765ab5a8ad790,control,Преподавание и обучение,5.4623
e5db6d0e88d4de7,test,,5.2277
ab1e0cc58a5d04a,control,Преподавание и обучение,3.149
ff815fd99213251,test,,4.2584
8a1753d742e899d,test,,4.7157
1a2ff0ea9af69b1,test,,6.9115
4530b36ce02060b,test,Преподавание и обучение,4.1606
c0debbddfbcf7ae,control,,4.3192
49b52568d583cf9,test,Другое,3.0851
a9201c8d409ebb9,control,Преподавание и обучение,4.7225
3f3ee2d6a8cef4b,test,Преподавание и обучение,5.8053
9e54398e34e65e8,test,,6.451
3d31c43d7196e89,control,Преподавание и обучение,5.8822
a7b4f1bcb3a1e51,control,Разработка и инженерия,4.1373
7024a1b9efc2c00,control,,5.6738
7ddc8d929afbd1a,test,,5.2596
9440771f83aa37f,test,,5.9382
0a5e602d5e9461e,control,,5.7429
6babc6ee1b2533f,control,,4.323
8099232ba2faebc,test,,6.5672
9cae9cfe26b557d,test,Другое,6.7314
c7800360582ed28,test,Преподавание и обучение,5.246
9a9fd94ec12b25b,test,,4.0931
2ab783decd754a2,test,,5.6415
05d2e5f74d2d595,test,,3.8845
a6198c0201c41e4,test,,4.7225
5263cbf19c3ca2c,control,Преподавание и обучение,4.143
f3c45f2d94bcff2,control,Преподавание и обучение,5.5524
e07e8fd43efaac1,test,,5.3917
d5aaf9ec49ad0af,test,,5.2426
bb5f1db027b4c38,test,,4.108
8fe44ed4bfa8636,control,Преподавание и обучение,5.5428
67ed6d163db5200,control,,5.7881
25b2e266ac9a253,control,Преподавание и обучение,6.6607
6f5f6f42f827977,control,Аналитика и исследования,5.4819
2bee63989fa8727,control,,4.0755
02a1256bc95bc41,test,,4.1441
15f9ba4a8e2ead9,test,Преподавание и обучение,5.4327
a40fbab025be369,control,,5.9992
6d3084feb4d4984,control,,5.5123
276e544a482cae0,test,Преподавание и обучение,6.6486
3bfa590e1c22824,test,,4.6518
94276d016dd92e4,test,,4.8327
a4a11c9c9ddebf6,test,,4.5935
21641ab4b99242a,test,,3.8804
5b88b5b71d89663,control,,5.6722
8a2f638164ee77e,test,,5.1849
1cfa0141daa36d2,control,,3.4524
c7d12a2a31ab1d8,control,,5.1736
52f65831e0e4094,control,,4.5114
79a484654718287,test,,6.1053
14137807f555043,control,,6.3046
9203e112f4ffb43,test,Дизайн,5.1356
278f59da9611391,test,,5.1699
5af511e12432af3,control,Преподавание и обучение,5.5315
db5faa5f3e9be6b,test,Преподавание и обучение,4.869
3b7b6cfd57be686,test,,6.8781
4cdd2d7179e89b4,test,Управление продуктом,5.6865
31d0ac6ea6f44f5,test,,3.6384
b7a5a11b2cda625,control,,6.5042
6499c68e58bcc52,control,Преподавание и обучение,5.1189
aa24572c1aaa2b5,test,,5.8471
06d3d403593541e,control,,4.205
3f206b75b26eb1b,test,Аналитика и исследования,5.136
2f48f73abbe6074,control,,4.4622
291ee2c354adfb3,test,,5.7252
5f68d375f4c0a69,control,,3.6759
a48c984503b0dbd,test,,6.309
8f7fbceba75ba55,test,Преподавание и обучение,5.0845
2b3bb4695d20a49,test,,4.552
47f51d59ba649b8,test,Преподавание и обучение,6.0198
cecb44c3ae67abb,test,,3.9805
7b4addfebe50568,control,,3.2127
cd9ef349e68207d,test,,4.2604
815ce6d60c71a20,control,,4.8407
6f17cdb338f6f3b,control,Преподавание и обучение,5.8588
fd9a01fe2366b4a,test,Преподавание и обучение,4.0718
9439d4fb17db61a,control,,4.1592
aa79920a55cf768,control,Другое,6.0028
7b6ef13f7d0d4ee,test,,6.0181
47d5222db4ce9a8,test,Дизайн,6.3894
4da3d959cf0c6a9,control,,4.4317
a0d78bd9c91fa21,test,,3.2102
14a3a8f701a677e,test,,6.2921
572a38e635e506f,control,Преподавание и обучение,4.8373
e77e614100d52ef,test,Преподавание и обучение,4.4614
7957962ca149b68,control,Преподавание и обучение,6.5532
da1fac85ce747fa,test,,3.9569
2634b1f34cffd90,test,Преподавание и обучение,3.5703
49e694a71d62497,test,,4.521
12fe34c3d997c28,test,,3.8716
540a20d628be391,control,,4.4874
4595d0f9a677dac,test,,4.051
4806b25d57dc9b3,test,Преподавание и обучение,5.3744
350b638496c5d8a,test,,3.6293
f525e053e3d59ba,test,Преподавание и обучение,6.5001
0bacd8947422d15,control,Преподавание и обучение,3.9459
2b0bb7676f64f63,test,,4.6386
a143c9063edcbbc,test,Другое,5.8191
2491635189e08c0,control,Управление командой,3.5963
349a0d0f20ec2a1,test,,5.3913
4c73da8c63e899f,test,Другое,6.4455
95c20ec608810c9,control,Управление командой,4.507
607ce71f8ae11b3,control,,4.3297
abc6cfd2b7add78,test,,4.929
7cc6f6b07936961,control,,5.8241
97aee0929a096ef,control,,5.7636
94126e9afa13935,test,,4.4208
bb9966a8fc5d716,control,Преподавание и обучение,5.8487
8afff5f525094cc,test,Другое,4.6381
e0646b4bfc86e0a,control,,4.3267
10b98698bf1e62a,test,,4.3023
4a2f2f5641ea68c,control,Преподавание и обучение,5.3138
80551d7052b426e,test,,4.3821
0d8722e8d050c32,control,Преподавание и обучение,4.6463
8e478e7a317a7fc,test,Преподавание и обучение,5.5932
26f4e37032cfd60,test,Другое,5.8583
1b9da5b0b2d7a4c,test,Другое,6.3183
8f4ffcdc6bce512,test,Преподавание и обучение,5.5977
083c801c229384a,test,Преподавание и обучение,6.7593
2dbecddb336373a,test,,6.5388
5a9215c54fb5005,control,,4.9204
c82c4f2df1ba480,control,,4.865
8ebb64c3b580be7,control,Преподавание и обучение,4.6665
4418d9e8a089b45,control,Преподавание и обучение,4.0358
0bbaefaf3cc180c,control,,3.4166
2799eadb3cbbe77,control,,6.9421
aa15589b3d20ab8,control,,5.8722
398fe874e3edf47,control,Преподавание и обучение,4.8423
f1920795c1a3229,control,,6.0977
ce7ec3ef121ca0e,control,,4.3493
34907d538b3ea6b,control,,4.7504
28b891279b0dd53,control,Управление командой,4.3461
8553935bbfcd555,control,Другое,6.366
9b7daf6afef690f,control,Другое,7.1268
d8c076ad34d4c71,control,Преподавание и обучение,6.0521
b4bfd7535cddd46,control,Преподавание и обучение,3.5916
bb95e59533ff26f,test,,6.0346
84248062c743fc9,control,,5.4269
402b82611b88cfa,test,,3.5664
eccec18878967cb,test,Преподавание и обучение,2.8412
09627aea65c2c67,test,,4.1502
9af461f5fa2c55a,control,,6.315
aa103925b37368a,control,,3.7332
003da03be7c00ed,control,Преподавание и обучение,5.8296
a56122ab06a7e4a,test,Дизайн,6.2059
7ee205f1124d9d8,test,Преподавание и обучение,4.5634
62e482cd1abcd62,test,,5.2906
b10c186a4b4ac02,control,Другое,6.6118
989c619592db1bc,control,,7.1432
a9f504c29d13449,test,,5.2809
50760a6e1fba764,test,,7.28
ea60a0abcc14792,control,,3.4479
f6de394c778b4a8,test,Преподавание и обучение,5.6768
e205a812c53aab1,control,Преподавание и обучение,3.7988
b261df44a8c36ff,control,Преподавание и обучение,5.1078
bf995ae1331d6d0,test,Разработка и инженерия,2.987
f55e0e1fbf7ce83,test,Преподавание и обучение,5.0384
e6d7dbf6f5ef961,test,Дизайн,7.6349
2da0e3e4d3512cb,control,,3.8746
4dd38bf4e2d0e00,test,Другое,7.202
fa05bc2ace9b4d6,control,,4.0457
d957ad5ca5dd746,control,,4.9731
dafe6cec0611aec,test,,3.3075
963666991a7d52c,control,,6.3989
1b6ad5112792286,control,,5.781
922d2beaa88836a,test,,6.0778
5d6c2f2303e71d9,control,,6.2856
701739676deee62,control,,6.7162
ff0ae765bb10b9c,control,Преподавание и обучение,6.112
0887cbe4a8007b0,test,Преподавание и обучение,4.1834
5653230939d7a2f,control,,4.2064
3b665b3e55612c1,control,,4.9127
2f92bc474c11960,test,,4.3926
c75bae1826c867a,control,,5.9546
af147df6b543f06,control,,7.4808
005cb27d925e81b,test,,5.6012
5dde171612199e4,control,Разработка и инженерия,3.8452
904f198f8ea6a01,control,Преподавание и обучение,4.1976
2430fa34957d50f,control,,5.4785
42c430297108872,control,,3.8249
1182cf4e070652c,control,Бизнес и предпринимательство,2.0874
af2c1f0298dce9a,test,Преподавание и обучение,5.1
29bad679f69f9f2,test,,6.8221
01baeabd58095c8,test,,4.5348
ec5461f8eff4a26,control,,6.9319
cc7a57c6e5b8164,test,,6.4224
3eac43ddd0d4e75,control,,7.2266
2f6f4959a520042,test,,6.3519
b56ba5133451cce,control,Преподавание и обучение,5.8224
6d012386bcd15ed,control,,5.3052
dd4ff2ece660266,control,,6.0034
dca8ebea010410b,test,,4.7041
37a21928e97903e,control,,5.4041
8676fd4b253350b,control,,4.655
9b04ef210242b40,control,Преподавание и обучение,3.8648
a77379ffadacc30,control,,4.6745
d5285554b38e18e,test,,4.9633
4f7d35c65644679,test,Разработка и инженерия,5.1776
ec0eb60c2ea3bae,control,Преподавание и обучение,3.8952
3e7e7f321a80238,test,,6.0643
395e53d32c0ea03,test,,5.8363
469ef7f7cdf1529,test,,6.1215
abd03d7bffe16c4,control,,4.7451
1ace3632172a6aa,control,,4.0288
3c7bb185114b19f,control,Другое,5.0541
a72198407d58e3d,control,,4.5518
2ff250fb91c801e,test,,7.0174
a205a1651f19682,test,,4.8308
a6933fb664809d4,test,,4.4619
b8b6765e254f274,control,,4.7548
69f5dbed033f711,control,,6.2594
aec0378f082c5ad,test,,3.8327
c78de37ca3266eb,control,,3.5878
f47c5cee3460943,test,,5.9004
2932b554421dda8,test,Преподавание и обучение,4.7667
37027a279fa7bcf,test,,4.9693
afc4c2edf0a5ce6,control,Другое,6.8769
0cb4bfbe2201534,control,Преподавание и обучение,4.545
0f6c7883cf38528,test,,5.6034
47003fcc62525a2,test,,4.9278
ff7230f3a6425cc,control,,5.0503
534eb6ae659bb84,control,Управление командой,3.5203
e6925f1f9df3b2e,control,,5.2161
563104ecfce8a9c,control,Преподавание и обучение,7.0018
4b26d4c1f53d09a,test,,4.8666
018579c3ab7bd8f,control,Преподавание и обучение,4.2739
602341c2ec54141,test,,5.2358
86ee639b2beb05c,control,Преподавание и обучение,3.6816
cf24e8a7f7a0724,test,Преподавание и обучение,5.6576
4948a62369cdc52,control,,5.1056
5c67979b81ce863,test,Другое,5.8188
a87af6e4a69dbcd,test,,5.8677
5b4e556382bd1cc,test,Другое,4.8305
735fa36d6ab19b9,control,,4.922
f42f754afe6bbdd,control,,6.7259
cef3bf6eb174df6,test,,5.4302
5a47d8e76766904,test,Поддержка и сервис,4.9417
7698701d3082afc,control,,4.931
55b810ee6cf0525,test,,6.4588
490b2da4d0f7e2f,test,,3.9838
590e8c7e63c7864,test,,5.6423
4211f151411e095,control,Преподавание и обучение,5.209
c534ef90af44317,control,,4.2788
6d4e75585fc0b50,control,Преподавание и обучение,6.3373
e2105970ebea610,control,,5.4506
675690daab62eff,control,,6.6834
f3df2cc7e76c738,control,,6.3895
09346bce88f4b69,test,,5.4935
218d7a47bc611cc,control,Преподавание и обучение,3.3342
d5e24cb085d72c2,test,Преподавание и обучение,3.3566
de7fa927ee4d4c1,control,Преподавание и обучение,3.9058
48d9c32238604a9,test,Разработка и инженерия,5.6857
28872384440ec4a,control,,5.322
fe77aca138538ce,control,Преподавание и обучение,5.9417
87e898aaf068869,test,,5.3696
d7e92c0dac17091,control,,6.8461
f831861e8f780a3,test,,4.956
8c5de13878f0369,test,,7.7098
fd40c5682590875,control,,4.5203
be106cddb2d4f35,control,Преподавание и обучение,5.135
18a795af4d837f0,test,,7.203
21061d2800dd30a,test,,3.5788
6a9d71c66974300,test,,5.9834
1fcab18067e7273,control,Преподавание и обучение,4.8856
95964bcda4c513b,test,Бизнес и предпринимательство,5.5461
1005c2483ff35a8,test,,6.5346
0321f497af7d862,control,,4.6955
db9c176bea2d631,control,,5.725
6d4bc41b8caf9a8,test,Преподавание и обучение,6.1489
341255b43858d10,test,Разработка и инженерия,4.9049
48e2170c4126301,control,,4.7407
86cd8ef89e9909e,control,,3.7094
bccb319639ee852,test,,7.0797
174498083bd2344,control,,4.662
13e011305067c54,test,Дизайн,4.6401
3988d80984b7908,control,Преподавание и обучение,5.0251
49314b48296355e,control,,4.3958
3e5fb47079d75da,test,Управление командой,4.8671
5260160e45202c7,test,,5.8383
e1d364877775581,test,,7.365
db457b10997e744,test,Преподавание и обучение,6.2829
a7b0f73be91ba2f,test,,4.9234
b2ed00c08b9a040,control,,4.8815
e1238948355836a,control,,4.926
2681e7a5c967927,test,,6.0409
3ed5e5deb248474,control,Преподавание и обучение,5.6016
59c009146bb4a14,control,,5.0442
3858f5f5cd437f2,control,,4.4471
2c126284ceac21e,test,,6.1282
057f0b7a9eb4913,control,Преподавание и обучение,4.7681
e382f4fe6646950,control,Преподавание и обучение,3.7965
5c5cb2a04fcdb5f,test,,6.5742
516887c746444d4,control,,5.9829
59f5b0ebb3e3282,control,Преподавание и обучение,6.4895
13197415545c226,control,Разработка и инженерия,5.055
cd3bfd189a2b3da,control,Другое,4.8244
b0cd8387f7aa255,test,Аналитика и исследования,7.3939
04829e082e1c79b,control,,6.3489
4682b3847719c52,test,Преподавание и обучение,4.4711
82f7d6deba6ac82,test,,8.736
41ce9272744f549,control,,5.4782
a66555fe25730d8,test,,3.4907
ac721d5b53c461d,control,,6.7903
6aeb3863ee9b77f,control,,3.5392
fe964bfb560f840,control,Преподавание и обучение,3.1936
e88ad1f0da8d65d,control,,3.3737
575193f1f820642,test,,5.0581
6799cc6c9fa4468,control,,5.1257
9a648c201edbee1,control,,4.0326
e526f2afed617ae,test,,6.5079
40d331ea5484425,test,,5.5204
833957db9e7188d,test,,6.9343
26a1e33aa6cf148,test,,5.5979
8c193a4ce10de39,test,,4.0463
5ff6dd27fcc59a5,control,Преподавание и обучение,4.9163
8e628868e8059d5,control,,6.8048
b34e304aad451d9,test,Другое,6.8653
16f92ce66d4853b,control,,3.1049
ff6be540bc5bae9,control,,7.1206
32e802ea72ccec0,control,Маркетинг и реклама,4.1704
8781e23c79219ec,control,Преподавание и обучение,4.7997
5aa0d5056770d78,test,Разработка и инженерия,4.2402
5b093fd4217298f,test,Управление продуктом,3.3112
28aa94f69a20196,control,,4.3716
3a25c1d29e619b0,control,,4.1901
18966c1b15e3f74,test,Преподавание и обучение,6.4217
cc00a8184104188,test,Преподавание и обучение,7.1304
3eb0b3b45bc0f6c,control,,2.8172
d96d5d716ae2a9c,test,Преподавание и обучение,5.6497
9c955e921a10021,control,Аналитика и исследования,7.133
a8707ee13174150,test,Преподавание и обучение,4.0333
a9511311243f6fa,control,Дизайн,5.9068
1f6ff73b2a6d480,control,Другое,4.3474
e599691cda7907d,control,,5.9988
317a0eba6f0364e,test,Финансы и консалтинг,6.071
41495dda761821a,control,Преподавание и обучение,4.5464
6fe5d6c11a11d53,test,,3.6796
6f6db302883f6b6,control,Преподавание и обучение,4.4306
9f2ba8c1a2e5589,control,Преподавание и обучение,4.0721
e26af7700063622,control,,5.8934
0abe0620d2f71ae,test,Преподавание и обучение,7.0544
082fdaeca373dd5,control,Преподавание и обучение,5.9152
ed4404736e15215,control,,6.1422
12226281ff923de,test,,4.9163
020526a9bee99e4,test,,7.5919
f24342a56a315e2,test,,5.7918
ec0fc32ab5a8d20,test,,5.7742
4a39ce8bde88f45,control,,4.6778
9ce1a94db532201,test,,5.2585
969590155e654c2,test,,5.5165
3aee68013e9514e,control,Преподавание и обучение,4.8168
c832520b2d9afb8,control,,7.1048
74970b9f879f26a,test,,4.7962
0303ea0484fa795,test,,5.4361
56c17874213cda6,test,,5.0368
d81f57155c5c102,test,,5.0037
e62e584a066bb7b,test,,3.6468
97692de8b5032fa,control,Преподавание и обучение,6.3102
4e01de0c7d312d4,control,,5.2854
a26064802536579,test,,5.7639
43f4d3d4b14efb4,control,Преподавание и обучение,6.8986
6bfe5f8996cca0f,control,,6.4802
fb535a05759ce6b,test,Преподавание и обучение,4.9146
3917c03099cc9fa,control,Преподавание и обучение,4.6038
cf745c2b69c2d29,control,Управление командой,7.2236
655e7b9d034e4e2,control,,3.9551
a79b8d1e20a5bc1,test,Преподавание и обучение,4.88
11fac2afd5ccd63,test,,6.0831
b3ae3d326dc1de0,control,,3.3852
df690b12d524426,control,,6.1766
e7d1d780412f85f,control,,5.3253
6c88d2f87be3934,test,,4.3285
ef657da61e1de81,test,,6.0252
006fdb09d2bacb8,test,,5.3708
fb2fd071c08c54a,control,,3.2824
91a34b4bf1be7bf,test,Преподавание и обучение,5.4382
0783cf8fe4848cc,control,Управление командой,5.5446
6d5fccb718a4fca,control,,7.4137
2be3ef2a25c5fea,control,,4.5547
15ba788da3e67e7,control,,7.172
58d9539062db68c,test,Преподавание и обучение,6.1161
3c28c5a7d729121,test,,5.8267
fbb07886426586f,control,Аналитика и исследования,6.084
60cdde8c9d40560,test,,3.5898
51cc9c11dfef047,test,Преподавание и обучение,6.8084
3181359383fd508,control,,4.1733
a8e3aeca202eb98,test,,5.3678
d6d52d78fc613d8,control,,6.5736
cbf5236123afc20,test,,6.1831
feacfbd0539ca42,test,,7.049
29dc1155e29e080,control,Преподавание и обучение,4.2537
efb7a3712e63294,control,,2.2216
88b004227fdc238,test,,5.9041
78428c476c04ca2,test,Другое,5.446
52ac2c28536f6f9,control,Преподавание и обучение,8.2226
f7c1c8931cc4a0a,control,,4.8582
851634febee72b7,control,,4.8351
c7be1a3dfe13f48,control,,4.1712
fd1010abe0dc783,test,,5.7497
ae0c65594a7af50,test,Преподавание и обучение,6.4358
432faff2e978a21,test,,4.9763
22c1f5a1ebc849d,control,,3.9949
e8d8360d2e1c768,test,,5.9306
e5747dc4cd6d217,control,,3.9989
f9abd65719d2f5e,test,,5.8432
267ded967b9115a,test,,4.7533
bea4cfc33eaa951,control,Преподавание и обучение,4.7826
c8a90704f32275d,control,Управление командой,5.1634
77dfb7c00809458,test,Преподавание и обучение,2.5439
d7766266bfbf09a,test,Другое,4.7701
3a51f8bd689a673,control,,5.9105
9a6b015e4017f56,control,Управление продуктом,4.5583
8f9f5b3c12284ca,control,,4.7289
4af9bd9aa9d0f5a,control,,4.5213
5b2c190b912a538,test,,4.5249
8082da40e767d32,control,,2.5005
416fe828da9f535,test,Преподавание и обучение,3.8711
237cfdc0d25984e,test,Преподавание и обучение,6.123
a173190c6ffa086,test,Управление командой,5.3113
cc5e3cb1d5cdb20,test,,6.517
868d7a7da6a74a7,test,Разработка и инженерия,3.9345
9d001886a7c08b8,test,Преподавание и обучение,5.2988
241660f319c1ac6,control,,4.5622
376bb3e45971ee5,control,,5.1547
339f1329ef3e782,test,Преподавание и обучение,4.7298
f6cf823e69754a5,control,Преподавание и обучение,3.0369
4e4e825659fc8b5,control,Преподавание и обучение,7.5992
a063a4019940f60,test,,5.7692
1638e006a323dcc,test,,3.9987
043f5f56ce531a6,test,,6.0292
790615f4e64973d,test,,5.6504
f5ef65930495353,control,,5.6433
d0f452ca58bce02,control,Преподавание и обучение,5.5235
7d2f0fa13980a22,control,,3.0002
31ff7e176f1af05,control,,5.6497
d0a4d49212ec74e,test,Преподавание и обучение,6.8763
cea603fc1e01e87,test,,3.4291
1e99467d3fba4da,control,,5.4453
9fa6cfa6fea0367,test,,6.0086
121619681a461b7,control,,7.7743
e84a05d45aaf4c7,test,,5.3902
7bb904114c8b16b,control,Преподавание и обучение,5.1137
ae10d122211289e,control,,5.357
8a03e89214c5b5c,test,,4.9023
8cd2f8227aea6f9,test,,7.8494
3cfcf6b01aef515,control,,5.8558
5cbedb810ca665d,control,,6.0589
10c7eef3130535a,test,Другое,5.1946
23187a24bcdc801,test,Преподавание и обучение,7.9048
d596817d8af2875,test,Преподавание и обучение,6.2442
d0d6ada334f80ed,test,,5.2571
69b4683df6fac60,test,Бизнес и предпринимательство,5.7954
688c50fa38287df,control,,3.8608
76855e7b54cbd33,test,,5.0033
aebb7c4571a2255,control,,5.8771
55d2d03bbf34176,control,,5.1772
5c852b93953c113,test,Преподавание и обучение,4.2905
3e584e41a63d4f0,control,,5.0598
6ca619a7750afdc,control,,5.8855
24fc29634663941,control,Разработка и инженерия,3.232
00633555e9b9819,control,,6.5289
5da5911b7c0c426,test,,6.4819
27f186ea2897313,control,Дизайн,6.2074
03f8b62a396bb26,control,Другое,4.2133
7f49cfa19bb62e9,test,Бизнес и предпринимательство,5.9915
d4642ee88bad562,control,,3.3773
a3b2807b5aae0fc,control,,5.4945
eb9e4686d925c0d,control,,3.9359
5923c3286d81f5d,test,,4.6889
cf6600afb0b8830,test,Преподавание и обучение,5.7792
0ac26148f28d2fc,control,,4.0727
a48fe0d30284fa7,control,,3.2748
3cd9e42e4422e9d,control,,5.6094
d92a23c2897d2d6,control,,4.9285
7fed1b8112b3889,test,Преподавание и обучение,6.4774
bb83995baa18740,test,Преподавание и обучение,2.6678
487d6bd9573c3b8,test,,3.6779
dd6b2589ee3beab,test,,2.7674
9dc47eb622b5368,test,Преподавание и обучение,4.3694
7d89fece243c072,control,,5.9282
8acdc0112f5b2db,test,,7.1612
f2894d6a2b76bb7,test,Разработка и инженерия,5.9317
f4aef70294dea6c,control,,7.007
35da5204a4c9e68,test,,3.648
4d992bd46242819,control,Преподавание и обучение,5.4245
c2908365bad795f,control,,7.2135
68d1640d4c9d0bd,test,,5.6363
4b2fc1de8259e4f,test,,5.7092
4c8b17ea9811b1f,control,,4.2585
5adeda43fae3d9e,test,Преподавание и обучение,7.1888
a615ef23595986a,control,,3.6941
fdb78e1bb9b50a4,control,Другое,4.0317
a140a570d40a7d5,control,Преподавание и обучение,5.172
cc3166867cffa4b,test,,3.2874
e828d331d672fb5,control,,5.801
62430f51d831b0a,control,,4.5198
b5e9e47c45f76f4,control,Преподавание и обучение,3.9424
fbc4ef39a92cb63,test,Преподавание и обучение,8.2593
b2eea571164535f,control,Преподавание и обучение,5.0026
86cd56a998287f5,control,,6.0422
ffee58859809a00,control,,6.1781
b9c923c3ec48a93,test,,5.6339
8817c061e9b79bf,control,,5.6328
e3f27b0f2a96fa2,control,Разработка и инженерия,6.4238
ad452bb8b313761,control,,4.8612
3e817ef89d23c1a,control,,4.8559
74306e63bab9c10,test,Преподавание и обучение,3.9094
a09482a3104ad22,control,,5.9658
2a4690dd0e850c2,control,Управление продуктом,5.1092
b1616d4512cfedd,test,,4.8368
e787c5b0edb9cb4,control,,4.7582
059e47aad6941ba,control,,5.7247
e82fdb691199ed2,control,Преподавание и обучение,2.3554
beab845798526e1,test,,5.5339
c80e37218619e73,control,,6.728
18f710be9bdfc3e,test,,6.7144
cef40cd851143bd,test,,4.8266
02136cb1e903362,control,Преподавание и обучение,6.2363
cbd3fbd54113da7,test,,6.0996
93b12d9edccebb0,control,Маркетинг и реклама,5.3625
417073b3f21754f,control,Преподавание и обучение,4.1424
a53f25c70f2c2a1,control,,4.201
9415ed0842905b4,control,,4.1721
8f05d5f425a86a5,test,Дизайн,4.4545
b7e7335e237c564,test,Преподавание и обучение,4.1669
c533c1696fd86b5,control,,4.4385
47cdf4c37234ce5,test,,5.537
2a00fd87e5e5a54,control,,2.8757
8629ff133f20094,control,,3.9213
7bfa3ddd05a7e27,test,,6.3466
fab13ea12d518e2,test,,5.7782
ca6ac50e3c7adfd,test,Преподавание и обучение,5.2703
c1ba81238e2e869,test,,5.0946
5b20e7fb9ca0df3,test,Преподавание и обучение,4.0576
8fcbdffd26b618a,control,,4.6934
8611937f03546f9,test,,6.3692
700fd86fb2468b6,test,Аналитика и исследования,6.0105
d62f66b11daedf2,control,Управление командой,5.0945
59f62aa77128f3d,test,,4.9665
38d0c558cac8043,test,,4.4007
1ecb2c0ad2c1ee3,control,,5.2117
026e58c604761a0,test,Преподавание и обучение,4.6113
5f696a6b63b100a,control,,5.9167
a7f3ac74ad43cf8,test,,4.9075
1e3bb0bf6aa6514,test,,6.1609
1a1b9f202638e91,control,,6.5213
8f96d48fed99fe1,test,,6.4201
e0b16bf484048b9,test,Другое,5.0529
a48418d257b5f09,test,,6.5585
1a33db60d9f5964,control,,4.8426
14063ab768c93f4,test,,4.8969
838c95f9e55d47b,control,,4.264
b6720f2be573ff3,control,Преподавание и обучение,4.1892
c0b392fe374bc17,test,Другое,4.3213
863db6461b319dc,control,,4.4847
6bde7ac9b5b2228,test,,6.2426
dd54054bd131d17,test,Преподавание и обучение,6.4099
2dbaba6c06dd910,test,Преподавание и обучение,6.299
dbc9242b41024bf,test,Преподавание и обучение,4.967
e008cf3d92ce36e,control,,4.3165
15f0b128116b9ea,test,,5.4621
26df626ef8f98fd,control,,7.6945
adea9aad0bbb4e0,control,Преподавание и обучение,5.6827
bfcafb07a3f04de,test,,4.4679
6a549435a5b3863,test,,6.6824
72620a81fcc12f9,test,,5.8724
f10a403ee309b63,test,,5.4288
fbc879dbc8a49bd,control,Преподавание и обучение,3.6498
f974cf1da97a2e9,control,,5.6431
c680be02f446cc2,test,,5.6738
8224a4f449f3e30,control,Преподавание и обучение,4.8398
257b780cb31753e,control,,4.0907
26a95f1790c15a5,test,,5.3735
98fcbedfdc4e411,control,Другое,4.6897
0b0dc61d0330772,control,,4.5077
db7dbded3d4383b,control,Преподавание и обучение,6.015
89ac933cea23cbc,test,Преподавание и обучение,4.9009
40b8cf1c24e8803,control,,5.2248
5bbf26b01bc1000,test,Бизнес и предпринимательство,6.1501
d09bd9fcf608bc4,control,,4.6432
2996200ecd6b436,control,Преподавание и обучение,5.3836
e59ef19af3b27a6,control,,5.4555
dea9db5fe780ba7,test,,8.5454
cf06bcd1865639e,control,Преподавание и обучение,4.0898
23acb400ace2d65,test,Преподавание и обучение,4.7301
fb5121edfb1d84f,test,,4.9635
a41254b82cae6dd,control,,5.4728
732943f56007ee6,control,,5.4063
34f149a4886324c,test,,3.2606
5bc0c486d93a6ab,test,,4.0764
3d8498638296594,test,Преподавание и обучение,3.9306
27a2fcfbb4fe543,control,Преподавание и обучение,5.7661
a2139d220c78fa6,test,,4.3606
75b6cfed95bff5b,test,,5.626
bc253b762e32695,test,,4.984
ad49390e9c42e9a,test,,4.779
082934719a15406,control,,3.1693
893506cb5b2d08d,control,,5.8171
3b7caeadf9729f3,test,,5.8453
5395de97abea3b0,test,,6.0232
baf094396a00361,control,,5.6229
a37d1892d358aa2,control,Преподавание и обучение,5.3734
d0b53d8f3e9ac6c,test,,5.4642
a739f6af1a0ce76,test,,4.5301
c4dfd2c98f6775b,control,,5.3424
10cf4ceab3c400b,test,Бизнес и предпринимательство,5.129
c61f20a60849a19,control,,6.966
8a454766e670af5,test,,4.2362
7770f0cec0ecd14,test,Преподавание и обучение,5.1654
7cd121694cf17ca,test,Преподавание и обучение,4.056
316a25ecf831d69,test,,3.327
0546b7f8f774a00,control,Преподавание и обучение,3.4287
ba1963c8cc6afe4,test,Преподавание и обучение,6.1796
7f89e0d56af44f8,test,,5.5116
161554403d9e88b,control,,5.4795
a0d5ed7173d84c2,test,Преподавание и обучение,5.1299
536ff6604458ed8,control,,4.0904
00dddcf769eba4b,control,,6.0087
5aa1742a0eb4c1c,test,,4.7548
bcc1afcb075bbff,control,Преподавание и обучение,4.1468
138cf75abbf5188,test,,4.8633
6c0bc6723ae8777,test,,4.7751
3be8cb60e4b9573,test,,4.0273
92db53b3417828b,test,Другое,3.7972
2d7a344f5cfaa9a,test,Преподавание и обучение,5.3061
ff936e5c47a3f97,test,,7.1338
5806bd21053a19f,control,,3.5058
78143c968ebbdf5,test,Другое,4.2319
e7fa9d62fd86871,test,Преподавание и обучение,4.2322
f7741a94782cdce,test,,5.0783
d591f6966855b55,control,,3.9649
f37699e49c2719b,test,,5.4531
8006569f5f9cbfb,test,,6.2124
135c4078f008972,control,Преподавание и обучение,5.7244
830b43c2f5b08eb,control,,3.4066
6ef0ac60d6c31af,control,,4.5164
98514a870e7a4df,test,,6.2482
6d28eecb8d0b5ac,control,,5.0053
6a19bf6fe3b261f,control,Преподавание и обучение,5.1579
a6b6c45baa9ce5b,test,,3.9921
d64395605b65bd5,test,Преподавание и обучение,3.8322
cf4b5e855ee57ed,test,,5.3008
d250522dd0dbfc6,control,,6.2668
b38b4ec726d8681,test,Преподавание и обучение,6.0772
25b4b3506038e93,test,Преподавание и обучение,5.0301
d65cb66c7f56e32,test,,5.5235
dc7dec0a4474db1,control,,2.9426
f6d43d90028d8e9,test,,3.8112
44977eb436cbfb1,control,,5.003
d0c35197e1ee5fa,test,,4.9986
0822916c4c6d878,test,,4.4665
4bc096396e58cda,control,,4.1226
2e3743614b4ae7b,control,,5.2337
49c846381ff7cf8,control,,3.7701
7bfac917235aaaf,test,Разработка и инженерия,4.9499
0e030b6e438a391,control,Дизайн,5.0422
3dda12a8fde12f9,control,,6.536
323addb99c9920e,control,Преподавание и обучение,6.1717
da84b2233b1695e,test,,5.2232
b174dbfb2affcaa,test,,4.9856
28064ee00ba894b,test,,4.8395
1ffbce4f9ae279e,test,,5.2408
f58e300fbb252ba,test,,5.7279
3c01d558ffc02e6,control,,5.6357
31c0a9522b88132,control,,4.4827
c87f1d5f50a8716,test,,6.4324
d3b901c87da83e9,test,Финансы и консалтинг,5.0792
b130e35da4e9236,control,,5.1991
a605bf7742ad104,control,,4.8752
2e04d33dc8e39dd,test,,5.5981
5371a56c1dfbfe6,control,Преподавание и обучение,4.4552
c2f3ff9189215ca,test,,5.9548
020644c712843cc,test,Преподавание и обучение,6.9842
962e2cdc55993ff,control,Преподавание и обучение,5.3464
852d32f226eb9b9,test,Преподавание и обучение,3.8795
f4638f4f0505511,test,,6.6317
147413a9b52493a,control,Преподавание и обучение,5.1262
e4c4f9c49c13611,test,,7.1567
b32748de2d9bc10,control,,5.3857
09686f8eb5ad100,test,,5.7153
e14f02cd3c2080a,control,Другое,4.7704
c3c488901606f5b,test,,3.7932
ff8da97a44f9236,control,,6.0749
86c838b1914e45b,control,,4.2665
7d85cb48d5bce63,test,Преподавание и обучение,5.2166
77f6d884474d0ad,test,Преподавание и обучение,5.321
f1fc53bb89053a6,test,,4.9276
963ffb0efb00a94,test,Управление командой,3.675
2991df3e2a867b5,test,,5.3319
e183f1ea5e18e19,control,Преподавание и обучение,4.758
95df78712564e2c,control,Преподавание и обучение,4.8953
ecbe14aca05627e,control,Другое,5.5908
05366bbd035a0c2,control,,5.4058
4ebb251fc99c245,control,Преподавание и обучение,5.1445
3027ad113787b23,test,,5.5962
71cb37e3fe33f64,control,Бизнес и предпринимательство,7.7385
86ef87a31020c37,test,,5.176
c7d11887c741a96,control,,6.7336
c059f5e894a8337,control,,4.4322
abc59338bd09eea,test,,5.037
5459b23f5215b6d,control,Преподавание и обучение,6.3743
e85d4f8ce4fd583,control,,3.5844
1cb08eae123cf00,control,,7.2949
005d5cc1195cf35,test,Преподавание и обучение,3.513
8a6740ddb6abefd,test,Преподавание и обучение,4.2751
9c0ae52dc4d152b,test,,5.7499
54b7e8907306383,control,Разработка и инженерия,4.1834
ca1b9d620c40cea,control,,7.6109
f2b3fce67f644ab,control,,4.5837
cbf77a3bab4ab9d,control,,4.9064
8e8710c4f63edeb,test,,6.7545
89514ba021d6619,control,,4.358
025c00e89689381,control,,3.6906
7fe600ee533a425,control,,6.4921
2da1377d83abafb,test,,5.079
91dc5ac5b6bbb10,control,Преподавание и обучение,6.3947
45abad586f249b7,test,,5.7547
5fc16c11b7622a9,control,,6.7406
f0940a5360097d7,test,Преподавание и обучение,2.6081
927039df81378c5,control,,3.0043
e93b3be011c7d43,test,,7.5161
cae1eefbf191b85,control,,3.0926
c3b23bb147dff35,test,,4.4973
7b8592820ee1911,control,,3.7621
3847a882ee07bfd,test,,4.581
16a322d74cb0354,test,Преподавание и обучение,4.6766
eea40dc92577d50,test,,4.7545
cfba669b4ea0143,test,,4.6666
d2c91bd87942afd,test,Другое,6.0745
e743e11ca681579,control,Преподавание и обучение,5.3246
993416717b57808,test,,6.5982
2a9da56ef809313,test,Другое,5.836
e883e614fe644df,test,Преподавание и обучение,5.2044
8ebea835f1974b3,test,Преподавание и обучение,4.6832
52dc49293520727,control,,4.9551
7dac53082623e27,test,,4.3905
1ff6dd99cfe08f4,control,Преподавание и обучение,3.0597
4c4eaefdef89d4d,test,,6.4635
f1ce49c39ae93ae,control,Преподавание и обучение,4.976
6994d34cefc1843,control,Разработка и инженерия,4.305
1b681b519278aee,control,,4.7449
109303ce0eb984c,control,,4.7132
def03a076251a95,test,,6.5611
52f7de417ddb757,test,Управление командой,4.7028
4fe8e7cd7fd9d02,control,,3.6188
56430dbc710cdd3,test,Преподавание и обучение,7.0552
4749b2afd5f0dfd,control,,3.449
638ea31c3600d4e,test,,6.0825
7a522e75b5829b5,test,Преподавание и обучение,7.9015
4b0366294d3c0e8,control,Другое,4.8155
9430b66c52dae20,control,,2.9176
446128cae9f28ad,control,,5.0819
7682006798ca731,control,,6.0371
5bf7ccc92f42123,test,Другое,5.7777
aa267e678fe34e5,control,,5.2303
aa4bd6bfba56c8c,control,,7.228
1ea61f4b72ec254,control,,2.9826
1ea30cd15e8037e,test,,5.5146
1dede9cd3453c72,control,,4.5178
c06a0e832da9fe7,test,,4.6635
9532081a0f6761a,test,,4.087
83fc43d3063d4c1,test,,6.0533
6e0a79643ffb343,test,,5.6425
216295f6e61e253,test,,4.4113
182a4a6bcb8e713,control,,5.3248
66b74084cf50712,control,,6.3715
dc299b8d091a28e,control,,6.2545
3f6007423a171b6,test,Преподавание и обучение,4.3621
7251468e9d47f88,test,,5.3715
a2930540f5a06f8,control,,4.5469
ca1a419a9b6bf9f,control,,4.9765
cb1bf5ccfc053df,control,Преподавание и обучение,4.2229
04c6c96c0b722a4,control,,5.6454
6275f543d788555,test,,2.8592
5eb003d5cd2af7f,test,,3.8457
09b36fce9fd5286,test,,6.7247
5ad59aef20f43e1,control,,6.5349
aa87cc32c2269dc,control,,6.7392
4a1f7795708fa0d,control,,5.9112
446edd5e7e5ab88,control,Преподавание и обучение,4.0786
96d684cc426b0ba,control,Преподавание и обучение,5.8496
63db834a1fc58fc,control,Бизнес и предпринимательство,5.6605
a8b2edb29f57bf9,test,,6.4924
c30c1a8c1572b76,test,,4.5983
cfc501620eafde0,test,Преподавание и обучение,5.1964
5cdd90910a78d91,control,,3.8692
aceedd7624380b3,test,Преподавание и обучение,4.9408
58c418cbd50bae8,test,,6.7535
0eca778c9fdfd34,test,,6.5228
0f0c5f11c4e6e15,control,Преподавание и обучение,5.694
4a66746d2b848e6,test,,6.9089
d3fad48920156a3,test,,5.0698
4211feb63d3f8cd,test,,5.2245
af1d9ef2119c0bb,test,,3.2566
cb7333ee465730e,control,,6.9937
1f854eb4bcce834,control,Преподавание и обучение,6.121
31627261d9f2e00,control,Управление продуктом,6.49
709951d84a379f1,control,Преподавание и обучение,6.5192
950b247b9f5959a,control,,3.843
d2359e1faff3c2f,control,Другое,3.639
22eb4072f0e5d09,test,,5.2349
70a3973909c59c5,test,,4.8011
f3b5fe81855d74f,control,Разработка и инженерия,4.1337
5709362f58589dd,control,Преподавание и обучение,6.5186
f4a057c9ce2a4d9,control,Преподавание и обучение,5.5755
8616d0172cc0794,control,Другое,4.8514
13e8eb27e41b289,control,,3.8891
8b2ac550f0f9d52,control,,6.2094
b39d225e4f48b03,control,Преподавание и обучение,4.9758
fe6cbb237be88c5,control,Преподавание и обучение,6.7094
6f7ef362ca2e746,control,,3.3822
36026b6197acaa8,control,Разработка и инженерия,3.8994
08f8756e8ddc494,test,,5.1458
61c0e0c803a1740,control,Другое,4.5947
3dde21b959eed5a,test,Преподавание и обучение,3.6539
0166cb2cb6f308e,test,Преподавание и обучение,6.3979
f76f79e65bb3752,control,,4.2437
1ced2e62c750e04,control,,4.1154
5e35f87a8b29591,control,,5.5285
d07912044b6292a,test,,3.0176
def0f1c456c8ddd,control,,5.1934
e6ea5cf80ab9f76,control,,5.0084
a1f3d720dd35c0e,control,Преподавание и обучение,3.4125
93b4292233ab8d6,control,,6.0593
5bd7b8cb3a98317,control,Маркетинг и реклама,2.5099
55dc626e4fdcaa7,test,,4.8397
03093f28c97a9e9,test,,4.8135
88cf4af3badb771,control,,2.0344
f0e41f792ccd76d,control,Преподавание и обучение,5.6156
e95505c6e0b2ec3,test,,4.038
bfdbba42a5d4538,test,,2.799
e904d7620ad0112,control,,4.891
e971098a46df4b1,test,,4.5252
728f74eee6dd80d,control,,4.8095
2e36bca7d9ba41d,test,,4.9471
cdc28b03de137ac,test,,3.0352
1cf9017e557042c,control,,6.7585
8da0d65084620c0,test,,4.4202
54c237b9eed483d,test,,4.2944
8234fae92bc569d,control,Преподавание и обучение,4.0546
f4c1b0c0f61496b,control,,4.9742
7d3ebbe6cd0edfe,test,,4.9045
2bcb5b576895579,control,,5.9245
c6991b83e400fa4,control,,3.7102
b64c8051070b3cf,test,Аналитика и исследования,6.0255
9472cbbfa69081f,test,,6.2207
d2842d037f5e3c9,control,,2.2459
fb88998473d8612,control,,5.8434
7cf6a12a4921661,test,,3.444
227f2bc8de42dbf,control,,3.8754
5ef4794086e127e,test,Преподавание и обучение,5.3512
9c3951d17f3f173,control,,5.236
902660ac3e388dc,control,Бизнес и предпринимательство,3.8862
eee735dca09048f,control,,5.2943
a46bc80563f53d8,control,,4.9452
5327fc2b24ad300,test,Управление командой,5.8203
0ee9edc065b57fd,test,,5.5081
9572fb8e19a1ff9,control,Преподавание и обучение,7.1882
7b6989cda619a65,test,,7.4056
831dc9e354bb513,control,,4.5873
936c44bd6db0365,control,,2.2298
5bcdb3959a105ea,test,,4.6643
d340f1321e09c5a,control,,4.3163
3253fb2dbbb569f,control,,3.739
8b8ccdbda899855,control,,3.1596
e353bbb805d30f1,test,,5.5743
1101636d9752a73,test,,5.0086
7bb6b33936f5164,test,,6.4251
2c3fcfb0de1fa6a,test,Преподавание и обучение,4.4731
b3667008ca77f80,control,,2.9795
3d01e04048ffaf3,test,Другое,4.7438
a48201bc8499485,control,Дизайн,5.1786
c92583f152a3bd5,test,,3.2999
c2cf74e6ece84f7,test,Преподавание и обучение,5.2347
971814308011596,control,,4.1498
1d265c430efc77a,control,,4.1313
d4895d531322d7c,control,Разработка и инженерия,4.3968
f8c8834947d325d,control,,5.9145
047c6dce8b58992,test,,6.754
b967fb880b1d43f,control,,7.191
38fa29c55818d62,control,,5.2936
7c69f81e41c3ae3,test,,5.0273
66d6ba86c6e95e3,control,,4.4592
5da8d30939481c4,test,,5.042
4496fe16bcf4693,control,,5.9032
870186d59f70d97,control,,3.7299
b52c2795da58037,control,,4.0201
98c69a96f9562b5,control,Аналитика и исследования,5.577
2c365ca450d3bec,control,,4.8528
d9567be57d5c608,control,,5.5993
223ad88e2cadab6,test,,5.828
a8456fee51f9c5b,control,,3.3804
c315191b4d02e11,control,Дизайн,4.9828
f6ec29930aaa0f4,test,,7.3143
e6390412f3261ad,test,Преподавание и обучение,3.8433
2a8883b25e66a69,test,,8.8691
21da4bd5d7a353f,control,,5.3981
add4ad45821807b,test,,4.4249
49b2f8df4632cc7,test,,5.6787
df3c121d09ed042,test,,5.408
494c2b73e30b665,test,,5.5783
6202616ffa28b4a,control,,4.5707
402fb84df667458,control,,5.3634
203ae88cd979254,test,Другое,7.2865
f355b2e20c18ba1,test,,4.7758
674a4a25e1f9479,control,,4.7206
ebb2f67a0371d16,control,,5.476
156f52c21ceac96,control,,6.0429
2d39b5d169f970e,test,Преподавание и обучение,6.102
f8e22f1d29525bf,test,,6.8198
180f54c793b935c,control,,4.4151
23afcde21fd55df,test,,6.2823
92d92d3ae1ccc31,control,,6.1356
4f77a24e32f9d2b,test,,4.4272
260905b00e51b82,test,Преподавание и обучение,3.9258
92636e19bc6bd0f,control,,5.5121
21155541dfc53c3,control,,6.7881
25c16457a073c69,test,Другое,4.7773
b658c40417b6cf9,control,,4.4787
802dcd6e0cc1ab9,test,,5.6668
4f56d86b3441118,control,,3.4716
242bd9a9d7e8ebe,test,,5.7587
ad1ce733e121ad7,control,,5.588
7d978a15dc6f423,test,Аналитика и исследования,5.311
b3b1b3a6abe744b,test,,4.1928
19460a4305dd532,control,,3.3444
b6f953eee5b0807,test,,3.1496
7c3a7379d8fdf9b,test,Другое,5.5302
099d168e4ddb421,test,Преподавание и обучение,7.0338
368e4af3fac477f,control,,5.7275
03486494ac61d0d,control,Преподавание и обучение,5.4487
a0690ac760312b5,test,Управление командой,6.1209
8a493a22ee64604,test,,6.2298
a4740f98d7b4329,control,,6.3263
ec93854708a5b6d,test,,5.1005
fadc9cedb7b4ca3,control,,6.1294
ca3c1bbd1296cc1,control,Преподавание и обучение,4.478
9715fdd3e15ac95,control,Преподавание и обучение,4.5413
945b0be2720f16d,control,,6.3891
6d404d4be2f4a73,control,Преподавание и обучение,6.2311
0fa553f41dffb75,control,,6.1002
a47ec67f7783ff9,control,Преподавание и обучение,6.4301
5efa2a699daf49b,test,,6.7083
ff70df702adee3e,control,Бизнес и предпринимательство,4.4261
5adac1e10d1e4a9,test,Преподавание и обучение,5.8456
42b59d43b49e1d6,control,Преподавание и обучение,4.6076
b760671f327049f,test,,4.4119
46d3b7821c2df68,test,,6.13
ebfe6fc66fb7628,control,,7.9413
3e7702a2e8ca030,test,,7.1514
516303d3e754c22,test,,5.3922
c2a17dd877f60b2,test,,5.242
06d9c047699c8c6,control,,6.3665
6644d61213d3527,test,Преподавание и обучение,5.4462
348dc33a50977a0,test,Преподавание и обучение,4.9179
85062b198c3d393,test,Преподавание и обучение,3.9917
7987a7cf0fe2894,test,Преподавание и обучение,4.3068
868110633e5ee94,test,Дизайн,4.5144
d1b64bb489bacad,test,,5.9263
49d244f454ff63d,test,,4.4864
a06531062738350,test,,6.0332
5091906a87c9b6d,test,Преподавание и обучение,4.1969
6b5d349e1d3d735,control,,8.0633
5e00f64112d0943,control,Преподавание и обучение,4.4388
df28fb8a7dd6d5d,control,Преподавание и обучение,4.1208
3ae5ee930dc00bd,control,,5.6161
d7f0a0bbc3227f8,test,Другое,6.627
07a0627da49a3cf,test,,4.1945
3684093b4ff7363,test,,5.336
10dc4abc64fcddf,test,Преподавание и обучение,4.846
3d8383174104f05,control,Преподавание и обучение,5.905
c02c17b616e8abb,control,,4.7532
2231942a5d3bf7b,test,,4.9427
a579ce98e88ced8,control,Бизнес и предпринимательство,3.6367
0734cf3e05fa7ef,control,,4.5272
256f0b32bf47d36,test,,4.6266
733d5b9c119b6f0,control,,4.7819
50082016c370dd8,control,Аналитика и исследования,2.894
4de1967b16cb3c4,control,,3.2269
e3f33257fcff17d,control,,3.0253
15cdf8a29fb1395,test,,6.2194
20abdbf587fc467,test,,6.4887
5cb2e12a27a3220,test,,4.7087
91915847d026c84,control,Преподавание и обучение,4.4852
6b093ca41937d48,test,Преподавание и обучение,5.3124
d79e5175b44aaff,test,,3.9432
c09d73ee0222235,test,,6.6182
e019f18a229644b,test,Преподавание и обучение,4.761
2ab9a5b147bb0ae,control,,4.7104
a14d85e5e358191,control,,6.7709
ca4b1d24af1032f,test,Преподавание и обучение,4.9061
ddf5f342c7e1c0a,test,,6.2721
0b5c0735f717705,control,Преподавание и обучение,4.0226
e88f019d949716f,test,,6.0298
88eef82ebfe9109,control,Преподавание и обучение,6.3724
338b454881f6760,control,,6.7896
1c44047c2c33363,test,Разработка и инженерия,4.4246
10e7880b8a99aec,test,,5.0941
d75e860514a2f79,control,Преподавание и обучение,7.0226
e8e2a29223f29d5,control,Преподавание и обучение,5.5165
130ff331496fe01,control,Управление продуктом,4.3854
260013bfe0b991f,test,,5.7033
568f108889345fa,control,,4.8578
ded0bb3fc87cce1,control,Преподавание и обучение,4.1352
6507cd77e57f68a,test,,6.1002
961638cfcd70bc1,control,,2.544
f0246d1480eac49,test,,5.0035
0f84149b7dc168a,test,,4.181
1e37087dae32395,test,Преподавание и обучение,6.8186
fa9925d0a45abdd,control,,6.4756
485f0b5ef9f4bba,test,Преподавание и обучение,5.7259
5262e53def2f08e,control,,4.1397
837fa64426e1c1e,test,,4.977
bb7d2a1db91620a,control,,5.4682
383bc04803ce52e,test,Преподавание и обучение,6.0018
1407104235156e7,test,,5.6962
98c695ddc05f0cc,control,,6.1969
e09b097de117a88,control,Преподавание и обучение,4.8059
e260109fbb75e32,test,,6.2956
4e820a3fb20d7f4,test,,5.0044
e2809ba6bf1bc1e,test,,5.4771
6137651934d4046,control,,6.1626
f0ae25e80006381,test,,4.717
faad681eea5a42b,test,Другое,5.312
a2c9d9fde27e3e3,control,Преподавание и обучение,5.2718
12f23768e911449,test,,4.1438
a31f0e8249b7812,control,,4.6967
5b2b3f98f42ebb9,test,Преподавание и обучение,6.7481
1ccd54ce53b1874,test,,4.049
508bdaded71e8ac,control,Разработка и инженерия,4.725
cd6b784be427d57,test,,6.8112
13e5e193c872d68,test,,5.5342
66d42a58df56a94,test,Преподавание и обучение,5.1842
c330bd34f5c9fb5,test,Преподавание и обучение,7.024
6f1f8d5fb893a2a,test,,5.4651
b774ecf2481f8eb,test,,5.5717
c3ec32b0874b3d4,control,,4.511
f878fb4cd62a391,test,,6.3846
abf338ec0bffb10,control,Преподавание и обучение,3.9703
d8eab305968ddf1,control,,6.8968
9a890d112417b0a,test,Преподавание и обучение,7.0248
163bbe51654767f,control,Преподавание и обучение,4.5781
a712cde660a5fa9,control,,5.169
fffb8f725c6f268,control,,4.8148
b85dbc3c6caae18,control,Преподавание и обучение,5.2012
eb11d78afd35c2f,test,,5.4847
b3ab0becb4cbe86,control,,5.5108
ee28afee7b8440c,control,Дизайн,4.836
e0f62c2e331445f,test,Разработка и инженерия,6.2891
ccc60e012de3770,control,,5.1311
716d5e1c6c842b9,control,Преподавание и обучение,6.4084
8ed13bbed6eaaf6,test,Преподавание и обучение,6.0335
235a1a06d79461c,test,,4.1879
4137cb0845ca475,control,Управление командой,2.9559
7a9523df13e77c8,control,Преподавание и обучение,6.4513
a6a10410eaeb912,test,Другое,5.649
e227ef58732288f,control,Преподавание и обучение,1.9951
9c577f95b60a7da,test,,5.9559
fe0649eb9497bcc,control,,6.7651
eefa3b8a180e1a5,control,,2.6746
d70d814368883ee,test,Преподавание и обучение,5.9545
4d785eed89c0690,test,Преподавание и обучение,5.5424
f39a37f5b11c7d7,control,Преподавание и обучение,4.3836
c18ecddefc5ebe1,control,Преподавание и обучение,4.6382
4c08c372e20842d,control,,5.5773
06ceac5687c818f,test,,3.2776
252dcb90e65dced,control,,4.047
c7e6a3ae5fa88ca,control,,4.2067
e8006d33ad55b97,test,,5.3013
3e39339c28fea95,test,Преподавание и обучение,3.0191
0a38451b457a0d6,control,,3.8467
4c3b71ca02c89e8,test,,4.8869
b78a29b002dea6e,test,,5.9368
54df77e359978bc,test,,4.3572
a97d1d7e49bafb2,test,,4.8057
bbc2df897c7ea97,test,Преподавание и обучение,5.0966
f5cee52f1d0bb78,control,Преподавание и обучение,4.9021
fab1fb4d0a4b4ee,test,,5.8656
86d3ae0ab03006a,control,Преподавание и обучение,6.0562
2aaa7e76d42c260,test,,5.5719
2e167c389e88448,test,Преподавание и обучение,5.0648
295aabfc3e6cf71,control,,4.8641
d4c1d9b65b08cbe,control,,3.6193
49cbb8a2e7148ac,control,,4.8523
a60f7c9905b4f16,test,,4.8589
47f1f03eb7686f9,control,,2.1448
10a318a335691a7,test,,6.1297
b81067e98afd423,control,,4.6349
06a73d495b1284d,test,Управление продуктом,5.6279
784b10bca1210ae,control,Преподавание и обучение,7.1613
0a373b920e75057,control,Преподавание и обучение,4.4319
e5bdf6922b75d99,control,,6.0011
26ea8b98357d281,test,,4.3746
4036d5890f90f20,test,,6.3114
d684a5199a20e18,test,,5.1199
8e0625feb0e62b5,control,,5.0997
2f893d00209c90f,test,,5.3342
2be362f33960f8f,test,Преподавание и обучение,6.413
ae695746f0e8e48,control,,4.1322
4a0b571d095f084,test,,6.6572
139f12c34cef555,test,,5.4038
3c5d7c78f2cfc54,test,,6.2478
7ba7cdf0c46cc95,test,,5.4205
35c98c84fb7e5d0,test,,4.722
96b0d042dc6c21e,test,Преподавание и обучение,5.2891
0a73fc7d9567353,control,Преподавание и обучение,6.6288
ee6dc9e5a6f849e,test,,4.6756
2c30a6e04a5f494,test,Преподавание и обучение,7.0853
db8b4930e49e665,control,,5.085
7cff620a58c1bfa,test,,6.1495
a4b2e9054ba3caa,test,,6.3494
5fc40abaf712e91,test,,5.3226
0eda071f10b3595,test,,4.567
89d7da3c8a673e2,control,,6.6306
6eb066bf29cd151,control,,5.6281
a3730e6ee93b57f,test,,4.0549
6f6743a36b48aed,control,Преподавание и обучение,4.2308
3d0e48c6b0f5fb6,control,,4.3996
90b7a366c881efb,control,Преподавание и обучение,4.8874
6f194c917e84ba6,control,,5.3755
4626cd3b6fd0154,control,,5.2648
d366ca0af23bd0f,test,,6.7053
213ddd9d41bdc52,control,,4.0913
8e6f906b3cb1318,test,,4.3505
dd2f0c28f77a693,control,Преподавание и обучение,3.4428
1fb3c0345ae6402,test,,5.2934
fa5978a277fb59d,control,,5.6219
680f00544637adb,control,,5.272
cba450fbdcbb1d7,test,,5.8645
dd9a82f1a50cf94,test,,5.9945
bb92abcd40e0917,test,,5.2105
252abcee5ae8125,control,Преподавание и обучение,7.3725
05b634f9fb4ded4,control,,2.1349
c68528a63f9d9c2,control,,4.3669
baacf1301a33b2a,test,,5.3228
462fd7173502eed,control,Другое,4.2687
f3cd3a36e9d7669,test,,4.6697
595ebc1ef597b13,control,,4.802
54c2ae9b92e1bd9,control,Другое,6.6399
add4af27c60751f,test,Преподавание и обучение,4.2379
7567c973fbc47cb,control,Управление командой,4.8216
125321c7460147d,test,,5.5132
9f48caaddc01021,test,,4.4883
6e3b4c361a10513,control,Другое,4.5615
e0c6e6e0892beb8,test,Редактура и копирайтинг,4.5389
fc6b742f10147e3,test,,3.6939
8a7fcd0dc92e9cb,control,Преподавание и обучение,3.8984
a5b7c42eb0c2803,control,,5.2657
095ed59795248b9,control,,5.3481
c1c25153370bea8,control,Преподавание и обучение,6.3004
382b33785f8fa56,test,,5.4829
b3c889b0f7a7900,test,,4.8893
466834d89e7c768,test,,5.6473
330d8a4266e6be2,test,,4.5083
3c8e2dd92fbcd01,test,Другое,6.5431
fa1345d5e787e6f,control,,6.5987
ecf96d92b6f22c6,test,Преподавание и обучение,5.0372
1e8b8bc27a597c0,test,,4.7306
221a64f615eb100,control,,5.1525
88425d4ac683cac,test,,5.0409
52ee44098a8d1f5,control,,4.5736
064891b747af62a,control,,6.0277
daf1c6837a00ee3,test,Маркетинг и реклама,5.2227
6cdca1363bd830f,test,Другое,3.5052
d211bb2ca76fa11,control,Разработка и инженерия,5.9959
a79308e74f3a40f,test,,6.4436
ed8818506754013,test,,4.447
68b1ef4b90c83dd,test,Преподавание и обучение,4.3548
909d284387b1ad0,control,,2.6256
4e2875e0dcabcea,test,Преподавание и обучение,4.7896
9bfc93531382532,test,,5.7097
ad716ce28e5780a,test,Преподавание и обучение,5.5449
cc056e6ab9b2fe1,control,Преподавание и обучение,4.4235
52dc3f0e5929162,test,Аналитика и исследования,5.457
ffd1f768b39f5a0,test,Преподавание и обучение,4.7381
93c311d693e748d,control,Преподавание и обучение,6.9897
b11d3dd58fd0949,test,,5.2041
37921a1d381280d,test,,6.562
1e6a493c8c4bab6,control,,3.9009
4244f7252548ee7,control,Преподавание и обучение,4.3323
b9f14ba3c922c96,test,Разработка и инженерия,6.2925
b9dbb6e1b1f38c5,test,,4.9977
80f473f9172e839,test,,3.8831
ab18193693e0dd5,control,Преподавание и обучение,5.6816
167ee871c8e5390,test,,6.7309
0b2512ed5de1816,control,,5.707
39db8ed2ef8da60,test,Преподавание и обучение,4.5315
a5356b4ef76bdc7,test,Преподавание и обучение,5.5508
4c17fa8dfae3dbb,control,,4.9073
3ced5440ca8a00f,control,Дизайн,3.0827
7f108d0d548a6b9,control,,4.0132
6458ba1068a98d8,test,,5.1162
06a9bcf774b3ca2,test,,5.9385
28834c1681ce964,control,Преподавание и обучение,3.652
cd7a865a98633e8,control,,4.826
bb59ae0c28c4753,control,,6.0081
e5f3199cc228a5c,test,,6.8478
f350869adc1a401,test,Преподавание и обучение,6.7772
bd3c21b8bfe3740,control,,6.029
8754499c737b7bc,test,,6.7387
1241c95d7f98d81,test,,5.5272
a1a1d224196ce75,control,,4.2084
baaca3693ce565a,test,,4.5772
d4cb2609fe1c174,control,,4.1698
655eef6545bb317,control,,6.0494
678772047e1118a,test,,6.3703
257f4923109e1d4,test,,3.5094
ca49f86da6ff4ff,test,,4.8472
e41aa71dde05692,test,Управление командой,5.4741
d61675a3356f23e,control,Редактура и копирайтинг,4.0252
86ae2e41f629c38,control,Преподавание и обучение,4.8793
97ec2e872eab9f2,test,Преподавание и обучение,4.5501
42e3f069439216e,test,Преподавание и обучение,5.3396
0d4026702527e2a,test,,4.7839
917e990e15b82ce,test,Преподавание и обучение,6.4683
b38133bdd5c85f5,control,,5.6669
09d5b8f152b4040,test,,4.3734
1e9cf35d21c1769,control,,4.1454
cde469f6f844dbb,control,Преподавание и обучение,3.3644
2d0ebde68ce414a,control,,5.4262
8ed4d1239f918a2,control,Преподавание и обучение,4.6941
4c89bed07deeac5,test,,4.9424
306938240e429ef,control,Преподавание и обучение,3.915
14f31812a520fb9,control,,6.4277
6f0895ce5ddd346,test,,4.2201
4b894f0124472f3,control,Другое,3.2261
2704521f651fcf0,test,,5.722
cf22fc46f3f8855,test,,6.0922
510427e55618a53,test,,4.5726
b0db64ae5a48828,test,Преподавание и обучение,3.2696
3c78d937bf2dd8f,test,,7.5655
08323293344d930,control,,5.4243
4932af3ad79797e,test,,4.3391
61ba3beb80786e4,test,,5.1688
6004368351fb8a3,control,,4.7684
49f653bac07e482,control,,2.2339
6dd595e6515adcc,test,Преподавание и обучение,4.9958
885d7b39eeeed05,test,Преподавание и обучение,6.5174
c9b77d51d93e709,control,,6.0981
9f370cd5dc82a19,control,Преподавание и обучение,6.2387
78cd3d4ebfe3ab7,control,Дизайн,4.3421
b0a67512f3fea2f,control,,6.4394
f4e8cbe96b5cd05,control,Преподавание и обучение,4.3643
ab36f0ee6e3bd51,test,Преподавание и обучение,3.9249
9bdcd529aad199f,control,,6.4089
8d5884532feb691,test,Преподавание и обучение,4.0957
c83cfa1c8fc3798,test,Бизнес и предпринимательство,6.4126
81b9dd0bcb7c730,test,Преподавание и обучение,4.5686
a8789409f3ac65f,control,,4.0304
d29bc77d537e438,control,,5.0801
4f495f2d97562df,control,,4.9682
e0e0f13a1bf2d35,control,,5.4027
fbe1bf947a713ae,test,,7.1295
1ae8693c85edcc0,control,Управление командой,5.5471
873bc93ab905319,control,,4.079
88f79fcf3564a47,test,Преподавание и обучение,4.4696
a11b69ffbbbc043,control,Преподавание и обучение,5.4029
e40ed20bafee26f,control,,6.6245
150bf4d6a14517e,test,,3.9679
42354b421cc79a2,control,Преподавание и обучение,4.838
a8766f3357618c0,test,,6.8181
04d20019c209508,test,,6.3624
359f3a0f027c35c,control,,7.6706
e17f3ad7b8dac7f,control,Управление командой,3.2066
0e141c6e289f750,control,,3.2149
66d8a5f19e919f4,control,Преподавание и обучение,4.9145
0ae025bd1da2c5a,control,,6.2965
bc0f2fb059c8da3,control,Другое,4.9195
cbc1cd6783dbc17,test,,4.2058
85014dafeeaf635,control,,2.8831
86aa4b41c421152,test,,5.2424
de1cd08c6a874c2,control,Преподавание и обучение,4.436
41c51e4643dd66b,test,,7.2394
306bb6b40e5db7c,control,,4.6439
8117ef4d03805c0,test,Преподавание и обучение,2.6535
cf74883f6ad6f8a,control,,3.2134
3e06afdac9c6dbd,control,,3.9883
7f227101ad4c5f5,control,,6.4468
9674764a9ca5889,test,,6.3569
2301216a7341f0e,control,,5.6216
04ae16e9a0d8faf,test,Управление продуктом,6.1303
a5606ea4911e6cc,control,,4.3432
f24c59772177192,test,,6.3541
8cd0c35283e6aa8,control,,5.4409
f16d8f54a83b424,test,,4.9605
39a2809ec870eaf,control,,2.5613
0f42bff48f5e202,test,,5.3129
e267fb44d73e042,control,Преподавание и обучение,3.5849
896dace419bb5a5,control,,4.6792
dc8943aa3f23c9d,test,Другое,6.0984
828e9d7c79ca44f,control,,7.6478
95acb1720c2aaef,control,,6.5404
262635cb1e8a46f,control,,5.8701
395087874856eb3,test,,3.9933
07a51e5369b4fec,test,,6.0857
fa4a0019a7528e7,test,,5.5639
1642000da66e4ac,test,Маркетинг и реклама,4.7393
bc491c21e8b0822,control,Дизайн,4.7398
48325e8b4fd3b6d,test,,4.4996
dd7a976902ecabd,test,Управление командой,5.1265
58df57832862252,test,,4.0541
f129452c8bc2bfb,control,Преподавание и обучение,4.7125
06b1505923476d4,control,,3.1374
d82b85dd5fc51de,control,Преподавание и обучение,6.18
691a06f02774298,test,Управление командой,3.9458
81831e2ee75d458,test,Преподавание и обучение,7.3246
0ac7d0f16db042a,control,,4.5586
9f3955c06125d91,control,,5.2379
204b44fbef59487,control,,3.0663
2d7322ed91dac56,control,,6.5224
fbd2a33749168ed,control,Преподавание и обучение,6.1743
e2d34533c4c5434,control,,5.4797
b85990b2b2798de,control,,8.6916
46a53a905a41513,control,,4.9499
c6c46bc7e4669ba,control,Преподавание и обучение,5.9591
09fc54f04616ba5,control,,5.8687
eb95cbce8c2bad8,test,,5.1212
4386d98aa853dd2,test,Преподавание и обучение,4.7451
982f9afcf31af76,control,,5.2711
6e7afe4f16c2fab,control,Преподавание и обучение,5.0686
2937e82cff5d7ff,control,Преподавание и обучение,4.6712
e6d3599a50b682a,control,Преподавание и обучение,6.4079
fb34de4b5d9d7b4,test,,5.1499
0aa92557119f02d,control,,5.4594
171b5205ed65672,test,,3.8776
6d78299a08de11b,test,Преподавание и обучение,3.6402
615f2ccc3598d50,test,,2.293
1751331295515b2,control,Преподавание и обучение,5.2085
01bf1a92b1d2418,control,,4.1872
fcb683110caf687,control,Преподавание и обучение,5.6055
f89dfcb1f404ecf,test,,5.9638
67c3f0a68d6446e,test,,5.4974
4cebfe54816370e,control,,3.0899
b5eaae61b1a1fca,test,,3.9354
021674fe43a80f1,control,,4.6936
65c88e828f0bef3,control,,5.446
2df1422195f7385,control,Разработка и инженерия,6.1246
402e5f5f9c7e547,test,,3.8176
5014670c73bbc30,test,,6.4062
3614a06458a7458,test,Преподавание и обучение,5.2528
d286f6bae527770,test,Преподавание и обучение,4.1308
1ac31a187ffd33f,control,Преподавание и обучение,6.9917
7dcc15c8d83f9ae,control,Преподавание и обучение,5.4711
8734eb4549c3368,control,Преподавание и обучение,3.2458
61671c6f8592590,test,,4.261
7c52c53b81ac7f7,test,Другое,7.3385
91a3375d4480811,test,Другое,3.3824
2da78f31331674b,control,,5.9026
5848ba337d2372e,control,Другое,3.304
d905e05187bbfc1,control,,4.7382
fd8423b3067e06b,test,Управление продуктом,4.0293
f71f3deb234a83c,control,,6.5208
a5222907d61863b,control,Разработка и инженерия,6.1507
c4fe829d6179ec5,test,,4.9083
cf05dff407f20db,control,,3.1482
bdad390d683885c,test,Преподавание и обучение,5.5939
353eb6cf420536f,test,,4.9789
03999284be77d03,test,,2.8861
e01c7d0c42fbf05,test,,5.4732
443a0632b1c8196,control,Преподавание и обучение,6.7287
cba3886de21f3a5,control,,3.409
b1201d725c03775,test,,5.0586
805422ec9e6bd39,test,,4.9196
4dba06ebd0bbb63,control,,5.1481
a23577fc7310613,test,,3.8674
37a992e2f3c5af9,test,Преподавание и обучение,4.5675
9778dd141e83aee,control,,4.0827
00c0c7210cb73c1,test,Преподавание и обучение,4.4146
2fbd98813afce6c,control,Преподавание и обучение,6.3245
bf31e4921ea4f60,test,,4.3081
1fe78a5b5b9d69c,control,,3.706
9263e95e2eee830,test,,4.6142
1951d7b77363e17,test,,4.2689
b16ba318fa0d042,test,,5.0934
a7389eef40ab6bb,control,Преподавание и обучение,5.4207
651b9d27bc47354,test,Преподавание и обучение,6.6687
2b26263b830522d,control,Разработка и инженерия,4.4038
e9a44e47d152b1a,control,,6.0861
bcdc95cb93d1475,test,Другое,5.4267
45a059ce8da12b9,test,,4.5777
cf4ba7d7864f310,test,,5.1329
fe293b6f2c50e4f,test,,5.6763
f74ff4c084caef2,test,Преподавание и обучение,4.3539
83dc5d20936b149,control,,6.3683
3dc041ecda91a51,test,,6.5659
2299e148fdbf6ce,test,,6.2846
f9e1d47199a79be,control,,6.3368
0e9dd0d9761a364,control,,5.2147
0e115f9ed03f463,test,,3.8047
cc0420b433e44a8,test,,4.1474
40adfc06cfd8f2c,control,,4.6283
f964941cb01bb73,control,,4.3852
e55e63f97b3c50f,test,,5.1481
2ff9e3be1aabd2a,test,,2.8728
fc729217398ff5e,control,,4.0432
4819e1803db86db,test,,6.7519
dd03cf3d4e22cfa,control,,3.9397
c33cb91b389af0e,control,,6.4989
75a9b74fe9af043,control,,4.1981
fe959d83ce0cd84,test,Маркетинг и реклама,5.0641
2afa703f6f1697c,control,,5.9149
ef3efafde6a0f66,test,,4.4013
59eb8edd1a9a472,test,,6.1455
1ebe722454c2441,control,,5.6221
6f6621b5dc7b82c,control,Другое,3.3335
09a4472365b0713,test,,4.7869
b789484ef2cb7e1,control,,4.4667
21090d1fc5c9c96,control,Преподавание и обучение,3.9807
60b338b05ad7c04,test,,5.9496
8f11b374aab8fc7,control,,5.1629
454c1d509f95fa9,control,,4.9947
7eec494a9238a55,test,Преподавание и обучение,3.9742
e6d692f3ccfac8f,test,,3.5517
a7a0f6aa7baf027,test,,3.6645
50b7dbd79b1ee3e,control,,5.1063
7aa0a4865e9a94e,test,,5.6454
554c88e2153b45c,control,,4.9972
36162aa56a48ff2,control,,6.8149
ace7d29a884d0b0,control,Преподавание и обучение,4.3219
5be95e7a7240d33,control,,4.3224
15f8eb92663450f,control,,4.5484
820b73ceb87dc44,test,,3.4471
8489d20cb9670b7,test,,4.885
c7499394479c912,test,Преподавание и обучение,5.0733
c2ba032ccc4caf2,control,,3.5611
a3ba481271fbcab,test,Другое,4.9793
81fb35c25b6e043,control,,5.8967
8d1f7cb154e6fd7,control,Преподавание и обучение,5.5408
a6b590e1ab02d1c,test,,4.3627
8729a60f9d6ba04,control,Аналитика и исследования,4.7412
5ece16641995486,test,,4.9551
d8ae083e0ccf395,test,,5.5262
f91be0b1ca28a90,test,Аналитика и исследования,4.7418
4cce36c35e08d9c,test,Преподавание и обучение,4.9861
b7a869baf705e66,control,Управление продуктом,4.8323
845009d1a28a6fa,test,,4.2548
8070d57bb9e1a2d,control,,6.5788
797e2d44e8298a7,control,,6.1134
33eab85f3109ce5,control,Преподавание и обучение,3.9393
16991f0352fbd04,control,,6.1823
e13b9778cda3b71,test,,5.9663
e210ab59032ded5,test,,4.0776
c26e4799483b672,control,,4.8303
80ef02e8e385541,control,Преподавание и обучение,2.9449
26097b8cef96dc5,control,,4.7711
60a224419cb8be0,control,Преподавание и обучение,5.1182
f37c3d874299998,control,,3.5492
962b175335671c0,test,,6.2249
ffea16b35c3b178,control,Преподавание и обучение,4.554
3b33eb9d9bed635,control,,6.3215
a1d0a6fc6906b24,test,,2.8513
a960b51cd7aa595,test,,6.5026
216a17f48fa3985,control,,4.5875
9b49c05c9ea9899,control,Преподавание и обучение,5.5504
0f8968fdf0f4a53,control,Преподавание и обучение,6.7665
1ba1dbd7fad0e6c,test,,4.9033
6cc967517b067ab,control,,4.7883
576d2e5f2e9def3,test,,5.1041
80652f46a205b52,test,Преподавание и обучение,5.3242
f3accdc562cee66,control,,4.1319
67dacbb563ef235,control,,5.4077
aea370205a9b992,test,Преподавание и обучение,5.1558
038eef7c42e232a,control,,3.0446
beddca0d7fdb0a0,test,,4.8298
82dcab46c91b6ea,test,,4.6779
8b622de2bf59adc,control,Преподавание и обучение,4.3779
84ac1877337c503,test,,5.0627
273a387e7166dd9,control,,6.2263
aba2fa04bfd30c5,test,,5.915
5f7da3fc62e800d,control,,3.9876
883c13d7f707e8d,test,,4.5637
331bcae6b83fd4d,control,,6.2953
8ad3f3909ec2545,test,Преподавание и обучение,6.7216
6cb88a79bae6a6d,test,Разработка и инженерия,5.1973
4d7f0a6933027cf,control,,4.0393
1098d7c5e778efa,control,,5.9623
1dbcec5b3ea7fe9,control,,4.9983
b69ba95133bbb98,control,Аналитика и исследования,4.9747
303f315e2b2c3d3,test,Преподавание и обучение,6.5182
acf2bfb8ed929a7,test,Преподавание и обучение,6.9606
2c395c6702d95e5,control,Другое,2.1959
4857c23b4f551e8,test,Преподавание и обучение,5.4123
146509dd8f9f6ce,control,,2.9118
779b164a03f282c,test,Другое,4.1337
2c2bb9ae464cdad,test,Преподавание и обучение,5.9622
7a15d4385686103,control,Преподавание и обучение,5.7796
7409f93d88191ea,test,Преподавание и обучение,5.5887
04099288212ebae,control,,6.7128
b6080540af28b8f,control,Преподавание и обучение,3.3258
5596a7b2e848d96,control,,6.6368
9cd5658f136494d,test,Преподавание и обучение,8.0605
0f2cd9b6d00756d,test,,4.0572
dea21a14f1c2aef,control,Преподавание и обучение,4.1287
ada5ddaf1039a4a,test,,4.8387
6a60ade4afcba22,control,,6.0402
0913ea09b25d680,control,Преподавание и обучение,4.3104
0c2f40cf7683204,control,,3.6403
176e5520c19fdf8,test,,4.7729
dba5be6d690a027,control,Разработка и инженерия,4.2604
1ea47501de8b4dc,test,,5.7825
bbf89d98689a59d,test,Преподавание и обучение,5.181
b83614b012d7157,test,,6.064
4a2467c7595c008,control,Преподавание и обучение,3.9037
0fb4b390e6571c3,control,,3.2142
fb8bc18c58024f2,test,,6.5478
a825aef7e2934e6,test,,3.1556
0222a34ca50aa35,test,,6.0693
e69f01786e6ad4a,test,Преподавание и обучение,5.4667
97b755c611fdd05,control,,5.1688
10bfc745d30156d,test,Маркетинг и реклама,5.3501
5ed4beca995d6de,control,,5.8499
ff2f2c8c55ec110,control,Преподавание и обучение,5.9858
3d0d17a05f75411,control,,4.3187
92a4fa8a9f596ac,control,Преподавание и обучение,5.5278
7eb75c9868e8273,test,,5.6191
09e4e5e2cd31f2c,control,Преподавание и обучение,4.1918
3a028caad4c2eb7,control,,2.3771
b4e56fdd32aea7d,test,,3.7582
f954d5bd25d7a2c,test,,7.8794
367e891ad5add0a,test,,4.6368
a5903b40aa0223e,control,,4.7252
21d3342e42bad59,control,Преподавание и обучение,7.0618
53aeec068d7ed78,test,,6.2701
44f2a7e7c45c7d4,control,,5.2789
a9fce387d675902,control,,4.9398
c250b41508ad4d7,test,,6.2012
f35acca1c1a4edd,test,,4.6802
d12cc8e548a3e96,test,,4.5756
db4892ff2222438,control,Преподавание и обучение,4.7635
c5562be4530fb8d,test,,5.7465
f64428d0a550273,control,,6.4051
d62f9e809f795cb,test,,4.5745
ab05aca0da3db30,control,,7.0269
0b13da87c1e9ef9,control,,6.7087
b31165201636220,test,,5.8627
58ca59d34c71514,control,Преподавание и обучение,4.8441
5b7ae6139e2203f,test,Преподавание и обучение,7.013
32f5a3ab04179c0,control,Управление командой,4.2621
9cf8a1b9cf62c45,test,,7.1675
7b7ad2d17feb6ea,test,,5.7577
05ccb82f5bd92f4,test,,3.6044
55774de511140b9,test,,3.7455
0606313a4afb631,test,,3.0983
62806bc4d25e283,test,,5.7853
71a73a481a7f842,control,,4.6257
0003b45b4d5054a,control,,4.7493
80b5eeeeb16967e,control,,4.6441
e075d253a58f5ad,control,,4.0935
383f0bbdd4142f1,test,Аналитика и исследования,3.7851
a1fbf7df6cf69e6,test,,5.5452
249a48e89ee5987,test,Преподавание и обучение,6.5295
ddcb1585501f77b,control,,5.0172
5f5845ca7f789a8,test,Преподавание и обучение,7.0967
17518215c636a4e,test,,5.8666
4795a580aad6e35,control,Преподавание и обучение,3.9666
ed844d866a319e1,test,,5.9398
d3ef6e671784dcd,control,Преподавание и обучение,3.3437
b9c664485d6d4c4,control,,4.5455
f92f927027817a5,control,Преподавание и обучение,6.7456
f2b6cc5325d4993,control,,3.2776
c19094617c83ea6,control,,4.2761
96e283558395942,test,,9.0274
067ef8ce62fc1aa,control,Дизайн,3.1474
c75f0c3ee971081,control,Преподавание и обучение,4.6766
811c38b7ad05883,test,,6.1828
67f4c34ef81fe50,control,,6.4776
861540f4cd295ae,test,,4.5395
4b5f9a295d3adfc,test,,5.5925
e15a8bad566cf22,test,Преподавание и обучение,6.0828
25965fc4b9b560e,test,,6.5928
a258d71ba1d5f1c,control,,5.9518
4b346a419c317f7,control,Преподавание и обучение,5.1925
a6cb0fcfd271977,test,,6.223
426c1bad3511dd5,control,,4.3963
69e5c89c40e7dc9,control,Преподавание и обучение,5.4477
4a6abb89b4d609f,control,,6.2283
ab4ea57aec6e9d0,test,,4.5919
b1bfe66932279e5,control,,6.1174
7109eecd8ca99b7,test,,6.4347
150c247946ca1f1,test,,2.1394
8943ce13da5d3dd,control,,3.6885
8bd43735912a714,test,,7.0934
80c1d756300d9d5,test,,6.861
0f1621629926911,test,Другое,3.565
7d5f843cd7cbe52,test,,2.7387
065324165388bdd,control,Преподавание и обучение,4.4461
4d0c95dce00fa34,control,,4.1166
cf58725671e1f25,test,Преподавание и обучение,4.7874
75f2fd8f9552ea0,control,Преподавание и обучение,5.208
6beda92480cc03f,test,,5.7865
ad54b470cfbc05a,test,,5.065
bf11fa09ed7cc39,test,Преподавание и обучение,3.6311
debe8e6b3b1a6ae,control,,6.4438
b55ac316e872078,control,Преподавание и обучение,4.039
f610b0484f8f979,test,,2.8226
9abe2a254629a49,control,Разработка и инженерия,3.8619
945fb78970e0871,test,,6.0713
dcd299830adc1e4,test,,6.6741
ef85748979cba90,test,Преподавание и обучение,5.3476
0c34f98d62433cb,test,Преподавание и обучение,4.7183
11fec8a7d24f848,control,,3.8725
3ef703d6e4e6e4d,test,Преподавание и обучение,4.9137
5663b71c3e3d7af,test,,6.3548
258a1674b3ab624,control,,5.0186
6a5e47785b12d81,test,,4.7198
181ea2defa3ed38,test,,3.9535
bc821666adfd500,control,Преподавание и обучение,5.3022
4b19108e1d97048,control,,2.8104
29ec69b52221c3d,control,,5.7681
14fde9e4ed22706,test,Разработка и инженерия,4.5091
0ac0fecab2b4fb9,test,,6.191
d233e155474e173,control,,3.5796
8e8283c4be8c990,control,,6.352
1317bf88c71ca50,control,,5.5645
24703c6454855f3,control,,4.9323
80ac33b47ce36e5,control,,2.1734
432849f84807758,control,Преподавание и обучение,5.3159
a4f56743c921963,test,,3.6681
ab23aeb35fa195b,test,,5.9537
cfe836b41c88bdf,control,Дизайн,3.8366
45bd33323b926a6,control,,6.1973
0df92598e0e03fc,test,Преподавание и обучение,7.6177
b71b7fcf9d88a52,test,,5.2671
323069e2fd20116,test,,2.5719
aa31cc37fbc5233,test,Преподавание и обучение,4.7205
fd32a1a483e2a3c,control,Преподавание и обучение,4.0968
94e90e41afd002d,test,,5.906
37a4a47a78ed947,test,Разработка и инженерия,5.8829
399a922060fc9b4,control,Преподавание и обучение,4.5038
9690db52a2b8547,control,Другое,5.8624
98042c3bb245b37,test,,6.7434
56428e12da17347,test,,4.9295
1a21c9758d14a11,test,,6.16
f8774d2a6ab0f01,test,,6.1164
fcb2ffb57098b7a,control,,5.3869
e83933269c20f9a,test,,5.1279
f83f035fb008dcd,control,,4.7732
a89962ee6cf28e9,control,Преподавание и обучение,5.5666
7286c88e0d80c6c,control,Преподавание и обучение,5.2466
b4b0ece8578d4d6,test,,5.4563
584da9e070db5c5,control,,4.5137
d53f2904019f797,test,Преподавание и обучение,4.9572
739ce7c9f512514,test,,3.965
6b5545b6ed7d6e9,test,,7.1897
a04fbe4e33fe534,control,Разработка и инженерия,5.6297
bb05d4d6d6c55c4,test,,5.4709
5253b628caf65a6,control,,5.8955
574f68084d2ca06,control,Преподавание и обучение,4.9709
8fc7548a7dc1294,control,,6.5026
7dc1c69fcbf0e8b,control,Преподавание и обучение,6.8002
d638b9b4925780b,control,,4.8489
92828898052a99f,test,,5.1089
9178d2d8c3418ee,control,Преподавание и обучение,3.9255
0bae989ad770c74,control,,5.5635
9a4be99e4a238cb,test,,6.3142
4496a899bf66760,control,,5.4812
f7820df32a17b55,test,,4.9628
7e76197f9860650,control,Преподавание и обучение,4.5692
d435362ced5d642,test,,5.0088
2a2e24bf40c4de7,control,Преподавание и обучение,3.3219
e56ecce42d39125,control,Преподавание и обучение,4.2096
1386dd3ad1a4458,control,,6.7851
655baa40679279c,control,,6.4488
540591daf1f2acb,control,Преподавание и обучение,3.7685
03033f14e3d9787,control,,4.2087
4ffb122d64c0090,test,Разработка и инженерия,4.597
cc0b69ee5fe80b3,test,Преподавание и обучение,5.0146
e72a0771671340f,test,,3.4662
fe91153e4c9b3fd,control,,5.9936
3e6a0bed7d0167f,control,,4.0811
098399de45cd62f,test,,6.8244
09d501ecc45b21b,control,,5.6444
352f3dbcd2366db,control,Управление продуктом,5.1763
0a30ecc83e394eb,test,Преподавание и обучение,5.2857
07d406316789052,test,,4.3551
3ac3fe51da19d2e,test,Редактура и копирайтинг,3.188
40e5875aeffa010,test,,5.1272
4cfb31a18be841f,test,,6.4036
d355d5f2827430b,control,Дизайн,6.4771
b1433cc02e02f82,test,Дизайн,5.7107
4dc3fc3e3c5b43c,control,,3.2232
4092cd1de0d532a,test,,2.3454
e0b0e988a899344,test,,5.2309
a1668c53a5d2139,test,,6.1065
04afc6df2878741,test,,5.8262
4e2ed5ed0bf7db3,control,,5.2922
83cf0b643e3a9aa,test,,5.4041
c1ab20c28ad678a,test,,6.1603
b0d0720c2b5061a,control,Преподавание и обучение,4.3903
45aada5b36a3c96,test,,5.4993
e74fb0832209c7b,control,Другое,4.5063
64eebbb10259df3,control,,4.3429
a6e91ba61a4f41f,control,,7.2787
35481787677851e,control,,4.8734
cd09ba174f5afb3,test,Преподавание и обучение,4.4639
8f568be83933aca,control,Разработка и инженерия,4.1451
96d61b351bcf81d,control,Другое,2.3522
50a2a07ca6462ef,test,,6.9032
91545a6a8d55931,control,,7.0952
deaa9d9c6169d59,control,,6.3448
220573a1f3ed7fc,test,,6.7376
73daf1f6286d5bf,control,,4.8382
baabee2513e8011,test,Преподавание и обучение,3.8964
93d0a351459f3d2,control,,4.3488
683a74f23b2e647,test,,5.2712
18b83be06468a40,control,,5.1884
0b6ace342c84165,control,,3.9588
1dd8bfdbbc3d4ab,test,,7.918
befe93d76a2fee8,control,,4.1418
81b300364f477c6,control,,4.9465
576198edb8acf09,control,,5.5911
9fbcf70c114bd36,test,,4.8276
bc325a87dd871d5,control,,4.8693
5fa16c9d7030586,test,Преподавание и обучение,6.941
f197fa4a5ad0fb5,test,,5.2182
db3b78d0d7a1eb6,test,,8.1771
3a8e6a1898e82f7,test,,5.9242
c2a58c58dc52b64,test,Бизнес и предпринимательство,4.7859
b65ae5792c182ee,control,,5.069
649efdc240ce9f8,test,Преподавание и обучение,5.3376
7da59bd62f3a507,control,Преподавание и обучение,4.2215
0164a5fa20b56fc,control,,5.6829
4507c3a739a3876,test,,5.9865
8a99380f3f11c1d,test,,6.5987
12d5ea9dcde3451,control,Другое,4.4902
c9dbc35d09529e1,test,,5.0388
5d0c0908ee77096,control,,5.152
2b36006bf663d4c,test,Преподавание и обучение,4.2282
9516219d25141db,control,,5.7728
107a712cee23c01,control,,4.2504
ca92a41e066c60f,control,,5.2035
dbaae889506f44f,control,Другое,6.2784
bd14aa54bbb4bca,test,Преподавание и обучение,4.7521
d7ca21f2c5d30bf,control,,3.6128
ff82eb0ba8ae1c6,control,,4.5697
3e2aa46d241e48f,test,Преподавание и обучение,3.9801
d0fa461f129fbc1,test,Преподавание и обучение,5.1426
e636c2afff18b2d,control,Другое,3.1982
dc2ec9723bdcb27,test,,5.189
7a0e09a44a327cc,test,,6.0196
585b46ad1325abf,control,,4.0113
9bcbb1aa2fe17f5,control,,6.5085
b35752a4a22dfb7,test,,6.2455
bb58008253b596e,control,Преподавание и обучение,3.0917
f681856cd108fae,test,Преподавание и обучение,5.1747
c23f9b13ff0bb3a,test,Преподавание и обучение,5.982
ea2608ae66d6a68,control,,4.2873
8848ef1b66dc6fc,test,,6.5624
6abc93582095b6a,control,,4.5971
cfc2c4661a5fa20,test,,4.1747
0a79eece9bf8c45,test,Редактура и копирайтинг,5.5816
ae8419d50cd9bf6,test,,6.1721
1f59d9307e9c909,test,Другое,7.4648
94396880492de2f,test,,5.0402
b8139775c85f9a9,test,,7.2465
abe0b90e3202aed,control,Разработка и инженерия,5.6339
eec5cabbe23d5ba,test,,4.1844
f4adfc770f96a9e,control,,5.0003
15b70262a652009,test,,5.74
c3961345aefcc02,test,Преподавание и обучение,5.605
1cd121c30e05046,test,,5.6005
c3106fe3f844b09,control,Преподавание и обучение,4.8248
105be665b8401a8,control,Преподавание и обучение,5.239
d1c7d4aa92e0358,control,Редактура и копирайтинг,4.5508
1f49bd08c537d9b,control,,6.1367
1544810a423f758,control,,4.7308
bf74af073a734fd,test,,5.8104
60521629f4db727,control,Преподавание и обучение,4.3685
fc29ce06ffe1bef,test,Преподавание и обучение,5.9169
4239d3223cef44f,test,,5.4882
0b220ba2fba3467,control,,5.353
4b8c5295944e0a8,test,,5.3908
8546c85eef62384,control,,4.6028
82beac088d4cfb0,control,,6.0721
153e83bab1bab6e,test,Преподавание и обучение,6.7114
ff17f936b1ee55e,test,Преподавание и обучение,8.2525
f7212df792b9a3d,control,,6.1567
103026045535a58,test,Разработка и инженерия,5.851
ff7c6c4511367e0,test,,4.5767
645fdc48774a4c4,control,Преподавание и обучение,4.9179
f77e51450d8af21,control,,5.5529
74e7f2198a86019,control,,4.053
08b14b016a60823,control,,5.7918
a9aec74e35d0a6b,control,,4.8732
e7bec8b584f3348,test,Разработка и инженерия,6.4952
d1bc7974c0624c7,test,Преподавание и обучение,6.0981
fed6a671eb3a791,control,,5.6352
00b483418caedea,control,,7.1194
2eed145aca19a1f,control,Преподавание и обучение,5.7061
a20f112e735de94,control,,6.0244
b1963f70b5abb6d,test,,6.3685
74b4c95626a6cdb,test,,4.6192
0639512e8fe50f7,test,,6.006
88e4d0997e97fc4,control,,5.4072
28d4d178af3a6a0,test,,3.3522
e58f675cf27ea48,test,,5.6193
a4dc8ee5e7fc146,control,,5.5796
20c114ec706f2a4,test,Преподавание и обучение,4.3752
454965d298a7771,test,Другое,5.1624
1ee574a1045de18,test,,6.2668
772f17c51b63a4f,test,,5.5538
f141a3e107f35c8,test,Преподавание и обучение,5.299
50e8d63f1879d09,test,,5.3392
a7e93bd808cc433,test,Аналитика и исследования,5.2497
0bc7f410edcb8e6,test,Преподавание и обучение,5.3258
86e9201c2f75db9,control,Преподавание и обучение,4.6911
e150b6e51de7577,control,,3.8158
976386d81ba633a,test,Другое,6.137
b7a1352d5afdc67,control,,5.1943
99144fc0a39a6c6,control,,5.3912
e16204ac93a087a,control,Преподавание и обучение,5.2307
12662b5d184c2b7,test,,7.1935
80be7e5335a267b,test,,5.4623
6173b13404f6fa8,test,,5.2248
4527203d4ad5458,control,,6.6184
f7d8e0c153ca0fd,control,,6.9525
c816ceeff5c8404,test,,6.4766
d37ce93e9502061,control,,5.7116
bb7f95e44a05c73,control,,4.1299
3b0c381a03835f3,test,,4.8814
3f8f6e02e1fd7bf,control,Преподавание и обучение,3.9537
22437f0d844de14,control,,4.1826
1cc5096115eb76e,control,,5.7023
02a7cb4c16adf63,test,Преподавание и обучение,7.3625
d348c5b3c978d10,test,,4.2352
86a11d7038a1826,control,,2.4451
4ff2a9d71de4694,control,,5.4611
c449a495642ffe5,control,,5.2623
d30130548d42469,test,,6.4266
641ec3817df9046,control,,5.4048
ab489d99b6a07fa,test,,3.4323
0936ccbd180c71d,test,,6.4316
74dd7fd87f5b85d,test,Преподавание и обучение,6.2728
09fba1f8371d811,control,,5.1237
605f6de1930dbbb,control,,6.0555
e668213d9e44440,test,,5.6899
e8c1d389c3bc27c,control,,5.6934
d0aaefe58ae8ba7,control,Преподавание и обучение,4.6269
03a40ab1828ec39,test,,6.8146
98307bc9d946be7,test,Преподавание и обучение,5.7009
8def53a9ab4e070,test,,5.7021
ba3944c4fb30d19,test,Преподавание и обучение,7.6065
9ee715cd77a731b,control,,4.8344
b091cafb576e9a0,control,Преподавание и обучение,2.164
870d13d52ceab9d,control,,3.6868
3e9a7222f47c7de,control,,5.6586
31ba7029dfd5fe9,test,,5.4947
84c17ad9da768d0,test,,5.3608
2eb3f8674e620be,control,,3.3
9c249a7953fc4e4,control,,5.3024
1842275fdb442c8,control,,4.6205
07b2f71389b6451,control,Дизайн,5.4482
fbb6a554ae6778a,test,,5.6991
aaeca3a4c2c17a4,test,,5.0012
6811c1a7b861e16,test,,5.131
ab571a210618d86,control,Преподавание и обучение,4.7363
74a190e27db62e7,control,,7.2107
41fad880bf62f34,test,Преподавание и обучение,2.9823
b1a2847a85d3fff,test,,5.2161
02d016be68f634b,control,,5.3173
e0b0885a697dae0,test,,2.6388
67326bc41aebc55,control,,5.7867
375086517521ccd,test,Управление продуктом,7.688
1926c20aaac2073,test,,4.7102
b07d869712f5daf,test,,5.7247
d22508dc5160b90,test,Преподавание и обучение,7.2088
bd2302cdb51f954,control,,4.0498
8098a6b1f839273,test,,4.1896
aecba3ba8a94fcb,control,Преподавание и обучение,5.4565
5bcaf322579b0d1,test,,5.7604
bbd68ed0c6b5d83,test,,4.3857
f0799b7bdb5f6da,test,,2.0181
f2e69b9db4b9a01,control,,4.6538
2f943ce031aa174,test,,5.2338
4f8cb2df19c513e,test,,4.4432
e6040a8a0247af5,control,,5.8437
9223b485b294229,control,,4.614
ecaa7a4a09ddd02,control,,5.1234
4b0e916b9f3941a,test,,4.6658
f8747bf7cccd93b,test,Преподавание и обучение,5.8469
1005e96a1823483,test,,5.278
62e020128b7b478,control,Дизайн,4.8004
0db13ed2233e908,control,Разработка и инженерия,5.233
cbc5408ad7ac4ef,test,,6.0418
c90c057bf3ae9ee,test,,6.3324
cb76797b7fbf508,control,,4.7564
8f2c687ab2a1db4,control,Преподавание и обучение,5.2367
81cdcebc9f56dfe,test,Преподавание и обучение,6.0412
90f8128e9599c9f,control,,4.9648
7f70fb4876d6a71,control,,7.7702
12154ce312d3f25,test,,4.7326
7011f049104994e,test,,5.3321
034a06bc4fc56dd,control,,6.7724
4f743e3e4d9757a,control,Преподавание и обучение,4.9664
0d520266e1f36b9,test,,4.7373
ef4c5acaf6bb21a,test,,4.5116
180ca65411f7d38,control,,4.3395
ea058ba960a5453,control,,4.705
e5e9d35d52bfd20,control,,6.0548
0cd8084a877edfd,test,,6.1775
00ed30c86c4eb38,test,Преподавание и обучение,4.3185
99b4bd126bcf5d5,control,,5.6765
d8bc8f7a33eb9aa,test,,3.5144
8e26945130bc6fd,control,Другое,5.0586
f41323728cbc6b1,test,,3.9436
a852066527849f5,control,,4.046
f9ac772c8fe2ab8,test,Преподавание и обучение,5.0418
4a466bc4880906f,control,Разработка и инженерия,5.8125
dba599370d5ea4f,control,,4.775
78e8305b2316564,test,Преподавание и обучение,5.0176
1ced9a457d53aa0,test,,4.8731
e65138a53f6a5f6,test,,3.766
17ae198643a47c3,control,Преподавание и обучение,4.7157
09c90c8ed58de68,control,,4.6059
b17d0c3c8af983a,test,Разработка и инженерия,6.7755
6907f29663b6112,control,,5.3805
12862ed6ad2abb8,control,,4.8709
3880d3609e5218c,test,,6.4289
f653fe492e7a69e,test,,5.0093
7d994e663ccf422,test,,7.2811
2462acbe1f3e3d4,test,,4.7137
9139f29a50d6451,test,,5.8737
1c7b7b1a8d695b6,test,,5.314
b63068e928cafa8,control,,5.2501
d758a503b46b088,control,Преподавание и обучение,3.84
8c85c8148ab2e95,test,Преподавание и обучение,4.2541
5364708cc7c2b0e,test,Преподавание и обучение,5.144
ee455c5459879bd,test,,6.5091
7dfee6d91ad526e,test,Финансы и консалтинг,5.369
157623179ec404b,test,,4.6873
c48c7ea3a3b37ad,control,Другое,6.1385
cf112035e14fe8a,test,,6.0395
d40ee2c275ffce0,test,Преподавание и обучение,6.6678
3165a5767d248f9,control,Преподавание и обучение,3.5655
45eb1f3911c4d2f,test,,5.5597
506afc5f35bf32d,test,,6.4993
7b5dadb294314e0,control,,5.4359
7c69f093139d8e4,control,,5.281
6782b320260e360,test,,5.8871
e922266396d21ff,control,Разработка и инженерия,3.8541
65b7d0781481686,control,,5.04
8520f05aa5bd16e,test,Преподавание и обучение,4.3639
c2a165fd574c7d7,control,,5.3094
a244186108779fe,test,,5.6164
27b94fed55e6ed2,control,,4.737
de25cc94f0b2ed4,test,Преподавание и обучение,2.6237
adb5fe679a7f19c,control,Преподавание и обучение,4.2645
29ea6bb2b59e85e,control,Дизайн,5.1868
c2a0344f9a2fdde,control,,4.1379
043b6730621c318,test,,4.0964
2134532747c2d59,test,Преподавание и обучение,6.3166
97bc7ee14a0ea9e,control,,3.6358
54916a270b8b910,control,,5.4417
0b6d33267066df3,control,,4.7741
8076aac7b0e219f,control,,5.7396
0b8d61b7d1926a9,control,Управление командой,3.3755
5b9e4aea900b0a7,control,,4.2291
db58d8781c20e58,control,,6.3793
4ca9e08ea3223b9,test,,5.124
40821c8831e1693,control,Преподавание и обучение,3.9041
15da12da3fdfe58,control,,4.0501
062805af3bf8c41,test,,4.712
559a8b19933d282,test,Преподавание и обучение,5.9704
31ea48499765107,control,,5.6923
bbf40353c0aa641,test,,6.7134
0ceaf6c686f3e46,test,,4.0373
74d6ba017c51bce,control,,5.7582
1aef41d5ad88260,test,,5.3776
0874f8dde0d1ad5,test,,4.3715
a745521d0341703,control,,5.7896
de3c39e9714e7aa,control,,2.7261
9603a48da834d01,test,,5.358
aa4bf31915e0abf,test,,5.0289
1b1120acc8c0935,test,,7.8983
6d42d4adaad7331,control,,7.1574
74ed715c3e9ef31,control,,3.4568
e571c94af20b045,test,,6.237
b307d23188289f3,test,,6.8943
8307121c421335e,control,Преподавание и обучение,5.0679
d1453483da8b0ab,control,Дизайн,6.1904
6bbd6eee4785671,test,,5.3717
788e874ec371ed3,test,,4.571
b7a03fb3701a37e,control,Преподавание и обучение,1.8958
1e29f2e230a5dc3,control,Преподавание и обучение,4.0297
3962a6788036d67,test,,6.2581
9ba77387d6c6aa7,control,Преподавание и обучение,6.5656
4634f8f10ecfd5b,test,,6.8192
e500be19008bda6,test,,3.0025
b26b7ccb7e2d48c,control,,4.6047
83514c8036e12b9,test,,4.9168
b7003ed5557dc3b,test,,3.0424
539102e82f1019c,control,,4.2336
cf0fb13d1a6dc31,control,,5.5704
1c4d327191cf545,control,,5.589
64e0cc0a5630d18,test,,4.7016
1fcd2de4c1e1752,test,,5.7388
b3edc4c5f71c005,test,,7.2455
f6eef63dbc02906,test,Преподавание и обучение,5.3287
c82272e32af8693,control,Преподавание и обучение,5.535
a69ba9aa6edbb3f,test,,7.2165
7916c6d81cc3120,test,,4.762
8c0ea4cfd8f7a8e,test,Бизнес и предпринимательство,4.1719
5bd56fb4438e860,control,,5.102
5db96869e8746c8,test,Преподавание и обучение,5.3646
04a05bcc3bbf58d,control,Преподавание и обучение,4.7874
e2b6179fd9c1118,control,,6.4175
e4c0746e9395b13,test,,3.6744
f38890336282173,control,,6.3055
ebba768c929aae8,test,,4.3636
a44654977871afd,control,Преподавание и обучение,5.4468
c204e5f0096f53e,control,Преподавание и обучение,5.3677
14f2d77810ba5bb,control,,5.3389
762dbdb0eefe0d4,control,,7.4302
ef08b7b0a9163be,test,Разработка и инженерия,5.6916
4f289117c6014ca,test,Другое,2.6706
3209280f5a66222,control,,5.0943
580709af355d368,test,,5.4467
7de6e2bfc997812,test,,6.2765
8324d6252778882,control,Преподавание и обучение,6.2184
782e02195073e95,test,,4.6909
18ed6e4ef6e0da1,test,Дизайн,3.0206
cb54f5529d94407,test,,4.7511
1c75b03ab4dda1d,control,Преподавание и обучение,4.5574
b0f82238a038a2d,control,,5.5962
f7c47dbab2115cb,test,,6.1179
92df6d801e5b01a,test,,4.6168
b03a2e482697aca,control,Преподавание и обучение,6.2223
475434684ac5309,control,,5.2225
6e1aabc28f1ad7d,control,,4.6602
50a704dd8086555,test,,5.4872
2facd6acbc91e36,test,Преподавание и обучение,4.1402
4646726c99b95c6,control,Преподавание и обучение,4.5666
f1e0343978ab470,test,Другое,5.261
0308197a491a074,control,,4.8833
c7adb72b7a9a641,control,Преподавание и обучение,3.6609
9f446c31e637a92,control,Бизнес и предпринимательство,6.5504
f5f1512575731b6,control,,4.4187
e23a0017ac3317a,control,Преподавание и обучение,5.1509
62a10693575fa5f,test,Дизайн,4.959
625f43ed5c833a6,control,,5.7056
9f4c814b06041fa,control,Другое,7.2755
9f81d65bace4cda,control,,6.4151
4f86b250e311d22,control,Поддержка и сервис,2.7418
0d2ed44e3cf4e66,control,Преподавание и обучение,5.6835
71a7766b8b85da1,control,,5.5265
2d625034800a757,control,,4.8184
671c5b6820d396e,control,Преподавание и обучение,3.9462
554321439b833f1,control,,4.2471
a6658472101bb63,test,Финансы и консалтинг,6.3104
02384fd857b88d2,control,Управление командой,5.5173
0f84753fb4cc29c,test,,5.4905
509aaed31753afb,control,,5.2167
24812bdf853a440,control,Управление командой,2.937
353e90393c19983,test,Другое,6.9199
ac0aad7e32e46ea,test,,5.566
0d836ee490d8185,control,,3.3463
312463a0639ec35,test,Редактура и копирайтинг,4.5199
9f554659f79be29,control,Дизайн,5.9848
8136f19421708f5,control,,4.8045
6e1752b5b83a99d,test,,6.2101
71189c410a24350,test,Преподавание и обучение,6.916
686965c501ca780,test,Преподавание и обучение,3.1567
c9a2505994d0675,test,Преподавание и обучение,4.7743
697ef979d31e06b,control,Преподавание и обучение,7.0365
a59d27103937a6f,control,Разработка и инженерия,6.297
9e7aa8b9f77eb1e,test,,8.9807
2c3de254471c9e4,control,,5.6573
9d620557c270cc2,test,,7.0902
3ce63382e4f69a6,control,,6.0354
106caf875820003,test,,4.6273
abd7b4326a702ef,test,Преподавание и обучение,5.2429
6eba19474accc21,control,,5.4161
235625a3c5dfce8,test,,4.3731
7c043e33c481cf5,control,,3.2713
b9ce5ece70bc9f5,test,,4.8065
51befd891e9aca1,test,,4.9726
19155ce3beb39e5,control,,4.3839
cac7def3a787717,test,,2.6328
1009a859eddf2b9,control,,4.6559
36c2c9cd4cc5642,control,Преподавание и обучение,5.4342
d29310e3b424f91,test,,4.2492
f5f36e430d1064d,test,Другое,3.7423
2cb0870b6e9ea91,test,Преподавание и обучение,3.4331
26ecb409a6c85b8,control,,5.1259
c741bbcc32e195a,test,Другое,3.1362
0b74217ebfa7009,control,,4.4043
b0f707fb8c38acf,control,Дизайн,5.1604
46f9f5689755737,test,,5.3489
e96a4a62a2551a7,test,,4.2915
e4c367f8cac00de,control,,6.5934
b886270cd25e08d,test,,4.5332
c79306bd7c3c3be,control,,4.3556
a3562a4a8f56301,control,,3.7601
60648adda3ca23d,control,,4.6606
8ebb861f233134c,test,,2.931
d92e072db80aaf9,control,Преподавание и обучение,4.2679
0cd3a8be572948d,control,Преподавание и обучение,3.4705
03464dd9b9f80b9,test,Другое,4.5002
c82976b07cb7aef,test,,7.0263
34d0afe43deb911,test,,3.0235
d135c729863ed17,test,,4.0684
64a7323f3230574,control,,5.2183
5a0ae1b05313f51,control,,5.5273
3cff2b209c255db,test,Другое,6.4895
a512c2ce1653ddc,test,,5.562
c8d56e106657b4f,test,,4.5049
51270dd0abfea87,control,,3.6623
e0aca366b866a49,test,,5.0268
43515f46150bb61,test,,5.7532
05715a4ecb5b10b,test,,3.7272
4b443d4fa4b9b51,test,,3.2189
b7e965fa00fc8c9,test,Преподавание и обучение,4.3459
5d2893a750d78ff,control,Бизнес и предпринимательство,2.4317
738f881224dd714,control,,4.3945
b209d1f5850b0af,test,Преподавание и обучение,4.9963
11064b3bd5f851f,test,,6.6391
e130d2786cd3397,control,,3.9452
3f2eaed5ef93a54,test,,5.5861
cf02a75929b03f4,test,,5.1019
c036842518df9da,control,Бизнес и предпринимательство,4.8446
953a1f288a44368,test,,5.558
04b4ac4a7983116,control,,2.4151
c0a9e166119f6ec,test,Преподавание и обучение,4.5235
22556ac38ec1806,test,,6.6293
9cae5a01261aed1,test,Преподавание и обучение,2.8953
de7ed1198bcfb8e,test,,6.437
ab863ad91948406,control,Преподавание и обучение,5.1804
acdc8960b80dada,control,,6.5465
29fbcfa84d64206,test,Другое,6.7023
b0b9977334537dd,test,Управление командой,4.4348
611cd0bc4b18f3b,control,,4.5142
158dec9502bc617,test,,6.7303
1b87c149b76429e,control,,4.1569
5e0e1c8d440126f,test,Управление продуктом,6.2272
c38c49109df51cf,test,,5.2214
f847390333c755a,control,Преподавание и обучение,5.8792
0eac1a35c313dd6,control,Преподавание и обучение,4.4825
eb51bbfc17e87ab,control,,4.6876
bf3b4807d893cc5,test,Преподавание и обучение,5.1599
a6bbc1aff17f60d,test,,3.9734
737c8ffb642418a,control,Преподавание и обучение,3.5863
d4a0a511cb10f88,control,,4.8241
e471e2b0c6252b7,test,,4.0137
75a12ccae3bd841,control,Преподавание и обучение,6.3008
5f7cd7a92ca52d3,control,,5.4895
275a1e6672c736a,control,,5.1416
9867d524703f6ed,test,Преподавание и обучение,6.0481
992808792a88fc6,test,Другое,5.3621
da43711acc1452f,control,,5.5906
bb3c23cb9a26f28,control,,5.386
ddb8c2930c8ae76,control,,5.2991
a9e47eca4a75826,test,,6.5911
e895c9c431215c3,control,Преподавание и обучение,5.1307
cc99cb40ba2ac1f,control,,3.7512
10bdd5b1363b7fe,control,Преподавание и обучение,4.799
1ca9712418558ba,control,,6.1581
0c5d1a5b8c90863,test,,3.9658
cd681f2d29ce1ef,test,Преподавание и обучение,7.3041
7a370ad3782f8ff,test,,5.2134
8f34bbff0284309,control,Преподавание и обучение,4.5598
34a929890f0d973,control,Преподавание и обучение,5.1142
31a562c595feee9,control,Преподавание и обучение,3.9324
e0c5e87ec3131f4,control,,5.2984
4b703918e4f3b34,control,,4.2919
bf1e8c6c8c0a9ec,test,Преподавание и обучение,4.7945
cfb06f82807d8ea,test,Преподавание и обучение,5.256
feabf81d2f7cc36,control,,3.4298
67bccdb8998a813,test,Преподавание и обучение,5.5083
f8815ad06674cf6,control,Преподавание и обучение,4.9817
9887cf0a5f4714c,control,,7.5935
8f5be780c2045f9,test,,3.0931
f3af0ac64043736,control,Преподавание и обучение,4.4012
765f4af1ee532e8,test,,4.7293
da283d0c3cb790c,test,,5.7185
96717f541a96618,control,,6.062
45261610068be27,control,Преподавание и обучение,6.0054
be4e9dd05f4c358,test,Преподавание и обучение,6.987
bf575e723edeb86,test,Преподавание и обучение,4.9153
d7650b27ba1f1a1,control,,3.6165
4e8a04e31218fdd,test,,6.4443
928cabfaa6149a5,test,Преподавание и обучение,7.0789
7892589b8f9265b,control,Преподавание и обучение,2.7571
015c4338592e4b3,control,,5.0925
e0144680e675f4e,control,Преподавание и обучение,4.6557
aa669f81c329849,test,Преподавание и обучение,5.8214
e3f2f631519a495,test,,4.8762
7d09ca2fa7144ea,control,Преподавание и обучение,4.3849
ad83ba9e02a25a0,control,Преподавание и обучение,4.411
d58c9c4b45724d3,control,,3.3632
f048637d109d908,test,Преподавание и обучение,4.2815
65b78ef5873d231,test,Преподавание и обучение,4.5367
816b00998afcb44,control,,4.193
df5c8e7d290149a,control,,6.3858
0db5267fab54f8d,test,,3.9929
6bea43ee738e123,test,,4.2309
10dab53947e6f66,control,,5.3542
82093f7de5c92a8,test,Поддержка и сервис,5.4281
66739c45e467b9a,test,,6.2002
b915bc12012c6a9,test,,3.7385
15d1982ce7798f7,control,,4.3784
ccc37879b742ef1,test,,6.4671
1eb09495e974ef2,test,,6.3229
6af2d40c41c7c12,control,Преподавание и обучение,3.0282
6495ce6045bf98b,test,,2.7005
01e1631999b3bb1,test,,5.443
a64f47d5c99ccf5,control,Дизайн,4.199
9b9f42858f7f9b9,control,,6.4384
d682e18698d2d5c,control,,7.9071
c13d96266dd651a,control,Преподавание и обучение,4.9988
903a188f0fd1c99,control,,4.1081
e90e786633b41fe,control,,4.7523
0101b9fac3363de,control,,3.7844
c5780cbf6fe2a30,control,,3.5987
12ec898588b56ef,control,,6.0117
f6ba14956fade56,test,,3.5975
8b27c75ebcab69d,test,,5.1769
a349b4e0e9f09d1,test,Преподавание и обучение,3.7326
4d1864ce62797c9,control,,5.9376
344aba0971d27e4,test,,3.731
d153a164dabc391,test,,4.0428
23701ed686f09a2,test,Преподавание и обучение,5.3253
17c541b8e886708,control,,5.4974
719f2bafaeca279,control,,5.596
97ba6f3246dcc0e,test,,4.76
50cc1af20b4ba68,control,Преподавание и обучение,5.5901
652388c3bf32b84,control,,5.1693
1be8bb67a9a78d5,control,,3.7629
bebc0470af71798,control,,4.3826
097f9cd0fe5e98c,control,Преподавание и обучение,4.3893
1ce14d8c442c078,test,,4.8817
dcfbd8ab49ba243,test,,4.3159
879d1e553f3af98,test,,4.6076
152f8dee39ae5f2,test,Преподавание и обучение,4.1021
a5b06da43382840,test,Другое,4.9255
30e1dec62fb4596,control,Преподавание и обучение,5.5233
fe14cc822b63e85,control,,4.4872
0af41449d9577ad,test,,2.5616
9abad8caec7d089,control,,5.8597
08c6cd90282dd4f,control,,5.8576
